SYNCOM 2 (A 26)         
1 00634U 63031A   26276.70299814 -.00000011  00000+0  00000+0 0  9990
2 00634  29.7525 298.8982 0007062 215.6061 176.5573  1.00279772231451
OPS 3674 (VELA 4)       
1 00837U 64040B   26276.98069376 -.00000141  00000+0  00000+0 0  9998
2 00837  48.4046 117.3999 6588914 257.0324   1.2707  0.24002368 54987
SYNCOM 3                
1 00858U 64047A   26276.74972728 -.00000364  00000+0  00000+0 0  9993
2 00858   7.2256  63.3141 0004764 164.9708 177.2317  1.00354323 54557
DELTA 1 R/B             
1 00862U 64047B   26276.11898293 -.00000305  00000+0  00000+0 0  9998
2 00862  16.6123 303.3808 7109534  82.2431 346.3788  2.05102695260378
INTELSAT 1-F1           
1 01317U 65028A   26277.27670998  .00000118  00000+0  00000+0 0  9993
2 01317   7.4171  62.5549 0008739 149.7877 109.6265  1.00226811128264
DELTA 1 R/B(2)          
1 01318U 65028B   26276.67557980  .00000039  00000+0  00000+0 0  9994
2 01318  17.3153 236.0427 6961147 206.5613 116.3354  2.11824769109638
INTELSAT 2-F1           
1 02514U 66096A   26276.83965762 -.00000077  00000+0  00000+0 0  9991
2 02514  18.3526  35.5439 6389435 218.1151  72.4269  2.00313178 96993
ATS 1                   
1 02608U 66110A   26277.29807023 -.00000130  00000+0  00000+0 0  9998
2 02608   5.2401  68.7508 0007200 186.4240  24.0304  1.00287079135891
INTELSAT 2-F2           
1 02639U 67001A   26277.31226361 -.00000125  00000+0  00000+0 0  9999
2 02639   3.5263  75.9371 0007314 192.2676 118.6712  1.00150102120336
INTELSAT 2-F3           
1 02717U 67026A   26276.85271273 -.00000082  00000+0  00000+0 0  9995
2 02717   4.3448  67.1185 0018104 222.2081 100.6060  1.00394197124982
TITAN 3C TRANSTAGE R/B  
1 02770U 67040F   26279.22876212 -.00001120  00000+0  00000+0 0  9992
2 02770  14.0762 203.8889 8041063   2.1379   0.0148  0.50943905 23867
INTELSAT 2-F4           
1 02969U 67094A   26274.31604243 -.00000278  00000+0  00000+0 0  9992
2 02969   4.3398  72.9980 0012867 147.1501 216.2023  1.00325976116381
ATS 3                   
1 03029U 67111A   26277.30959035 -.00000101  00000+0  00000+0 0  9999
2 03029   3.4518  77.0222 0015080  41.0681 261.2505  1.00271950215724
OPS 2222                
1 03334U 68063A   26277.29094112 -.00000009  00000+0  00000+0 0  9996
2 03334   5.6437 280.7174 0894691 235.7803 164.6323  0.99253872 27216
OV2-5                   
1 03428U 68081A   26276.74584035 -.00000220  00000+0  00000+0 0  9992
2 03428   2.2310  52.7327 0078864 282.9657  62.8870  1.01558685122156
LES-6                   
1 03431U 68081D   26277.22326189 -.00000085  00000+0  00000+0 0  9993
2 03431   1.7448  45.2266 0007977 287.0886  11.1955  1.00351698121875
TITAN 3C TRANSTAGE R/B  
1 03432U 68081E   26277.18540536 -.00000085  00000+0  00000+0 0  9993
2 03432   2.1915  52.8255 0092676 276.5498 154.9946  1.01519902123091
OPS 0757 (TACSAT)       
1 03691U 69013A   26277.18731204  .00000042  00000+0  00000+0 0  9992
2 03691   3.1199  73.4981 0022818 176.3296 245.5873  1.00446526115202
TITAN 3C TRANSTAGE R/B  
1 03692U 69013B   26277.31931360 -.00000279  00000+0  00000+0 0  9996
2 03692   1.5917  77.3294 0164346  39.7179 174.1357  0.97537108 43383
TITAN 3C TRANSTAGE R/B  
1 03956U 69046F   26275.71556207 -.00000439  00000+0  00000+0 0  9998
2 03956  17.6664  36.5401 8006251 273.3774   0.9124  0.46185157 21601
ATS 5                   
1 04068U 69069A   26277.07265152  .00000005  00000+0  00000+0 0  9993
2 04068   0.4483 115.8486 0005986 156.7259 322.0673  0.99494528 47414
ATLAS CENTAUR R/B       
1 04069U 69069B   26276.88302886 -.00000360  00000+0  00000+0 0  9993
2 04069  17.1841 262.9598 6661977 283.9286  14.6762  2.04800714427436
SKYNET 1A               
1 04250U 69101A   26277.30947684 -.00000104  00000+0  00000+0 0  9997
2 04250   0.7149  80.6284 0026429 161.4268 137.5854  1.00267748135606
NATO 2A                 
1 04353U 70021A   26277.31070660 -.00000128  00000+0  00000+0 0  9992
2 04353   0.3104 347.4758 0003897 241.9893 154.1052  1.00277839126864
INTELSAT 3-F7           
1 04376U 70032A   26276.80999793 -.00000277  00000+0  00000+0 0  9994
2 04376   2.7019  85.6157 0003405 197.9162 162.4584  1.00273849 48455
INTELSAT 3-F8           
1 04478U 70055A   26276.93860194 -.00000169  00000+0  00000+0 0  9998
2 04478   5.7218  68.0659 0320092 120.4741 211.3284  1.02266104123938
OPS 7329                
1 04510U 70069A   26277.29607141  .00000107  00000+0  00000+0 0  9992
2 04510  10.7096 153.9445 1011857 113.4422  62.5129  1.00191191 25887
ATLAS AGENA D R/B       
1 04511U 70046B   26276.51210119 -.00000069  00000+0  00000+0 0  9995
2 04511   1.9721  82.6374 0030662 311.2033  49.0379  1.00443820 26645
OPS 5960 (DSP 1)        
1 04630U 70093A   26259.65493213 -.00000159  00000+0  00000+0 0  9993
2 04630  15.2605  34.4960 1359599 281.5344 116.6838  1.20217139244940
TITAN 3C TRANSTAGE R/B  
1 04632U 70093B   26263.69704228 -.00000139  00000+0  00000+0 0  9993
2 04632  15.2652  34.1078 1367854 281.8560 268.4602  1.20232042143557
ATLAS CENTAUR R/B       
1 04882U 71006B   26277.20159248 -.00000165  00000+0 -65338-4 0  9993
2 04882  27.4842 219.8705 7166116 116.2754 331.3297  2.20763283445607
NATO 2B                 
1 04902U 71009A   26277.30936578 -.00000104  00000+0  00000+0 0  9991
2 04902   0.8996 237.5376 0003200 287.2564 214.7889  1.00271393119737
TITAN 34B AGENA D R/B   
1 05054U 71021B   26277.20890664  .00000478  00000+0  36252-3 0  9993
2 05054  63.5070 352.6797 7322554 267.5414  15.2356  2.20349750 59517
OPS 9431 (DSCS 2-1)     
1 05587U 71095A   26277.31014488 -.00000115  00000+0  00000+0 0  9996
2 05587   1.3233 249.1148 0006791   0.1824 132.3825  1.00259993123116
OPS 9432 (DSCS 2-2)     
1 05588U 71095B   26276.98130442 -.00000259  00000+0  00000+0 0  9997
2 05588   1.2832 250.8861 0003105  44.0973 165.7984  1.00153692 48458
TITAN 3C TRANSTAGE R/B  
1 05589U 71095C   26277.24338562 -.00000249  00000+0  00000+0 0  9990
2 05589   2.9963 272.0512 0165496 189.9293 337.3224  0.97189366120487
INTELSAT 4-F3           
1 05709U 71116A   26277.24937236  .00000066  00000+0  00000+0 0  9997
2 05709   6.1392 289.9327 0009280 126.0204 282.1432  0.99618270119968
INTELSAT 4-F4           
1 05775U 72003A   26277.24459896 -.00000212  00000+0  00000+0 0  9991
2 05775   6.4958 293.5373 0000819 199.7758 311.7256  0.99838239138484
ATLAS CENTAUR R/B       
1 05816U 72003B   26276.36769913  .00000043  00000+0  17654-2 0  9990
2 05816  28.4344 282.5769 7182500 318.2929   8.4503  2.20987277440757
OPS 1570 (DSP 3)        
1 05851U 72010A   26277.24338562 -.00000237  00000+0  00000+0 0  9997
2 05851   0.6870  91.5409 0010465 179.0809 168.1865  0.99782505 27010
TITAN 3C TRANSTAGE R/B  
1 05854U 72010B   26276.20368559  .00000079  00000+0  00000+0 0  9997
2 05854   1.1972  89.0270 0063488 342.3582  18.2849  1.00662180 25997
INTELSAT 4-F5           
1 06052U 72041A   26276.41565121 -.00000375  00000+0  00000+0 0  9999
2 06052   5.4708 285.8026 0005139 303.4898  56.2872  1.00114889 47747
ATLAS CENTAUR R/B       
1 06058U 72041B   26274.87590319 -.00000212  00000+0 -35207-3 0  9992
2 06058  26.3444 196.8781 7175869 158.9690 260.3336  2.22595224439771
OPS 9390                
1 06317U 72101A   26277.27059909 -.00000396  00000+0  00000+0 0  9990
2 06317   8.8943 231.2382 1211854 118.0989 249.1088  1.00317750 26600
ATLAS AGENA R/B         
1 06318U 72101B   26275.52560282  .00000029  00000+0  00000+0 0  9990
2 06318   8.4338 218.8970 1258544 193.3824 162.9247  1.02314244 28428
OPS 6063                
1 06380U 73013A   26277.04890473 -.00000109  00000+0  00000+0 0  9999
2 06380   0.1877 184.7716 0022172 356.4994 285.1281  1.00268068 27513
ANIK A2 (TELESAT 2)     
1 06437U 73023A   26277.28498581  .00000003  00000+0  00000+0 0  9995
2 06437   6.6844 295.0664 0008772  75.6876 293.3176  0.99803806 48247
OPS 6157 (DSP 4)        
1 06691U 73040A   26277.21383215  .00000021  00000+0  00000+0 0  9996
2 06691   0.7488 203.6204 0007883  71.7443   3.2598  0.99826117 27032
ATLAS CENTAUR R/B       
1 06779U 71116B   26276.87374202 -.00000220  00000+0  11080-2 0  9997
2 06779  28.4129 348.0907 7187757 203.6532  91.5848  2.19688268417851
OPS 7724                
1 06791U 73056A   26276.31947887  .00000328  00000+0 -54230-3 0  9994
2 06791  62.9213   7.9780 7343297 281.6993  11.1397  2.00674371 51785
ATLAS CENTAUR R/B       
1 06797U 73058B   26276.98485841 -.00000098  00000+0  27928-3 0  9990
2 06797  27.2985 148.0056 7188108 354.4657   0.7942  2.21956434429749
COSMOS 637              
1 07229U 74017A   26277.29382556  .00000079  00000+0  00000+0 0  9997
2 07229   0.5716 241.6584 0038032  91.3799 356.9507  1.00779920123304
WESTAR 1                
1 07250U 74022A   26277.28697916  .00000071  00000+0  00000+0 0  9997
2 07250   6.8655 297.2048 0004021  21.0178 356.3650  0.99902675123421
TITAN 3C TRANSTAGE R/B  
1 07324U 74039C   26277.23540169 -.00000296  00000+0  00000+0 0  9999
2 07324   2.4732 257.0701 0032285  89.4679  47.4250  1.00722385120723
SL-6 R/B(2)             
1 07373U 74026E   26275.89164274  .00000195  00000+0  00000+0 0  9995
2 07373  64.0352 279.8679 7040156 268.1866  17.2390  2.06583828389161
MOLNIYA 2-10            
1 07376U 74056A   26277.07393033 -.00000365  00000+0  00000+0 0  9990
2 07376  65.2276 289.5570 6673653 267.7357  20.5998  2.01200719381920
MOLNIYA 1-S             
1 07392U 74060A   26277.05877896 -.00000320  00000+0  00000+0 0  9996
2 07392   1.1182 244.2794 0009044 296.0791 315.0244  1.00230081135260
WESTAR 2                
1 07466U 74075A   26277.18237201  .00000089  00000+0  00000+0 0  9999
2 07466   7.0217 298.9715 0004684 245.8379 283.7542  0.99854214138749
INTELSAT 4-F8           
1 07544U 74093A   26276.93236318  .00000114  00000+0  00000+0 0  9995
2 07544   7.7444 303.8443 0003692 236.6367 214.3185  0.99782948126296
ATLAS CENTAUR R/B       
1 07545U 74093B   26275.37410932 -.00000146  00000+0  16795-3 0  9997
2 07545  26.4375  17.7842 7204358  20.1008 357.5837  2.21272469289270
SKYNET 2B               
1 07547U 74094A   26277.27345910 -.00000351  00000+0  00000+0 0  9990
2 07547   3.3026 279.8619 0003085 252.8240  68.6877  1.00322994125853
SYMPHONIE 1             
1 07578U 74101A   26277.25163873 -.00000210  00000+0  00000+0 0  9991
2 07578   4.3026 275.6700 0003635 332.4075  13.5046  0.99966407118281
COSMOS 706              
1 07625U 75007A   26277.03814838 -.00000914  00000+0  00000+0 0  9991
2 07625  63.9041 142.2293 6836073   3.3061 359.7389  2.00444383238627
SMS 2                   
1 07648U 75011A   26276.87844124 -.00000222  00000+0  00000+0 0  9995
2 07648   5.2031 282.1961 0014871 285.2700  55.8678  0.99509948136756
MOLNIYA 1-29            
1 07780U 75036A   26276.41364789 -.00000089  00000+0 -14809-1 0  9999
2 07780  64.2240  48.6717 6946708 278.0425  14.7439  2.00624251377099
ANIK A3 (TELESAT 3)     
1 07790U 75038A   26277.29875704 -.00000140  00000+0  00000+0 0  9996
2 07790   7.4681 302.0330 0001497 294.7359 148.2497  1.00035921131058
SL-6 R/B(2)             
1 07800U 75036D   26271.99088988 -.00000650  00000+0  00000+0 0  9993
2 07800  63.7944 133.6869 6689949 281.9161  15.2900  1.96861169369232
ATLAS CENTAUR R/B       
1 07902U 75042B   26276.92794391 -.00000081  00000+0  17140-2 0  9997
2 07902  25.4699 217.9212 7185316 355.1891   0.4326  2.21161399283419
ATLAS AGENA R/B         
1 07964U 75055B   26276.82535903 -.00000293  00000+0  00000+0 0  9999
2 07964   9.3792 230.0722 1193463 149.3535 218.1191  1.02092565 27801
SYMPHONIE 2             
1 08132U 75077A   26277.10289831 -.00000160  00000+0  00000+0 0  9992
2 08132   3.7645 273.1104 0004359   8.9265 116.1561  0.99982723143547
MOLNIYA 2-14            
1 08195U 75081A   26276.34231362 -.00000487  00000+0  00000+0 0  9999
2 08195  64.9160  21.4069 6864935 281.9187  14.1619  2.02106300374594
INTELSAT 4A-F1          
1 08330U 75091A   26277.28645914  .00000063  00000+0  00000+0 0  9996
2 08330   7.6439 303.5908 0006271 270.0992  98.2664  0.99933979122567
ATLAS CENTAUR R/B       
1 08331U 75091B   26276.51190015 -.00000219  00000+0 -12655-3 0  9997
2 08331  21.6948 126.4007 7200741 231.9043  38.8551  2.22312907411217
COSMOS 775              
1 08357U 75097A   26276.97003770  .00000139  00000+0  00000+0 0  9998
2 08357   2.0879 257.9357 0009869 200.3109 301.2269  1.00298376132854
GOES 1 (SMS-C)          
1 08366U 75100A   26277.30108845  .00000013  00000+0  00000+0 0  9991
2 08366   4.3356 276.1167 0005580 335.6691 104.6369  1.00296798186160
SATCOM 1                
1 08476U 75117A   26277.20064420 -.00000028  00000+0  00000+0 0  9997
2 08476   7.7656 303.8986 0016784 281.6792 115.1757  0.99598252 47452
OPS 3165 (DSP 5)        
1 08482U 75118A   26277.27197541 -.00000058  00000+0  00000+0 0  9996
2 08482   2.0235 254.6123 0033829  29.5331 349.9830  1.00455104 27552
RADUGA 1                
1 08513U 75123A   26277.11789172 -.00000002  00000+0  00000+0 0  9996
2 08513   2.5268 264.2879 0005656 306.6321 268.6793  1.00267290195905
TITAN 3C TRANSTAGE R/B  
1 08516U 75118C   26276.95341673 -.00000165  00000+0  00000+0 0  9994
2 08516   2.0014 254.9780 0011471 227.9387 131.4634  1.00554003 26879
CTS                     
1 08585U 76004A   26277.29584944  .00000094  00000+0  00000+0 0  9993
2 08585   3.6550 270.3678 0017476 288.6246 139.7138  1.00245951123398
MOLNIYA 1-32            
1 08601U 76006A   26275.82238430  .00000807  00000+0  00000+0 0  9999
2 08601  63.6951 124.2224 6769999 275.4780  16.8425  2.00068876 84030
INTELSAT 4A-F2          
1 08620U 76010A   26277.11462999 -.00000287  00000+0  00000+0 0  9991
2 08620   7.6718 303.1738 0007566 300.8995 117.4096  0.99689457621701
ATLAS CENTAUR R/B       
1 08621U 76010B   26276.72162937 -.00000155  00000+0  30143-3 0  9996
2 08621  21.5535  66.4364 7204718 318.3173   9.1658  2.20731885287961
LES-8                   
1 08746U 76023A   26276.38817532 -.00000102  00000+0  00000+0 0  9995
2 08746  22.5870  35.6439 0032377 162.9037 206.3603  1.00268830130777
LES-9                   
1 08747U 76023B   26277.10559207 -.00000122  00000+0  00000+0 0  9991
2 08747  22.5496  35.6476 0024096 185.7944  85.6160  1.00269615130769
TITAN 3C TRANSTAGE R/B  
1 08751U 76023F   26276.88384579 -.00000159  00000+0  00000+0 0  9998
2 08751  22.0796  41.3284 0122357 109.6628 283.2248  0.98324743184285
NATO 3A                 
1 08808U 76035A   26277.18865068 -.00000184  00000+0  00000+0 0  9993
2 08808   4.7402 298.1723 0027195 324.9857  95.0776  0.99838600748362
TITAN 3C TRANSTAGE DEB  
1 08832U 76023J   26276.86787935 -.00000081  00000+0  00000+0 0  9993
2 08832  22.0734  41.3390 0138867 102.6730 271.0849  0.98258381118671
COMSTAR 1               
1 08838U 76042A   26276.81788712 -.00000181  00000+0  00000+0 0  9990
2 08838   7.7452 303.9372 0004842 336.5029  15.6446  0.99830842121651
ATLAS CENTAUR R/B       
1 08840U 76042B   26276.60018422 -.00000019  00000+0 -78069-3 0  9999
2 08840  21.0039 155.0675 7178951 318.7941 302.4941  2.22574425293782
TITAN 3C TRANSTAGE R/B  
1 08918U 76059C   26277.04707297  .00000022  00000+0  00000+0 0  9995
2 08918   2.4578 258.6833 0009586 285.5559  73.9162  1.00555077 26541
PALAPA 1                
1 09009U 76066A   26276.88702127 -.00000213  00000+0  00000+0 0  9996
2 09009   7.6695 304.3379 0005207 253.5275 112.3530  1.00108061129032
COMSTAR 2               
1 09047U 76073A   26277.29609895  .00000100  00000+0  00000+0 0  9994
2 09047   7.6973 304.4495 0001749 282.6625 108.0158  0.99976732 48305
ATLAS CENTAUR R/B       
1 09329U 76073B   26273.97156526 -.00000046  00000+0  59809-3 0  9991
2 09329  21.3133 137.0092 7183337  68.9530 350.2501  2.23837831279059
RADUGA 2                
1 09416U 76092A   26277.12005840 -.00000113  00000+0  00000+0 0  9992
2 09416   3.2019 267.7496 0028318  40.7329 182.8352  1.00298723130437
EKRAN 1                 
1 09503U 76107A   26277.24280987  .00000054  00000+0  00000+0 0  9999
2 09503   3.2919 268.3508 0068428 193.8356  55.8977  1.00238886199600
KIKU-2 (ETS-II)         
1 09852U 77014A   26276.88936128 -.00000142  00000+0  00000+0 0  9997
2 09852   5.0079 282.1147 0001333 275.3875 125.4179  1.00022056128319
TITAN 3C TRANSTAGE R/B  
1 09855U 77007C   26276.96102888 -.00000189  00000+0  00000+0 0  9990
2 09855   3.1184 265.9878 0016144  46.9475 312.8480  1.00337692 26456
PALAPA 2                
1 09862U 77018A   26276.51905911 -.00000222  00000+0  00000+0 0  9997
2 09862   8.4569 309.6336 0002334 156.7776  12.2313  1.00032348144192
MOLNIYA 1-36            
1 09880U 77021A   26276.61698262  .00000983  00000+0  00000+0 0  9993
2 09880  63.7241  99.1821 6777441 280.5934  15.0753  2.00365825260849
GEOS-1                  
1 09931U 77029A   26276.64386301 -.00000320  00000+0  00000+0 0  9995
2 09931  27.6835  19.4832 6605013 347.3680   1.9682  1.96175423353986
TITAN 3C TRANSTAGE R/B  
1 10002U 77034C   26276.95997260 -.00000198  00000+0  00000+0 0  9991
2 10002   8.4292 293.7909 0290008 111.3001  77.0494  0.95555285 46189
OPS 9751                
1 10016U 77038A   26276.76042684 -.00000137  00000+0  00000+0 0  9993
2 10016   7.2487 332.2488 1302912 134.0889 252.7597  1.00231232 27548
INTELSAT 4A-F4          
1 10024U 77041A   26276.98858446 -.00000340  00000+0  00000+0 0  9997
2 10024   8.6942 310.4795 0014405 277.0656 272.4084  0.99445657 48068
ATLAS CENTAUR R/B       
1 10025U 77041B   26276.60373281  .00000007  00000+0  49255-3 0  9994
2 10025  21.2647 219.4465 7189937 199.1943  90.4881  2.22885852400379
GOES 2                  
1 10061U 77048A   26277.31915576 -.00000260  00000+0  00000+0 0  9992
2 10061   6.1676 292.5838 0011374  51.1841 306.4490  0.99402585 47356
RADUGA 3                
1 10159U 77071A   26276.96433580 -.00000307  00000+0  00000+0 0  9998
2 10159   3.8436 271.9301 0010036 306.9920 237.2061  1.00340984178134
SL-6 R/B(2)             
1 10167U 77068D   26277.32945933 -.00000384  00000+0  11796-2 0  9996
2 10167  61.3511 296.9562 7403535  50.9780 354.3266  1.99837621282994
SIRIO                   
1 10294U 77080A   26277.11988506 -.00000106  00000+0  00000+0 0  9996
2 10294   6.9853 298.3946 0005733 170.7624  21.4001  1.00270612119014
EKRAN 2                 
1 10365U 77092A   26277.11979839 -.00000085  00000+0  00000+0 0  9993
2 10365   3.9627 273.2017 0038504   7.0328 209.9785  1.00215965135947
MOLNIYA 3-8             
1 10455U 77105A   26276.71969856 -.00000247  00000+0  00000+0 0  9991
2 10455  63.8014 166.1602 6696552 275.4735  17.4230  2.00784962358622
SL-6 R/B(2)             
1 10485U 77105E   26276.07035336 -.00000192  00000+0  00000+0 0  9999
2 10485  63.9084 203.5486 6848746 278.5799  15.2035  1.97327799352288
METEOSAT-1              
1 10489U 77108A   26277.18869872 -.00000008  00000+0  00000+0 0  9995
2 10489   4.8080 279.9692 0007313  95.5881 127.0765  1.00381800138302
INTELSAT 4A-F3          
1 10557U 78002A   26277.05583810 -.00000334  00000+0  00000+0 0  9998
2 10557   8.7935 312.0199 0005313 294.0139 257.8075  0.99906194 49832
IUE                     
1 10637U 78012A   26275.48689679 -.00000100  00000+0  00000+0 0  9994
2 10637  36.5263 286.8184 1438344 270.0131  69.9932  1.00054661130142
ATLAS CENTAUR R/B       
1 10722U 78002B   26277.33468289 -.00000230  00000+0  50747-3 0  9997
2 10722  21.6264 303.0745 7172457 239.9750 324.1639  2.21875626287032
INTELSAT 4A-F6          
1 10778U 78035A   26277.00163903 -.00000377  00000+0  00000+0 0  9998
2 10778   8.5697 311.0247 0008827 309.2525 239.1391  1.00210125123252
ATLAS CENTAUR R/B       
1 10779U 78035B   26277.15168865  .00000060  00000+0  94332-3 0  9990
2 10779  22.0998 330.1919 7178720 310.8865   6.3380  2.22755883394328
OPS 8790                
1 10787U 78038A   26277.28377248  .00000068  00000+0  00000+0 0  9996
2 10787   3.4598 326.5682 0020238 274.8882  55.6001  1.00467138 26353
YURI (BS)               
1 10792U 78039A   26277.04205803  .00000127  00000+0  00000+0 0  9990
2 10792   5.2075 282.8436 0021836 318.2416 187.8160  1.00281656119852
MOLNIYA 1-40            
1 10925U 78055A   26274.84634290 -.00000292  00000+0  00000+0 0  9991
2 10925  64.0125 211.2620 6703136 273.4517  18.0840  2.00675724354125
TITAN 3C TRANSTAGE R/B  
1 10942U 78058B   26276.02287052 -.00000074  00000+0  00000+0 0  9993
2 10942  10.3523  19.3358 1420216 134.3636 238.1663  0.99633622 27843
SL-6 R/B(2)             
1 10949U 78055E   26273.98697387  .00001128  00000+0 -50504-2 0  9993
2 10949  63.9388 222.1655 6926135 275.6968  15.5437  1.97084746242256
ATLAS CENTAUR R/B       
1 10976U 78068B   26275.59252645 -.00000033  00000+0 -49662-3 0  9999
2 10976  21.4724 108.7570 7170577 183.9103 178.4562  2.22420819388565
RADUGA 4                
1 10987U 78073A   26277.04604472  .00000032  00000+0  00000+0 0  9994
2 10987   4.5155 277.3004 0010840  30.5416 142.7561  1.00199155120697
SL-6 R/B(2)             
1 11076U 78083D   26276.93300416  .00000026  00000+0  00000+0 0  9996
2 11076  65.8482  73.0934 6703952  20.4181 356.8786  1.99088145242088
ANIK B1 (TELESAT 4)     
1 11153U 78116A   26276.91143388 -.00000061  00000+0  00000+0 0  9990
2 11153   9.3146 315.4180 0020020 325.0251 140.0324  0.99805584137115
GORIZONT 1              
1 11158U 78118A   26276.20801776 -.00000092  00000+0  00000+0 0  9995
2 11158  12.4834 151.2044 3035494   5.1078 357.6149  1.00233960124024
SCATHA                  
1 11256U 79007A   26277.13438912 -.00000241  00000+0  00000+0 0  9999
2 11256   9.3954 274.8706 1795984 143.7304 252.4846  1.01531495143565
EKRAN 3                 
1 11273U 79015A   26277.05341142 -.00000317  00000+0  00000+0 0  9990
2 11273   4.8522 280.4427 0041706   9.3187 200.8544  1.00288101136105
RADUGA 5                
1 11343U 79035A   26276.90825471 -.00000204  00000+0  00000+0 0  9990
2 11343   5.0264 281.2567 0004068 241.1057 262.4755  1.00265963130456
COSMOS 1109             
1 11417U 79058A   26270.78343377 -.00000464  00000+0  00000+0 0  9995
2 11417  70.6881 185.4963 6049457 192.6442 140.2108  2.01366361235908
TITAN 3C TRANSTAGE R/B  
1 11436U 79053C   26277.10756472  .00000051  00000+0  00000+0 0  9999
2 11436   6.6190 293.7102 0063011 308.7306  50.5761  0.99442470 27621
GORIZONT 2              
1 11440U 79062A   26277.18826538  .00000029  00000+0  00000+0 0  9998
2 11440   5.4734 284.8321 0006581 337.6139 237.9358  1.00273566139117
WESTAR 3                
1 11484U 79072A   26276.85984417 -.00000013  00000+0  00000+0 0  9995
2 11484  10.0895 320.4805 0003465 302.0614 130.9076  0.99934950141605
OPS 1948                
1 11558U 79086A   26267.05378909 -.00000005  00000+0  00000+0 0  9998
2 11558   6.1042  12.4836 1309949  78.7326 298.3486  1.00212048 27206
TITAN 3C TRANSTAGE R/B  
1 11560U 79086C   26276.61179316 -.00000308  00000+0  00000+0 0  9990
2 11560   5.9209  13.2475 1292350 127.7717 244.6233  0.99684936 27328
EKRAN 4                 
1 11561U 79087A   26277.05098475 -.00000208  00000+0  00000+0 0  9996
2 11561   5.3298 283.6848 0009690 240.7633 313.1239  1.00228570 48460
SL-12 R/B(2)            
1 11567U 74017F   26276.98745947 -.00000333  00000+0  00000+0 0  9993
2 11567   0.4488 233.1322 0043327 110.4808 114.7766  1.01007246193773
SL-12 R/B(2)            
1 11568U 75123F   26277.17101862 -.00000184  00000+0  00000+0 0  9991
2 11568   2.2710 261.3792 0013707 227.0365 278.8743  1.00485356123094
EKRAN 2 DEB             
1 11581U 77092H   26277.05306476 -.00000318  00000+0  00000+0 0  9997
2 11581   3.8666 272.5328 0019452 277.1927 299.3032  1.00368337105456
TITAN 3C TRANSTAGE R/B  
1 11623U 79098C   26276.78911366 -.00000185  00000+0  00000+0 0  9993
2 11623   9.9536 304.8537 0295431  80.1446 112.8768  0.95319176123622
GORIZONT 3              
1 11648U 79105A   26277.18436536  .00000128  00000+0  00000+0 0  9991
2 11648   5.6682 286.8081 0012681 276.6835 275.8520  1.00258207123579
OPS 6393 (FLTSATCOM 3)  
1 11669U 80004A   26277.29708771  .00000073  00000+0  00000+0 0  9998
2 11669   5.9558 306.5240 0023457 250.4377 147.4176  1.00174425170952
SL-12 R/B(2)            
1 11676U 75097F   26277.27163909 -.00000375  00000+0  00000+0 0  9994
2 11676   2.0842 258.3403 0021638 234.5739  98.4534  1.00112728120229
RADUGA 6                
1 11708U 80016A   26277.11338503  .00000125  00000+0  00000+0 0  9996
2 11708   5.4543 285.6053 0002964 321.2060 208.3159  1.00272980123254
SL-6 R/B(2)             
1 11847U 80050B   26276.25059772 -.00000124  00000+0  00000+0 0  9990
2 11847  68.9035 354.6379 6477775 309.3175   9.3516  1.99527717336725
COSMOS 1191             
1 11871U 80057A   26276.66956049  .00000096  00000+0  00000+0 0  9999
2 11871  66.0696  62.8348 6615225  17.6898 357.1373  2.00845900245648
SL-6 R/B(2)             
1 11888U 80057D   26276.35730504 -.00000619  00000+0  00000+0 0  9991
2 11888  61.8718 291.5183 7366870  35.9119 356.2112  1.99477445336904
MOLNIYA 3-13            
1 11896U 80063A   26277.03501224 -.00000227  00000+0 -10710-1 0  9995
2 11896  63.8126 275.8479 7139412 276.6933  13.6292  2.00575801338586
SL-6 R/B(2)             
1 11909U 80063D   26276.28777964  .00000879  00000+0  00000+0 0  9992
2 11909  63.8667   4.4095 7336237 277.3258  12.2640  1.96855042331759
SL-12 R/B(2)            
1 11926U 78118C   26258.86321912 -.00000025  00000+0  00000+0 0  9995
2 11926  12.7077 145.4054 2985468  15.5000 166.6099  1.01602808172497
TITAN 3C TRANSTAGE R/B  
1 11940U 73040B   26277.24907935 -.00000018  00000+0  00000+0 0  9990
2 11940   0.8468 216.3322 0029851 108.9477  34.5429  0.99556781 27717
GOES 4                  
1 11964U 80074A   26277.21686230  .00000060  00000+0  00000+0 0  9996
2 11964   7.7538 302.2542 0030738 111.8121 262.7765  0.99229156128523
GOES 4 AKM              
1 11970U 80074C   26274.88378789 -.00000185  00000+0  00000+0 0  9999
2 11970  16.1400 313.7081 1643726 268.0244 185.0675  0.81535745 39394
RADUGA 7                
1 12003U 80081A   26276.81494044 -.00000212  00000+0  00000+0 0  9994
2 12003   5.6917 288.2633 0012383 317.5961  34.0298  1.00280880124399
SBS 1                   
1 12065U 80091A   26277.25343900  .00000074  00000+0  00000+0 0  9991
2 12065   9.8119 317.0969 0008521 212.2401 323.6484  0.99822860 47563
SL-6 R/B(2)             
1 12086U 80095E   26276.89060635 -.00000633  00000+0  00000+0 0  9990
2 12086  64.9169 127.9916 6852137  32.1150 355.6315  1.99096731333296
OPS 5805                
1 12093U 80100A   26275.79062651 -.00000196  00000+0  00000+0 0  9997
2 12093  63.8566 193.1438 6412570 266.8475  23.4572  2.00237135 54312
EKRAN 6                 
1 12120U 80104A   26277.11815172 -.00000029  00000+0  00000+0 0  9999
2 12120   5.9895 289.7345 0004469  64.0891 126.9256  1.00319507128506
COSMOS 1247             
1 12303U 81016A   26277.26579487 -.00000341  00000+0  00000+0 0  9994
2 12303  69.3387 348.0554 6204938 335.5361   4.7617  2.02513185337380
ESIAFI 1 (COMSTAR 4)    
1 12309U 81018A   26276.62924609 -.00000081  00000+0  00000+0 0  9992
2 12309   8.4991 310.5617 0001490  35.7968 324.1465  1.00281970168539
RADUGA 8                
1 12351U 81027A   26276.81190708 -.00000279  00000+0  00000+0 0  9994
2 12351   6.0347 288.4272 0081589 277.8508  56.3085  1.00373078123636
ATLAS CENTAUR R/B       
1 12363U 81018B   26276.18128530 -.00000005  00000+0  23721-3 0  9997
2 12363  20.7852 297.5923 7174173 137.6477 308.3516  2.22124403369827
TITAN 3C TRANSTAGE R/B  
1 12371U 81025C   26276.63010491 -.00000168  00000+0  00000+0 0  9991
2 12371   6.4267 298.0389 0058466 328.4624  31.0666  1.01339997 28147
SL-6 R/B(2)             
1 12384U 81031D   26276.61799216  .00000604  00000+0  00000+0 0  9993
2 12384  68.1762  62.4432 6060047 356.2803   0.6109  2.03533660338324
SL-12 R/B(2)            
1 12447U 80081F   26276.50876370 -.00000282  00000+0  00000+0 0  9995
2 12447   5.9167 289.3676 0004539  38.0594 166.0065  0.99963884165461
SL-12 R/B(2)            
1 12471U 80104E   26276.82135380  .00000092  00000+0  00000+0 0  9990
2 12471   5.2393 286.0342 0031153 202.7678 186.1720  1.01339322121068
GOES 5                  
1 12472U 81049A   26277.29831252  .00000061  00000+0  00000+0 0  9999
2 12472   9.1710 315.0241 0004361 311.7014  78.6411  1.00233703123948
APPLE                   
1 12545U 81057B   26276.97733426 -.00000377  00000+0  00000+0 0  9998
2 12545   6.7901 296.0120 0026747 233.6458 320.9871  1.00045460123476
EKRAN 7                 
1 12564U 81061A   26277.04795140 -.00000058  00000+0  00000+0 0  9990
2 12564   6.2777 292.1978 0003800  35.6954 133.0891  1.00215218130605
RADUGA 9                
1 12618U 81069A   26277.18479869  .00000122  00000+0  00000+0 0  9991
2 12618   6.3416 292.6925 0001622 251.6402 297.5748  1.00225222 48433
COSMOS 1285             
1 12627U 81071A   26275.54847778 -.00000060  00000+0  00000+0 0  9992
2 12627  68.7836  85.6157 5940086 349.5146 216.1299  1.98066934248622
HIMAWARI-2 (GMS-2)      
1 12677U 81076A   26277.25577902  .00000086  00000+0  00000+0 0  9998
2 12677   7.7558 303.4414 0012035 323.8771 238.7460  0.99551130133312
SL-6 R/B(2)             
1 12680U 81071D   26276.33245632 -.00000461  00000+0  00000+0 0  9995
2 12680  66.4933  44.3754 6698175  13.1801 357.8959  1.99215303246903
COSMOS 1124 DEB         
1 12814U 79077E   26276.07436852  .00028490  00000+0  18717-1 0  9991
2 12814  60.2476 194.4627 7296223  73.5959 349.8129  2.23847898 65474
COSMOS 1191 DEB         
1 12817U 80057E   26277.15033452 -.00001228  00000+0  00000+0 0  9998
2 12817  63.7572 352.3410 7192280  33.3511 356.0016  1.99796014251380
COSMOS 1191 DEB         
1 12834U 80057F   26276.07033806  .00000754  00000+0  00000+0 0  9992
2 12834  65.7675  92.8750 6623055  21.4168 356.7069  2.00167786243446
SL-12 R/B(2)            
1 12851U 81061F   26269.82905683 -.00000107  00000+0  00000+0 0  9996
2 12851   5.7624 289.8882 0002225  46.7245 297.5448  1.01005910 48746
SBS 2                   
1 12855U 81096A   26276.82239380  .00000030  00000+0  00000+0 0  9994
2 12855  10.0957 320.7939 0007832 251.9210 107.5107  1.00150874119691
COSMOS 1261 DEB         
1 12893U 81031F   26260.39546890  .00000743  00000+0  00000+0 0  9998
2 12893  63.9308 333.9628 7168525  25.3758 357.0289  2.01101584313960
RADUGA 10               
1 12897U 81102A   26277.05029141 -.00000189  00000+0  00000+0 0  9992
2 12897   6.4620 294.0292 0003903 269.7982 269.8812  1.00287994118436
COSMOS 1030 DEB         
1 12919U 78083F   26276.58717047  .00000731  00000+0  00000+0 0  9999
2 12919  66.0633 249.0125 6427713 341.1813   3.0361  2.00060465 70757
OPS 4029                
1 12930U 81107A   26277.20187211 -.00000413  00000+0  00000+0 0  9995
2 12930   5.6544   2.6131 1042384  45.2588 164.0130  1.00338590  8965
TITAN 3C TRANSTAGE R/B  
1 12932U 81107C   26268.00888160 -.00000045  00000+0  00000+0 0  9997
2 12932   5.3253   7.7976 0998492 116.8285 253.7664  0.99598112 27214
SL-6 R/B(2)             
1 12940U 81108D   26277.12408570  .00000241  00000+0  00000+0 0  9990
2 12940  65.5271 237.2932 6756052 344.6250   2.0483  1.99118450326711
SATCOM 3R               
1 12967U 81114A   26276.49717231 -.00000205  00000+0  00000+0 0  9993
2 12967  11.9677 331.1583 0005697 300.0246  75.1631  1.00139863129156
COSMOS 1247 DEB         
1 12984U 81016F   26263.21317948 -.00000871  00000+0  00000+0 0  9999
2 12984  69.6719   0.7460 6091549 335.6587   4.8472  2.02669349331892
COSMOS 1285 DEB         
1 12993U 81071E   26259.50073454  .00000221  00000+0  00000+0 0  9996
2 12993  67.3401  76.3207 6405495   4.7415 359.1740  1.97853998240011
INTELSAT 503            
1 12994U 81119A   26276.82066507 -.00000056  00000+0  00000+0 0  9992
2 12994  11.1140 326.4178 0052914 270.6681 156.4871  0.99461294127788
EKRAN 2 DEB             
1 12996U 77092J   26277.28878103  .00000101  00000+0  00000+0 0  9993
2 12996   4.0312 273.4067 0023960 295.5821 108.6590  1.00046986 85602
MOLNIYA 1-52            
1 13012U 81123A   26275.47002513  .00001547  00000+0  43450-3 0  9991
2 13012  61.8043  49.1387 7478931 278.9243  10.9285  2.00479294328046
SATCOM 4                
1 13035U 82004A   26275.94089833 -.00000233  00000+0  00000+0 0  9999
2 13035  12.6798 334.8336 0050962 209.4451 150.2702  0.99596505126288
EKRAN 8                 
1 13056U 82009A   26277.29806970 -.00000208  00000+0  00000+0 0  9998
2 13056   6.8170 295.5732 0029265 340.1978   3.5675  0.99952389119706
WESTAR 4                
1 13069U 82014A   26277.11462961 -.00000295  00000+0  00000+0 0  9993
2 13069  12.5277 334.2112 0005772 281.3325 106.1981  0.99772800 47533
MOLNIYA 1-53            
1 13070U 82015A   26276.38393931  .00000606  00000+0  21749-2 0  9995
2 13070  63.9464  22.9577 7128742 283.3907  12.0574  2.00872796326731
SL-6 R/B(2)             
1 13075U 82015D   26272.75583660  .00000116  00000+0  00000+0 0  9997
2 13075  63.1470  93.6954 7116337 277.5350  13.6586  1.98116251321236
SL-6 R/B(2)             
1 13090U 82016D   26274.12678984  .00000545  00000+0 -30956-2 0  9995
2 13090  64.0460  91.3435 7213306 358.0857   0.1812  2.03686626330678
INSAT-1A                
1 13129U 82031A   26276.98641778 -.00000383  00000+0  00000+0 0  9996
2 13129   6.8934 297.6453 0007597  67.2570 122.9702  1.00262826167520
COSMOS 1366             
1 13177U 82044A   26277.05011808 -.00000176  00000+0  00000+0 0  9997
2 13177   8.0569 296.3024 0006583 132.6377  43.7153  1.00266220134703
COSMOS 1382             
1 13295U 82064A   26276.76561149  .00001065  00000+0  00000+0 0  9992
2 13295  62.2315 128.0759 7351850  45.2796 355.0544  2.00602992282733
SL-6 R/B(2)             
1 13298U 82064D   26276.17332862  .00000569  00000+0  00000+0 0  9996
2 13298  67.2966  69.0085 6316156   5.3312 358.9570  2.03255467251819
ANIK D1 (TELESAT 6)     
1 13431U 82082A   26276.82577381  .00000109  00000+0  00000+0 0  9994
2 13431  12.0910 332.1854 0006046 321.4690  45.1274  1.00116961 47698
EKRAN 9                 
1 13554U 82093A   26277.11823839 -.00000013  00000+0  00000+0 0  9992
2 13554   6.8500 298.9569 0027060  10.8823 171.4107  1.00208563121093
GORIZONT 6              
1 13624U 82103A   26277.29283795  .00000101  00000+0  00000+0 0  9999
2 13624   7.1095 301.2004 0003427 337.2222  50.9245  1.00345948122045
SL-12 R/B(2)            
1 13630U 82103E   26277.27197541 -.00000029  00000+0  00000+0 0  9997
2 13630   7.0677 301.0774 0011625 201.1810 139.7569  1.00322993122590
SATCOM C5               
1 13631U 82105A   26277.22457742 -.00000118  00000+0  00000+0 0  9996
2 13631  11.9777 331.7520 0001668  55.7732 321.1389  1.00274078127476
TITAN 34D IUS R/B(2)    
1 13643U 82106D   26261.78711424  .00000050  00000+0  00000+0 0  9998
2 13643   9.1871 309.5270 0039277  70.3443 294.7881  0.99381950120691
SBS 3                   
1 13651U 82110B   26277.28933319 -.00000306  00000+0  00000+0 0  9998
2 13651  12.3906 333.6268 0005159 144.1796 311.8977  0.99932502 47637
ANIK C3 (TELESAT 5)     
1 13652U 82110C   26277.22318684 -.00000043  00000+0  00000+0 0  9993
2 13652  12.3642 333.4433 0001719 262.5934  37.2118  0.99915545 47593
SAKURA-2A (CS-2A)       
1 13782U 83006A   26276.89092130 -.00000180  00000+0  00000+0 0  9991
2 13782  10.1152 319.8133 0012012 321.2325  50.1286  0.99410225128932
MOLNIYA 3-20            
1 13875U 83015A   26274.72973382  .00001403  00000+0  00000+0 0  9999
2 13875  62.0333 132.0242 7139971 272.5473  15.0082  2.00700572255151
SL-6 R/B(2)             
1 13882U 83015E   26276.11244989 -.00000709  00000+0 -92795-2 0  9991
2 13882  62.0169 206.6734 7148968 270.5782  15.5768  1.96898970313073
MOLNIYA 1-56            
1 13890U 83019A   26272.60011054 -.00001072  00000+0  00000+0 0  9997
2 13890  62.5461 157.9730 6995607 274.3566  15.5343  2.00022932317905
SL-6 R/B(2)             
1 13897U 83019D   26276.66841563 -.00000764  00000+0  00000+0 0  9997
2 13897  62.6994 189.6217 7018317 277.2411  14.4320  1.97351182312772
ASTRON                  
1 13901U 83020A   26261.65374619  .00000221  00000+0  00000+0 0  9998
2 13901  77.1935  54.7190 7326744  54.0372 359.8618  0.24287851 11377
RADUGA 12               
1 13974U 83028A   26277.11823839 -.00000030  00000+0  00000+0 0  9996
2 13974   7.9778 305.5908 0001916 325.1117 210.7106  1.00282199170479
SL-12 R/B(2)            
1 13983U 83028F   26277.22255302 -.00000028  00000+0  00000+0 0  9999
2 13983   8.0063 305.6541 0024238 228.5568 165.3414  1.00035296158905
SATCOM 1R               
1 13984U 83030A   26276.48161037 -.00000317  00000+0  00000+0 0  9992
2 13984  13.1148 337.7387 0006179 159.6064 194.0672  0.99861513131553
COSMOS 1191 DEB         
1 13999U 80057G   26274.20221024  .00001258  00000+0  00000+0 0  9999
2 13999  62.6067 296.0728 7245536  26.3807 357.1471  2.01312963332184
GOES 6                  
1 14050U 83041A   26277.29831264  .00000053  00000+0  00000+0 0  9991
2 14050  10.0244 320.5677 0003405 268.3136 117.0551  1.00272476217115
GOES 6 AKM              
1 14069U 83041C   26276.42032429 -.00000196  00000+0  00000+0 0  9990
2 14069  15.5136 320.7324 1685104 121.2965 272.9405  0.84337198 40742
INTELSAT 506            
1 14077U 83047A   26276.47024918 -.00000193  00000+0  00000+0 0  9991
2 14077  12.3421 332.9123 0037714 352.7108  32.2124  0.99163425125163
SL-12 R/B(2)            
1 14086U 83016F   26277.11997595 -.00000287  00000+0  00000+0 0  9993
2 14086   6.3546 296.0132 0017005 327.6907  69.7505  1.01103110124079
SL-12 R/B(2)            
1 14114U 82044F   26270.83139514 -.00000069  00000+0  00000+0 0  9994
2 14114   7.9545 295.6128 0015518 206.7500 156.3840  1.00275900 48379
SL-12 R/B(2)            
1 14117U 82009F   26277.18800537 -.00000109  00000+0  00000+0 0  9998
2 14117   6.2047 292.9614 0037029 203.5277   2.4659  1.00988017124530
NAHUEL I2 (ANIK C2)     
1 14133U 83059B   26275.87022403 -.00000130  00000+0  00000+0 0  9998
2 14133  12.8041 335.5004 0035397 126.3083 234.0234  0.99125178 47214
PALAPA B1               
1 14134U 83059C   26276.95851097 -.00000197  00000+0  00000+0 0  9991
2 14134  11.4547 328.7794 0001131 170.0160 198.2731  1.00205228121889
GALAXY 1 (G-1)          
1 14158U 83065A   26277.33283362  .00000096  00000+0  00000+0 0  9998
2 14158  13.5221 340.8693 0003934 273.2356  88.5320  1.00125980 47727
SL-12 R/B(2)            
1 14195U 81102F   26276.35077616 -.00000181  00000+0  00000+0 0  9999
2 14195   6.3607 293.5664 0009518 240.6485 119.1215  1.00243519124081
ARABSAT-1DR (TELSTAR 3A)
1 14234U 83077A   26275.82298869  .00000051  00000+0  00000+0 0  9997
2 14234  13.7092 341.1917 0025721 179.4809 180.5328  0.99524216 47410
INSAT-1B                
1 14318U 83089B   26277.25352567  .00000114  00000+0  00000+0 0  9998
2 14318  11.0235 326.3302 0014032 249.1810 277.8475  1.00214220126309
SATCOM 2R               
1 14328U 83094A   26277.32286015 -.00000002  00000+0  00000+0 0  9994
2 14328  14.2593 345.1120 0011334  81.5867 263.6488  0.99411150156635
GALAXY 2 (G-2)          
1 14365U 83098A   26276.47316116 -.00000072  00000+0  00000+0 0  9997
2 14365  13.5391 341.1740 0002583 141.2694 228.5447  1.00236439133320
EKRAN 11                
1 14377U 83100A   26276.55569627 -.00000252  00000+0  00000+0 0  9990
2 14377   7.5471 303.8542 0004418 319.5806  40.2948  1.00223841 48462
SL-12 R/B(2)            
1 14394U 83100F   26277.22357166 -.00000201  00000+0  00000+0 0  9991
2 14394   7.0159 301.8838 0018492 165.5616 238.5215  1.01055884158125
INTELSAT 507            
1 14421U 83105A   26276.47024822 -.00000106  00000+0  00000+0 0  9997
2 14421  11.8432 330.4248 0002216 172.5816 215.3778  0.99701230138318
SL-12 R/B(2)            
1 14548U 83118F   26276.60754302  .00000038  00000+0  00000+0 0  9992
2 14548   8.3361 310.3800 0047452 346.1383 352.5630  1.00272886138987
OPS 0441                
1 14675U 84009A   26277.31461050 -.00000257  00000+0  00000+0 0  9991
2 14675   6.1328   3.4869 0882636  27.5155   4.1328  1.00365109  8846
TITAN 34D TRANSTAGE R/B 
1 14677U 84009C   26277.25166060 -.00000172  00000+0  00000+0 0  9995
2 14677   6.1143   1.7785 1037201 105.1125 266.5233  0.99443960 26952
RADUGA 14               
1 14725U 84016A   26277.12231175 -.00000223  00000+0  00000+0 0  9990
2 14725   8.3653 310.1722 0001753 214.5284 338.6438  1.00275917119192
COSMOS 1540             
1 14783U 84022A   26276.91143443 -.00000162  00000+0  00000+0 0  9999
2 14783   9.0939 303.5614 0008962 294.1290 183.1360  1.00276989122110
COSMOS 1546             
1 14867U 84031A   26276.97053689 -.00000053  00000+0  00000+0 0  9999
2 14867   8.4753 310.8233 0024214  17.5546 102.4578  1.00272246 48469
STTW-T2                 
1 14899U 84035A   26277.05237142 -.00000258  00000+0  00000+0 0  9993
2 14899   9.2754 317.2913 0007114 206.3444 321.0067  1.00165579 48467
TITAN 34D TRANSTAGE R/B 
1 14931U 84037B   26258.87431528  .00000087  00000+0  00000+0 0  9994
2 14931   8.6136 310.4175 0032327 327.7804  31.9786  1.01158428 26858
GORIZONT 9              
1 14940U 84041A   26277.05237142 -.00000277  00000+0  00000+0 0  9998
2 14940   8.5480 311.7091 0006283 294.8422 238.5722  1.00245936123035
SL-12 R/B(2)            
1 14948U 84022F   26277.31874060  .00000081  00000+0  00000+0 0  9992
2 14948   9.2376 303.9821 0021663 154.8441 232.5355  0.99872802162375
SL-12 R/B(2)            
1 14951U 84031F   26277.25119909  .00000058  00000+0  00000+0 0  9997
2 14951   8.8756 311.9775 0014821 263.0335 125.2968  0.99423135120896
ZHONGXING-5             
1 14985U 84049A   26276.86747984 -.00000132  00000+0  00000+0 0  9993
2 14985  14.3096 347.4807 0012984 241.7973 179.0769  0.99976342132398
RADUGA 15               
1 15057U 84063A   26276.75783275  .00000125  00000+0  00000+0 0  9992
2 15057   8.5303 311.1657 0003616 239.5899 126.5595  1.00210319142191
COSMOS 1581             
1 15095U 84071A   26276.55177450 -.00000416  00000+0  00000+0 0  9997
2 15095  67.5447   8.4474 6663325 358.7620   0.2062  1.99739697282635
GORIZONT 10             
1 15144U 84078A   26277.28541914  .00000077  00000+0  00000+0 0  9992
2 15144   8.6916 312.7455 0003739 328.6766  24.4619  1.00283831155669
HIMAWARI-3 (GMS-3)      
1 15152U 84080A   26276.75661350  .00000108  00000+0  00000+0 0  9997
2 15152  10.4695 323.0049 0004904 161.0961 200.2812  0.99830347153730
SL-12 R/B(2)            
1 15181U 84078F   26276.99985803 -.00000379  00000+0  00000+0 0  9995
2 15181   8.7759 313.1094 0022068 219.1762 313.4293  1.00239817124105
AMPTE/CCE               
1 15199U 84088A   26275.19221057 -.00000276  00000+0  00000+0 0  9996
2 15199   3.3026 229.1635 7642942 152.0043 357.6182  1.53315339202074
DELTA 1 R/B(2)          
1 15206U 84088F   26275.59264506 -.00000083  00000+0 -36015-3 0  9991
2 15206  27.4252  84.8642 7812863 339.5243   1.4484  1.59001789240180
SL-6 R/B(2)             
1 15223U 84089D   26276.11498940  .00001409  00000+0 -46830-2 0  9998
2 15223  62.9006 239.9906 7222066 279.6006  12.2745  2.02613567  6077
TITAN 34B R/B           
1 15227U 84091B   26277.17175637  .00000774  00000+0 -46699-2 0  9994
2 15227  63.1360 232.8549 7153937 271.3382  15.2372  2.07956228 56802
TELSTAR 302             
1 15237U 84093D   26276.48076347 -.00000312  00000+0  00000+0 0  9999
2 15237  14.0740 344.5489 0004409 214.1857 134.5822  0.99786424 47519
COSMOS 1596             
1 15267U 84096A   26276.97801714 -.00000852  00000+0  00000+0 0  9992
2 15267  65.8962 121.1324 6717117  22.8011 356.7853  2.00788423308199
GALAXY 3 (G-3)          
1 15308U 84101A   26277.30087528  .00000057  00000+0  00000+0 0  9998
2 15308  14.0390 344.2856 0003352  13.2606 355.2123  0.99833108 47574
SL-6 R/B(2)             
1 15355U 84107D   26276.99632478 -.00001008  00000+0  00000+0 0  9998
2 15355  62.9089  96.1352 7341905  45.1034 354.9663  2.03372340311912
ZHONGXING-5R            
1 15385U 84114A   26276.89239463 -.00000090  00000+0  00000+0 0  9995
2 15385  14.6406 351.1790 0005685  98.9923 248.5602  0.99764845128050
ATLAS AGENA R/B(2)      
1 15422U 77038C   26268.17757443 -.00000280  00000+0  00000+0 0  9990
2 15422   6.1752 330.5048 1444443 182.5389 176.4970  1.02338133 27265
MOLNIYA 1-63            
1 15429U 84124A   26277.33373266  .00001453  00000+0  00000+0 0  9998
2 15429  62.9079 333.6151 7295228 258.7318  38.3324  2.00617502306259
SL-6 R/B(2)             
1 15439U 84124H   26276.64950488  .00000219  00000+0  22402-3 0  9992
2 15439  62.6750 337.4235 7480114 259.0526  16.8983  1.96379905256851
GORIZONT 11             
1 15484U 85007A   26277.11025676 -.00000310  00000+0  00000+0 0  9997
2 15484   8.9698 314.9270 0004224 266.5949 139.9192  1.00199266153729
USA 8                   
1 15543U 85010B   26276.75644966  .00000051  00000+0  00000+0 0  9996
2 15543  12.4549 312.5085 0121223  57.0857 305.6052  0.99812978  8914
IUS R/B(2)              
1 15545U 85010D   26260.79314429  .00000120  00000+0  00000+0 0  9990
2 15545  12.5871 311.3750 0029984 304.4234  55.3012  1.00815724 27854
ARABSAT-1A              
1 15560U 85015A   26276.87567346  .00000105  00000+0  00000+0 0  9999
2 15560  11.7146 330.5425 0036335 242.3571 140.1260  1.00194602127103
BRASILSAT 1             
1 15561U 85015B   26277.22232134  .00000015  00000+0  00000+0 0  9994
2 15561  14.0514 344.0863 0004236 315.7016  39.5556  0.99544994 47424
COSMOS 1629             
1 15574U 85016A   26277.29582376  .00000090  00000+0  00000+0 0  9995
2 15574   8.9372 313.8423 0007961 274.8271 104.9537  1.00356640151552
SL-12 R/B(2)            
1 15581U 85016F   26276.54143190 -.00000304  00000+0  00000+0 0  9996
2 15581   9.4577 315.6530 0026189 260.3817 144.8596  0.99410661123010
NAHUEL I1 (ANIK C1)     
1 15642U 85028B   26277.32213933 -.00000120  00000+0  00000+0 0  9993
2 15642  14.7402 351.2843 0013647 164.0290 242.3546  0.99658583 47489
GSTAR 1                 
1 15677U 85035A   26277.22466387 -.00000121  00000+0  00000+0 0  9992
2 15677  14.2810 347.8790 0003951 175.5904 185.0926  1.00272232126303
TELECOM 1B              
1 15678U 85035B   26276.88606794 -.00000221  00000+0  00000+0 0  9993
2 15678   9.9707 320.2437 0002662 296.3234  48.0793  1.00302903138109
SL-6 R/B(2)             
1 15741U 85040D   26276.87163624 -.00001214  00000+0 -13824-2 0  9994
2 15741  61.9787 271.2583 7399381 259.8730  17.2910  1.96973973297147
ARABSAT-1B              
1 15825U 85048C   26276.49798770 -.00000099  00000+0  00000+0 0  9997
2 15825  12.2656 333.3542 0011409  16.3279   3.4032  1.00384212136521
TELSTAR 303             
1 15826U 85048D   26277.25444164 -.00000004  00000+0  00000+0 0  9994
2 15826  14.1455 345.4534 0005158 252.8018 110.7756  0.99869053 47598
COSMOS 1661             
1 15827U 85049A   26276.38029774 -.00000760  00000+0  00000+0 0  9994
2 15827  67.7329 101.8162 5925617  59.4416 345.9961  2.00525932302462
INTELSAT 511            
1 15873U 85055A   26276.99247846  .00000061  00000+0  00000+0 0  9994
2 15873  13.1053 337.9596 0009946 115.0364 334.6359  1.00075546125604
RADUGA 16               
1 15946U 85070A   26277.29269617  .00000100  00000+0  00000+0 0  9990
2 15946   9.2312 316.1709 0003216 299.6055  71.9157  1.00344004123326
OPTUS A1 (AUSSAT 1)     
1 15993U 85076B   26276.50954589 -.00000275  00000+0  00000+0 0  9994
2 15993  13.2010 338.0709 0002886 341.5313 175.5099  0.99762107120673
ASC 1                   
1 15994U 85076C   26277.18694221 -.00000230  00000+0  00000+0 0  9995
2 15994  13.7334 342.5192 0001402 169.1926 201.8117  1.00297951119070
SL-6 R/B(2)             
1 16106U 85088D   26277.06074033 -.00000831  00000+0  00000+0 0  9991
2 16106  65.0371 122.1448 6853796  29.2801 356.0540  2.04657069306311
IUS R/B(2)              
1 16119U 85092E   26277.13281262 -.00000209  00000+0  00000+0 0  9991
2 16119   9.8573 313.8989 0056458 185.0750 174.8159  1.01090415 27158
COSMOS 1700             
1 16199U 85102A   26277.06433941 -.00000288  00000+0  00000+0 0  9993
2 16199   9.5350 318.2173 0006430 249.9849 281.5957  1.00283621152764
SL-12 R/B(2)            
1 16214U 85102D   26276.88067957 -.00000357  00000+0  00000+0 0  9997
2 16214   9.2693 317.3821 0019209 164.3530 305.9233  1.00634272125944
RADUGA 17               
1 16250U 85107A   26277.25274567  .00000102  00000+0  00000+0 0  9998
2 16250   9.4279 317.7411 0014165 240.9651 290.8620  1.00157362152768
MORELOS 2               
1 16274U 85109B   26274.96456769 -.00000216  00000+0  00000+0 0  9994
2 16274  14.7624 355.8808 0004941 180.3507 169.7546  0.99568936 47414
OPTUS A2 (AUSSAT 2)     
1 16275U 85109C   26276.02793138 -.00000298  00000+0  00000+0 0  9998
2 16275  13.2771 339.3510 0005946 297.3774  64.0856  0.99949531 47617
SATCOM K2               
1 16276U 85109D   26276.89404131 -.00000055  00000+0  00000+0 0  9997
2 16276  14.6917 351.5543 0013575 266.6743  89.7984  0.99612702126676
MOLNIYA 3-27            
1 16393U 85117A   26276.87333135  .00000179  00000+0 -21298-2 0  9991
2 16393  61.9152 208.3382 7112468 253.3686  23.3594  2.12408714307517
SL-6 R/B(2)             
1 16402U 85117F   26277.07373174 -.00000971  00000+0  46011-3 0  9993
2 16402  63.0994  15.7704 7443042 254.1771  19.4390  1.96569803292715
SATCOM K1               
1 16482U 86003B   26274.83170080  .00000070  00000+0  00000+0 0  9991
2 16482  14.6557 350.2749 0006844 232.7525 123.7810  0.99556096125503
RADUGA 18               
1 16497U 86007A   26277.21563072  .00000004  00000+0  00000+0 0  9990
2 16497  10.3475 320.5506 0070635 206.1261 179.0893  0.98811017146945
STTW-1                  
1 16526U 86010A   26276.19025880  .00000039  00000+0  00000+0 0  9991
2 16526  10.4509 322.8808 0003973 295.3873 241.0935  1.00221275156546
GSTAR 2                 
1 16649U 86026A   26273.96806126 -.00000141  00000+0  00000+0 0  9991
2 16649  14.1452 345.0585 0001591  10.0792 358.5259  0.99802765117709
BRASILSAT 2             
1 16650U 86026B   26271.15583058 -.00000204  00000+0  00000+0 0  9998
2 16650  14.5002 349.6314 0004049 306.2407  54.7074  0.99638658 47418
ARIANE 3 R/B            
1 16657U 86026C   26276.36072248 -.00000151  00000+0 -30746-4 0  9994
2 16657   7.1669  16.4756 7217263 307.2550   6.8688  2.25820223282403
COSMOS 1738             
1 16667U 86027A   26276.81866712 -.00000086  00000+0  00000+0 0  9994
2 16667  10.0784 317.0442 0011626 160.1645 182.8617  1.00275740148437
GORIZONT 12             
1 16769U 86044A   26276.73111852 -.00000361  00000+0  00000+0 0  9991
2 16769   9.8814 320.4965 0005233 309.8669 112.5961  1.00247471148356
SL-6 R/B(2)             
1 16854U 86050D   26276.81709848  .00000105  00000+0  00000+0 0  9995
2 16854  65.2250 271.9479 6696394   0.3660 359.9282  2.02800269298155
SL-6 R/B(2)             
1 17081U 86089D   26276.51344614  .00000005  00000+0  00000+0 0  9992
2 17081  63.5118 115.5888 7037093 252.3943  24.7541  1.95706116284920
SL-12 R/B(2)            
1 17125U 86090D   26276.55572081 -.00000364  00000+0  00000+0 0  9997
2 17125  10.1800 322.0715 0008719 195.1315 164.8080  1.00199308145950
MOLNIYA 3-31            
1 17328U 87008A   26275.99970803  .00000302  00000+0 -21254-2 0  9992
2 17328  61.9019 255.9078 7305780 261.7474  17.4232  2.00556735287331
SL-6 R/B(2)             
1 17333U 87008D   26276.02064164 -.00000118  00000+0  13060-3 0  9999
2 17333  63.2522  18.8553 7437920 251.8791  20.6097  1.97099750285741
TITAN 34B R/B           
1 17507U 87015B   26266.52153950 -.00001146  00000+0  00000+0 0  9994
2 17507  63.0400  97.4095 7242189 265.8014  16.5235  2.05001018 54523
GOES 7                  
1 17561U 87022A   26276.11783853 -.00000293  00000+0  00000+0 0  9991
2 17561  12.8301 336.8835 0001887  16.7852   3.3202  0.99899853128041
SL-12 R/B(2)            
1 17705U 87028D   26276.87477932 -.00000171  00000+0  00000+0 0  9993
2 17705  10.9643 320.0084 0025005 119.9248 338.1682  0.99864287145552
AGILA 1 (PALAPA B2P)    
1 17706U 87029A   26277.31918462  .00000080  00000+0  00000+0 0  9991
2 17706  14.3267 347.3463 0000659   3.3616 342.4556  0.99913337 43612
SL-12 R/B(2)            
1 17872U 76092F   26277.04448471  .00000080  00000+0  00000+0 0  9991
2 17872   3.1870 268.3336 0015531 206.1621 327.6888  1.00257846120019
SL-12 R/B(2)            
1 17873U 79035E   26270.39979328 -.00000211  00000+0  00000+0 0  9990
2 17873   4.9688 280.8846 0027200 259.0592 303.5699  1.00187130186193
SL-12 R/B(2)            
1 17874U 84016F   26277.05124475 -.00000245  00000+0  00000+0 0  9998
2 17874   8.3692 310.2524 0035292 233.6050 295.3189  1.00319109123944
SL-12 R/B(2)            
1 17939U 79087C   26277.05306476 -.00000336  00000+0  00000+0 0  9996
2 17939   5.0714 282.2485 0045003 348.9466 217.8225  1.00494143 48534
COSMOS 1888             
1 18384U 87084A   26277.25274567  .00000102  00000+0  00000+0 0  9994
2 18384  10.6496 325.4283 0003328 263.3420 260.1923  1.00199913142783
SL-12 R/B(2)            
1 18387U 87084D   26258.86538581  .00000127  00000+0  00000+0 0  9999
2 18387  10.8304 326.1207 0030138 253.6640 123.3983  1.00040668149689
COSMOS 1894             
1 18443U 87091A   26277.05577784 -.00000293  00000+0  00000+0 0  9995
2 18443  10.6035 324.8744 0003125 356.9549  29.8456  1.00218655121917
SL-12 R/B(2)            
1 18446U 87091D   26276.86757174 -.00000168  00000+0  00000+0 0  9990
2 18446  10.6380 325.0477 0023639 269.1534 174.3268  1.00144371131090
TVSAT 1                 
1 18570U 87095A   26274.11711479 -.00000129  00000+0  00000+0 0  9993
2 18570  11.1137 327.3726 0060765 138.3818 236.3167  0.98918733129898
COSMOS 1897             
1 18575U 87096A   26277.05323809 -.00000313  00000+0  00000+0 0  9996
2 18575  10.8807 326.2198 0006101 167.7756 355.4895  1.00273952142285
SL-12 R/B(2)            
1 18578U 87096D   26276.92073477 -.00000181  00000+0  00000+0 0  9990
2 18578  10.6700 325.4859 0023604 252.1502 275.0144  1.00556401139124
RADUGA 21               
1 18631U 87100A   26274.09918850 -.00000298  00000+0  00000+0 0  9994
2 18631  11.1575 324.5488 0001838 292.5684  86.2219  1.00323295142157
SL-12 R/B(2)            
1 18718U 87109D   26277.33554844 -.00000282  00000+0  00000+0 0  9991
2 18718  10.7405 325.9482 0068595 282.2330 192.2079  1.00833062133167
COSMOS 1922             
1 18881U 88013A   26274.95685173  .00000290  00000+0  00000+0 0  9990
2 18881  68.7879  66.0186 5931307  41.4124 350.8209  2.00851462282674
SL-6 R/B(2)             
1 18883U 88013C   26276.89985800 -.00000308  00000+0  00000+0 0  9998
2 18883  64.4296 281.7572 6680226  22.7179 356.6333  2.04041340287498
STTW-2                  
1 18922U 88014A   26276.87488674 -.00000243  00000+0  00000+0 0  9996
2 18922  13.1761 338.8992 0004671 192.9693 244.3233  1.00281104141208
MOLNIYA 1-71            
1 18946U 88017A   26275.81471868 -.00001465  00000+0 -48739-2 0  9997
2 18946  61.9940 240.4208 7261454 269.5322  14.9851  2.00760336282521
SL-6 R/B(2)             
1 18949U 88017D   26275.69398072 -.00000072  00000+0  00000+0 0  9999
2 18949  62.3143 179.9174 7084935 261.7889  19.5266  2.10123083275134
SPACENET 3R             
1 18951U 88018A   26277.16269858 -.00000235  00000+0  00000+0 0  9997
2 18951  14.7157 358.8452 0005497 253.7451 109.4405  0.99659685125703
COSMOS 1940             
1 19073U 88034A   26277.05487957 -.00000309  00000+0  00000+0 0  9993
2 19073  10.8221 325.8692 0022208 296.5887  63.2554  1.00668189122447
SL-12 R/B(2)            
1 19076U 88034D   26277.05687811 -.00000377  00000+0  00000+0 0  9992
2 19076  11.1270 326.8659 0023297 197.4383 345.5336  1.00098271140196
SL-12 R/B(2)            
1 19094U 88036E   26272.16997649 -.00000271  00000+0  00000+0 0  9997
2 19094  10.0047 322.0149 0021560 191.3372 189.4188  1.01119543122883
INSAT-1C                
1 19330U 88063A   26276.76042684  .00000029  00000+0  00000+0 0  9990
2 19330  11.1831 327.0778 0007502 181.5316 196.7214  1.00248309121434
COSMOS 1961             
1 19344U 88066A   26276.86085773 -.00000114  00000+0  00000+0 0  9991
2 19344  11.3330 329.0245 0003536 194.1886 234.4340  1.00260064140108
GORIZONT 16             
1 19397U 88071A   26277.04766889 -.00000377  00000+0  00000+0 0  9991
2 19397  11.3996 329.1192 0010692  88.0973 100.7853  0.99981141139324
SL-12 R/B(2)            
1 19400U 88071D   26259.40399766  .00000064  00000+0  00000+0 0  9994
2 19400  11.1424 328.4632 0020504 244.4181 147.0401  1.00550750133627
USA 31                  
1 19458U 88077A   26276.58346537 -.00000754  00000+0  10710-1 0  9997
2 19458  27.6861 341.3712 7315126 229.0143  40.0783  2.00723964 17504
GSTAR 3                 
1 19483U 88081A   26277.21563045 -.00000117  00000+0  00000+0 0  9998
2 19483  10.9096 317.5149 0006973 225.8821 161.8204  1.00272403135690
SBS 5                   
1 19484U 88081B   26274.89844073 -.00000017  00000+0  00000+0 0  9992
2 19484  14.6287   0.1060 0006270 309.8301  37.8439  0.99795665 47520
TITAN 34D TRANSTAGE R/B 
1 19490U 88077C   26277.03399385  .00000258  00000+0  11380-2 0  9996
2 19490  27.1762  49.1643 7381245  26.9328 357.0437  2.04325666 54638
TDRS 3                  
1 19548U 88091B   26276.23012117 -.00000304  00000+0  00000+0 0  9999
2 19548  12.5226 340.2797 0039155 350.5450  75.0526  1.00266750126476
RADUGA 22               
1 19596U 88095A   26276.87422315  .00000099  00000+0  00000+0 0  9991
2 19596  11.4195 329.4405 0005770 214.7747 166.7466  1.00216751122746
SL-6 R/B(2)             
1 19611U 88096D   26276.20446962 -.00000812  00000+0  00000+0 0  9995
2 19611  67.4265 350.5125 6319748  27.8520 355.0085  2.04289467282924
SKYNET 4B               
1 19687U 88109A   26277.33569465 -.00000280  00000+0  00000+0 0  9991
2 19687  13.0001 336.1259 0006952 279.7437 181.5968  0.99671311119251
STTW-3                  
1 19710U 88111A   26276.82742049  .00000117  00000+0  00000+0 0  9993
2 19710  13.9948 344.7392 0004808 202.1152 160.7679  1.00278677131930
SL-6 R/B(2)             
1 19799U 89011D   26275.63970038 -.00000627  00000+0  00000+0 0  9996
2 19799  63.0551 184.5675 7260972  43.6106 354.8573  2.04166504243749
MOLNIYA 1-75            
1 19807U 89014A   26264.94664211 -.00000352  00000+0  00000+0 0  9999
2 19807  63.7992 128.9409 6883227 255.1704  24.8543  2.00536446275220
SL-6 R/B(2)             
1 19810U 89014D   26275.78821797 -.00000738  00000+0  00000+0 0  9999
2 19810  63.6715  24.5868 7225843 251.4072  23.2146  2.07399021284829
JCSAT-1                 
1 19874U 89020A   26276.49107270 -.00000234  00000+0  00000+0 0  9999
2 19874  14.8166 352.2836 0004283 207.8022 153.4167  0.99540380129876
IUS R/B(2)              
1 19913U 89021D   26275.39041559 -.00000126  00000+0  00000+0 0  9999
2 19913   8.5424 320.0825 0023204 197.9488 332.5014  1.00601193126733
RADUGA 23               
1 19928U 89030A   26276.85984407 -.00000063  00000+0  00000+0 0  9995
2 19928  11.6809 331.2722 0020509 214.2163 208.4114  1.00179897135945
TITAN 34D TRANSTAGE R/B 
1 19983U 89035C   26274.82201627 -.00000003  00000+0  00000+0 0  9996
2 19983   8.2611   5.2090 1060522  58.3524 311.5162  0.99422824 26556
SUPERBIRD-A             
1 20040U 89041A   26276.88936128 -.00000189  00000+0  00000+0 0  9993
2 20040  12.0559 331.5790 0004319 206.0106 145.0525  0.99756421135543
DFS 1                   
1 20041U 89041B   26275.96093773 -.00000114  00000+0  00000+0 0  9990
2 20041  13.9394 345.7244 0014579 300.5704  51.7115  1.00652382125579
IUS R/B(2)              
1 20069U 89046D   26277.23821381 -.00000157  00000+0  00000+0 0  9998
2 20069  12.0763 337.5530 0043906  16.1571 343.9881  1.01304432 27347
GORIZONT 18             
1 20107U 89052A   26276.48752756 -.00000298  00000+0  00000+0 0  9999
2 20107  12.2775 333.7544 0036567 349.0306  20.0287  0.99405965135495
TVSAT 2                 
1 20168U 89062A   26276.72175910  .00000105  00000+0  00000+0 0  9991
2 20168  14.6889 354.9435 0010075 215.0676 105.6208  0.99844437135580
HIPPARCOS               
1 20169U 89062B   26277.04923851 -.00000259  00000+0 -24762-3 0  9990
2 20169   6.7932 279.2393 7186260  64.6736 351.1399  2.26418187271824
TITAN 34D TRANSTAGE R/B 
1 20205U 89069D   26271.11586891 -.00000277  00000+0  00000+0 0  9993
2 20205  10.9197 326.9115 0070199 349.1949  10.6302  1.01246886 28042
FLTSATCOM 8 (USA 46)    
1 20253U 89077A   26276.74779137 -.00000375  00000+0  00000+0 0  9995
2 20253  12.3936 350.4970 0003393 238.0339 178.6179  1.00263421261650
GORIZONT 19             
1 20263U 89081A   26276.75781861  .00000110  00000+0  00000+0 0  9995
2 20263  11.9612 332.7739 0006229 284.8436  72.0950  1.00221863 48427
SL-12 R/B(2)            
1 20266U 89081D   26266.04734472 -.00000275  00000+0  00000+0 0  9998
2 20266  11.7737 332.2183 0025514 129.6830 227.4085  1.00605934120337
HIMAWARI-4 AKM          
1 20317U 89070C   26275.84177226  .00000006  00000+0  00000+0 0  9990
2 20317  12.4958 336.4996 0238887  66.2034 339.1121  0.98760571 47724
COSMOS 2050             
1 20330U 89091A   26276.41552252  .00000654  00000+0  00000+0 0  9997
2 20330  65.8124  77.4298 5857806 162.3658 232.5805  2.00520814269973
USA 48                  
1 20355U 89090B   26277.25172689 -.00000147  00000+0  00000+0 0  9996
2 20355  16.8040 339.7211 0285526 119.9291 246.6119  1.00741955  8865
IUS R/B(2)              
1 20357U 89090D   26270.83482014  .00000061  00000+0  00000+0 0  9995
2 20357  17.1933 341.7160 0334073 104.9804 258.7516  0.99519404 26385
RADUGA 24               
1 20367U 89098A   26276.88057233 -.00000288  00000+0  00000+0 0  9998
2 20367  12.3886 333.0258 0003748 294.2610 157.9619  1.00224682134065
COSMOS 2054             
1 20391U 89101A   26276.62970250  .00000074  00000+0  00000+0 0  9997
2 20391  12.1287 333.5055 0004131 239.7559 214.6810  1.00309108134957
LEASAT 5                
1 20410U 90002B   26276.02749803 -.00000292  00000+0  00000+0 0  9996
2 20410  11.0771 352.3529 0001918  58.8851 287.1998  0.99597512119494
SL-12 R/B(2)            
1 20413U 83020D   26269.53116182  .00000365  00000+0  00000+0 0  9997
2 20413  76.0560  54.9781 7489560  53.7422   0.2240  0.24726907 11605
STTW-4                  
1 20473U 90011A   26276.87840576 -.00000278  00000+0  00000+0 0  9991
2 20473  14.1029 345.5853 0003006 188.7957 248.0884  1.00242502134134
RADUGA 25               
1 20499U 90016A   26277.25387458 -.00000026  00000+0  00000+0 0  9993
2 20499  12.2108 333.9620 0006349 226.0967 146.9142  1.00166962134006
SL-12 R/B(2)            
1 20502U 90016D   26276.99005780 -.00000339  00000+0  00000+0 0  9990
2 20502  12.3552 334.4515 0041995 248.4988 284.9627  1.00036446133857
NEWSAT-1 (PALAPA B2R)   
1 20570U 90034A   26276.67753094 -.00000194  00000+0  00000+0 0  9997
2 20570  14.7840   2.0630 0009591 165.6245 189.8845  0.99524715 47369
INSAT-1D                
1 20643U 90051A   26276.86273223 -.00000145  00000+0  00000+0 0  9995
2 20643  14.5959 353.1152 0017408 201.7567 206.5420  1.00258864119844
GORIZONT 20             
1 20659U 90054A   26276.87840605 -.00000286  00000+0  00000+0 0  9996
2 20659  12.5774 335.3039 0006537 250.9403 196.0516  1.00299175132783
SL-12 R/B(2)            
1 20662U 90054D   26276.74749983  .00000026  00000+0  00000+0 0  9994
2 20662  12.4162 334.7170 0012537 108.8638 251.2760  1.00516958132881
COSMOS 2085             
1 20693U 90061A   26276.99222487 -.00000075  00000+0  00000+0 0  9993
2 20693  12.5692 335.7384 0012949  28.2015  76.6042  1.00277971132592
SL-12 R/B(2)            
1 20696U 90061D   26276.71794238 -.00000360  00000+0  00000+0 0  9991
2 20696  12.5324 335.6041 0033399 223.5924 180.2675  1.00208177131491
DFS 2                   
1 20706U 90063B   26273.10756583 -.00000276  00000+0  00000+0 0  9992
2 20706  14.6109   2.8371 0007903 266.7395 107.3328  0.99552394123978
COSMOS 2087             
1 20707U 90064A   26277.14459121 -.00000865  00000+0  00000+0 0  9994
2 20707  67.7478 178.2099 6326978  22.3871 356.0921  2.00356389265013
SL-6 R/B(2)             
1 20710U 90064D   26276.81670541  .00000211  00000+0  00000+0 0  9996
2 20710  69.4078  92.0141 6129440   8.1664 358.4526  2.04541470270294
MARCOPOLO 2 R/B [PAM-D] 
1 20764U 90074C   26271.98050271 -.00000160  00000+0 -89858-4 0  9999
2 20764  20.7612 209.3769 7256253 170.1452 221.6106  2.18684194286068
GOES 2 AKM              
1 20799U 77048G   26276.98633111 -.00000425  00000+0  00000+0 0  9998
2 20799   3.8281 273.9838 0207966 112.5609  98.7718  1.00572871118927
METEOSAT-4 AKM          
1 20800U 89020E   26276.47024910 -.00000050  00000+0  00000+0 0  9993
2 20800  10.8673 330.6864 0133297 258.6708 126.6397  1.00428854117294
GOES 3 AKM              
1 20801U 78062D   26277.14565303 -.00000208  00000+0  00000+0 0  9994
2 20801   6.1829 283.4882 0102568  95.8583 320.7337  0.99473333 48057
SMS 2 AKM               
1 20835U 75011F   26276.95201095 -.00000166  00000+0  00000+0 0  9998
2 20835   3.4896 272.2151 0097668 148.0408 242.9065  0.98588436 47652
SL-12 R/B(2)            
1 20836U 74060F   26277.15461441 -.00000349  00000+0  00000+0 0  9991
2 20836   1.1042 242.0844 0014851 243.7655  50.0670  1.00207560 47093
METEOSAT-2 AKM (MAGE 1) 
1 20837U 81057F   26271.50134510 -.00000197  00000+0  00000+0 0  9994
2 20837   7.3467 297.6642 0074060 214.5361 331.0683  0.99363655120423
GALAXY 6 (G-6)          
1 20873U 90091B   26277.26599384  .00000071  00000+0  00000+0 0  9995
2 20873  14.0983   9.1773 0006813 232.9491  73.3952  0.99762566 47530
GORIZONT 21             
1 20923U 90094A   26276.85746125 -.00000016  00000+0  00000+0 0  9995
2 20923  12.6349 336.0048 0007526 271.4306 140.7022  1.00150665131544
SL-12 R/B(2)            
1 20926U 90094D   26276.85645396  .00000086  00000+0  00000+0 0  9992
2 20926  12.3904 335.2553 0033250 160.1639   8.9094  1.00854253132324
GORIZONT 22             
1 20953U 90102A   26277.04766889 -.00000369  00000+0  00000+0 0  9990
2 20953  12.6262 336.4703 0004752 344.5893 197.1079  1.00217804131462
GOES 1 AKM              
1 20962U 75100F   26276.45220109 -.00000322  00000+0  00000+0 0  9994
2 20962   2.0526 247.9347 0266492 100.5275 262.0518  1.01935242137250
RADUGA 26               
1 21016U 90112A   26276.81574514  .00000046  00000+0  00000+0 0  9999
2 21016  12.7419 337.1487 0002602 129.3927 255.2336  1.00295784131357
SL-12 R/B(2)            
1 21019U 90112D   26276.86747986 -.00000131  00000+0  00000+0 0  9998
2 21019  12.8020 337.3161 0025900 189.1771 241.1473  1.00009747121028
RADUGA-1 2              
1 21038U 90116A   26276.99247892  .00000038  00000+0  00000+0 0  9993
2 21038  12.7823 337.1702 0003895 147.9512 302.9499  1.00229213 48431
ATS 5 AKM               
1 21052U 69069C   26277.32475924 -.00000149  00000+0  00000+0 0  9993
2 21052   0.3006 272.0168 0131849 312.3782 100.2887  0.98182855 47451
ITALSAT 1               
1 21055U 91003A   26276.88177128 -.00000261  00000+0  00000+0 0  9999
2 21055  14.5233 350.6600 0008819  55.2982  22.6949  0.99956240118174
COSMOS 2133             
1 21111U 91010A   26276.86400691 -.00000119  00000+0  00000+0 0  9994
2 21111  13.1736 341.9961 0006371 210.9417 206.3555  1.00259939130539
MOLNIYA 1-80            
1 21118U 91012A   26277.00681822  .00000943  00000+0  00000+0 0  9991
2 21118  64.8888 185.9414 6349769 254.0983  31.4330  2.05234532263195
SL-6 R/B(2)             
1 21121U 91012D   26276.79876160 -.00000007  00000+0  00000+0 0  9993
2 21121  64.6406 155.7832 6512209 251.9936  30.9953  2.05803522 99369
SL-12 R/B(2)            
1 21129U 91010F   26276.74295184 -.00000379  00000+0  00000+0 0  9997
2 21129  13.0798 341.5986 0018632 236.4467 180.1783  1.00122773130761
RADUGA 27               
1 21132U 91014A   26277.04766889 -.00000367  00000+0  00000+0 0  9991
2 21132  13.2378 336.0343 0001686 281.3703 259.6925  1.00295182130406
MOLNIYA 3-40            
1 21196U 91022A   26275.73102702 -.00000805  00000+0  00000+0 0  9999
2 21196  64.7133 179.5810 6460623 252.0812  31.5407  2.03020786261527
SL-6 R/B(2)             
1 21199U 91022D   26271.64856133 -.00000720  00000+0  00000+0 0  9998
2 21199  64.4444 133.1223 6716295 250.7257  29.4780  2.05840054266720
SPACENET 4 (ASC 2)      
1 21227U 91028A   26277.23461228 -.00000231  00000+0  00000+0 0  9991
2 21227  13.8475  13.0258 0006525 303.2923  73.7634  0.99566287127465
SPACENET 4 R/B [PAM-D]  
1 21229U 91028C   26274.86189678 -.00000167  00000+0  00000+0 0  9993
2 21229  21.9631 248.1525 6890771 292.9407 325.9103  2.19703441284635
MOLNIYA 1-81            
1 21426U 91043A   26276.74708797  .00000099  00000+0  00000+0 0  9990
2 21426  63.4127 168.5087 6797055 257.1700  24.6543  2.00608816258646
SL-6 R/B(2)             
1 21429U 91043D   26275.93543378  .00000808  00000+0  00000+0 0  9993
2 21429  63.5929 237.0564 6802606 261.5690  22.2764  1.96663759253485
SL-12 R/B(2)            
1 21536U 91046D   26276.87712017  .00000093  00000+0  00000+0 0  9993
2 21536  12.7334 337.7579 0016328 254.5134 124.4029  1.00929789124907
TDRS 5                  
1 21639U 91054B   26276.50247199  .00000078  00000+0  00000+0 0  9993
2 21639  14.0591 352.9651 0009838 252.3521 140.1554  1.00269520128806
IUS R/B(2)              
1 21641U 91054D   26273.96424791 -.00000196  00000+0  00000+0 0  9990
2 21641  13.6312 332.0883 0036077 349.8742  10.3540  1.00312048 48429
COSMOS 2155             
1 21702U 91064A   26277.22362528  .00000005  00000+0  00000+0 0  9999
2 21702  13.0332 338.4867 0003975 245.8174  47.5944  1.00248554128429
SL-12 R/B(2)            
1 21703U 91064B   26277.29395595  .00000091  00000+0  00000+0 0  9992
2 21703  13.2393 339.1568 0002219 345.4311   8.9721  0.99890343121237
MOLNIYA 3-41            
1 21706U 91065A   26275.04209993 -.00001326  00000+0  21682-3 0  9999
2 21706  62.5763 302.1735 7414389 254.3773  19.5381  2.04531068258905
SL-12 R/B(2)            
1 21762U 91074D   26261.92518206 -.00000048  00000+0  00000+0 0  9990
2 21762  13.3815 340.6954 0003002 245.5791 115.1363  0.99708786120614
INTELSAT 601 (IS-601)   
1 21765U 91075A   26274.24677889 -.00000268  00000+0  00000+0 0  9990
2 21765  13.4943  16.1370 0002143 275.3814 140.3214  0.99595054127433
COSMOS 2172             
1 21789U 91079A   26275.03121464 -.00000266  00000+0  00000+0 0  9999
2 21789  13.1665 339.5836 0003081 343.0510  24.2327  1.00225994 48437
ATLAS 2 CENTAUR R/B     
1 21804U 91083B   26276.92002376 -.00000176  00000+0  58664-2 0  9993
2 21804  17.1155 251.0573 7350144 332.3226   2.7845  1.91163014243309
IUS R/B(2)              
1 21807U 91080D   26258.39179103  .00000023  00000+0  00000+0 0  9995
2 21807  13.4211 341.9869 0021177 350.2016   9.7772  1.01279125 26881
RADUGA 28               
1 21821U 91087A   26276.86981551 -.00000236  00000+0  00000+0 0  9995
2 21821  13.2853 340.2631 0005270 204.6899 226.6329  1.00359809127419
IABS R/B                
1 21877U 92006C   26261.98375752 -.00000118  00000+0  00000+0 0  9994
2 21877   7.3482 320.8881 0659825 106.4322 260.8805  1.10787110 28919
METEOSAT-5 AKM          
1 21904U 91015E   26276.33706885  .00000050  00000+0  00000+0 0  9998
2 21904  12.1694 337.6693 0159888 239.8285 118.5822  1.00146137117452
GORIZONT 25             
1 21922U 92017A   26277.23336059 -.00000099  00000+0  00000+0 0  9997
2 21922  13.4523 341.8214 0024076 118.9130 257.6204  0.99844028126033
TELECOM 2B              
1 21939U 92021A   26276.87477910 -.00000117  00000+0  00000+0 0  9992
2 21939  14.5876   2.8940 0013318 124.8975 291.8088  0.99505127118477
PALAPA B4               
1 21964U 92027A   26277.31293551 -.00000128  00000+0  00000+0 0  9995
2 21964  13.3475  16.4680 0000653 285.8904  87.7103  0.99931205 48288
DELTA 2 R/B(2)          
1 21966U 92027C   26276.40151851 -.00000446  00000+0  00000+0 0  9995
2 21966  22.4945  62.3481 6456635 102.1863 332.3587  2.05332801257999
INSAT-2A                
1 22027U 92041A   26276.54759377 -.00000237  00000+0  00000+0 0  9990
2 22027  14.4678 350.9834 0011110 276.2602  91.9602  1.00228577125148
GORIZONT 26             
1 22041U 92043A   26276.86597411 -.00000008  00000+0  00000+0 0  9998
2 22041  13.7680 344.0225 0036059 275.1942 146.4702  0.99240152124552
OPTUS B1 R/B(STAR 63F)  
1 22089U 92054C   26277.02613110  .00000278  00000+0  10345-2 0  9990
2 22089  22.6981 170.1913 7249102  46.3362 354.3665  2.24638518275401
DELTA 2 R/B(2)          
1 22098U 92057C   26276.48059340  .00000023  00000+0  00000+0 0  9993
2 22098  20.0697 270.3418 6764730 185.7856 159.4752  2.17558069270921
COSMOS 2209             
1 22112U 92059A   26277.18763708 -.00000222  00000+0  00000+0 0  9992
2 22112  13.5120 341.8368 0011528 343.0842  30.3306  1.00167028124711
HELLAS-SAT 1 (DFS 3)    
1 22175U 92066A   26276.59023529 -.00000358  00000+0  00000+0 0  9993
2 22175  14.3000   6.2359 0002366 218.5864 136.4377  0.99735269121626
DELTA 2 R/B(2)          
1 22177U 92066C   26276.32693777 -.00000187  00000+0  00000+0 0  9994
2 22177  19.3899  77.4005 6841561 266.5738  12.2551  2.18728989 52075
MOLNIYA 3-42            
1 22178U 92067A   26276.06029325 -.00000002  00000+0  00000+0 0  9995
2 22178  64.2856  28.1717 7023020 246.7119  28.5345  2.20432705114630
SL-6 R/B(2)             
1 22181U 92067D   26275.68209560 -.00000013  00000+0  00000+0 0  9999
2 22181  64.0075 146.5154 6898239 251.1784  27.0564  2.00390439245596
SL-6 R/B(2)             
1 22192U 92069D   26276.47834006  .00000722  00000+0  00000+0 0  9996
2 22192  68.6173  79.4606 6391404 349.6958 207.5369  2.02811915246533
GALAXY 7 (G-7)          
1 22205U 92072A   26277.22404225 -.00000031  00000+0  00000+0 0  9999
2 22205  14.5503   2.4467 0003977  45.3460 298.4621  0.99700022117967
EKRAN 20                
1 22210U 92074A   26276.86411435 -.00000154  00000+0  00000+0 0  9993
2 22210  13.6253 343.5015 0005276 229.4964 188.3442  1.00327503 48469
SL-6 R/B(2)             
1 22241U 92081D   26276.37091312  .00000321  00000+0  00000+0 0  9994
2 22241  68.6077   0.2350 6390442  13.1468 357.7815  2.03447115251526
GORIZONT 27             
1 22245U 92082A   26274.24677889 -.00000220  00000+0  00000+0 0  9991
2 22245  13.6522 343.1931 0011380  27.8598  62.1116  1.00208129128182
HIMAWARI-3 AKM          
1 22266U 84080E   26276.88953462 -.00000203  00000+0  00000+0 0  9990
2 22266   9.3246 315.4971 0135610 115.8192 253.8003  0.99756908118573
COSMOS 2224             
1 22269U 92088A   26277.05902117 -.00000311  00000+0  00000+0 0  9991
2 22269  13.5957 347.1814 0007968 266.7534  88.7419  1.00200164123179
SL-12 R/B(2)            
1 22272U 92088D   26268.27128192  .00000081  00000+0  00000+0 0  9995
2 22272  13.7052 347.7134 0009092 175.6450 133.2019  1.00069805 48282
TDRS 6                  
1 22314U 93003B   26277.05460726 -.00000303  00000+0  00000+0 0  9996
2 22314  14.1861 356.2372 0009852 206.5893 143.7204  1.00268027123496
RADUGA 29               
1 22557U 93013A   26276.65185894 -.00000341  00000+0  00000+0 0  9993
2 22557  13.7790 344.3003 0004057 204.0860 192.0782  1.00290529122779
ARSENE (AO-24)          
1 22654U 93031B   26277.20507878 -.00000137  00000+0  00000+0 0  9996
2 22654   5.4819  43.8943 2867319 344.3403 219.2874  1.42202573168976
TITAN 34D TRANSTAGE DEB 
1 22668U 88077D   26277.02115795  .00001266  00000+0  11063-2 0  9995
2 22668  26.3444 137.4149 7349073 108.1489 338.5143  2.16520981 57533
TITAN 34D TRANSTAGE DEB 
1 22669U 88077E   26277.16746723  .00000340  00000+0  82688-3 0  9996
2 22669  26.2344 171.6041 7363004  60.7892 352.5259  2.11823520 56425
HGS-4 (GALAXY 4)        
1 22694U 93039A   26276.99219635 -.00000087  00000+0  00000+0 0  9998
2 22694  14.5611 354.2941 0010912  49.2229  38.1507  1.00270741120090
HISPASAT 1B             
1 22723U 93048A   26276.86440691 -.00000069  00000+0  00000+0 0  9995
2 22723  13.8116  12.2759 0004115 278.3028 115.3835  0.99715932120920
INSAT-2B                
1 22724U 93048B   26276.57967677 -.00000148  00000+0  00000+0 0  9990
2 22724  14.4844   1.7574 0018139 227.9024 156.9584  0.99990249121661
SL-6 R/B(2)             
1 22744U 93051D   26274.19721388  .00000663  00000+0  00000+0 0  9990
2 22744  67.9297 288.6296 6219100  67.6228 345.0961  2.05607390247410
UFO 2 (USA 95)          
1 22787U 93056A   26275.84686353  .00000120  00000+0  00000+0 0  9995
2 22787  11.9335   2.9445 0002599 215.2248 126.9784  1.00270897119623
ACTS                    
1 22796U 93058B   26277.22411778 -.00000117  00000+0  00000+0 0  9995
2 22796  14.5695 354.7257 0051834  84.7318 268.2396  1.00273405127999
TOS R/B                 
1 22797U 93058D   26276.76331772  .00000305  00000+0  69503-3 0  9994
2 22797  15.3939  24.5186 7366195 164.7206 244.2440  2.13591829250713
RADUGA 30               
1 22836U 93062A   26276.86400687 -.00000123  00000+0  00000+0 0  9998
2 22836  13.9665 346.3321 0005311 318.2078  95.0477  1.00258809 47099
SL-12 R/B(2)            
1 22839U 93062D   26258.93154807  .00000049  00000+0  00000+0 0  9995
2 22839  13.9116 346.1862 0007379  96.3783 258.4172  1.00316718119769
GORIZONT 28             
1 22880U 93069A   26276.74685394 -.00000346  00000+0  00000+0 0  9998
2 22880  14.0723 347.2395 0031292 178.4292 238.6487  0.99654539120216
GORIZONT 29             
1 22907U 93072A   26274.89766073  .00000021  00000+0  00000+0 0  9999
2 22907  13.9426 346.5414 0010699 358.0669 359.3233  1.00155229120237
SOLIDARIDAD 1           
1 22911U 93073A   26277.31036534 -.00000143  00000+0  00000+0 0  9993
2 22911  14.4122   1.5375 0010581 246.5389 134.7949  1.00276444118964
IABS R/B                
1 22916U 93074B   26265.97489534 -.00000149  00000+0  00000+0 0  9996
2 22916  13.7207 341.2929 0057647 111.1698 249.4817  1.00007039 26887
DELTA 2 R/B(2)          
1 22923U 93076C   26277.32951851 -.00000250  00000+0 -56475-3 0  9999
2 22923  22.9219 227.4593 7086885 311.2627 327.1226  2.24129586268829
TELSTAR 401             
1 22927U 93077A   26277.22520071 -.00000142  00000+0  00000+0 0  9997
2 22927  14.4228 350.0181 0008068 176.9199 184.8121  1.00286196119679
MOLNIYA 1-87            
1 22949U 93079A   26277.08161637  .00000071  00000+0  00000+0 0  9996
2 22949  64.8319 271.8057 6736686 267.9892  19.9250  2.02879069106774
SL-6 R/B(2)             
1 22952U 93079D   26274.83215653 -.00000465  00000+0  00000+0 0  9996
2 22952  64.4832 211.3247 6524457 262.3030  24.6658  2.06893419246979
GALS 1                  
1 22963U 94002A   26276.87298147 -.00000251  00000+0  00000+0 0  9993
2 22963  14.5163 353.0038 0013117 230.4515 191.0190  1.00353890119808
SL-12 R/B(2)            
1 22966U 94002D   26276.93558690 -.00000216  00000+0  00000+0 0  9996
2 22966  13.8704 343.2978 0040618 152.1336 319.5985  0.99465938118166
VEP                     
1 22979U 94007B   26276.25788348 -.00000243  00000+0 -85863-4 0  9991
2 22979  29.1700 342.2259 7227360 354.7961   0.7250  2.25997425268745
RADUGA-1 3              
1 22981U 94008A   26276.79139576 -.00000325  00000+0  00000+0 0  9992
2 22981  14.1266 347.3893 0002319 244.9825 164.2892  1.00292767119579
TITAN 4 CENTAUR R/B     
1 22989U 94009B   26261.10796957 -.00000082  00000+0  00000+0 0  9992
2 22989  16.9533  21.7660 0014845 240.2443 119.6257  1.00583799 26227
RADUGA 31               
1 23010U 94012A   26276.82872049  .00000103  00000+0  00000+0 0  9997
2 23010  14.0931 347.4158 0001400 185.0666 182.4774  1.00264799119445
DELTA 2 R/B(2)          
1 23018U 94013C   26271.16526134  .00000032  00000+0  00000+0 0  9990
2 23018  24.2252 210.1294 6529557 259.4329  26.2482  2.02368431240835
TITAN 34D TRANSTAGE DEB 
1 23039U 88077J   26274.07702606 -.00000498  00000+0 -60890-3 0  9994
2 23039  26.7066  86.9695 7381514 320.5357   4.1939  2.03943341 53376
TITAN 34D TRANSTAGE DEB 
1 23040U 88077K   26276.52566757  .00000060  00000+0  72686-3 0  9992
2 23040  27.2540 348.8075 7301210   6.5036 359.3857  2.19081471 59221
TITAN 34D TRANSTAGE DEB 
1 23041U 88077L   26275.28195926  .00000102  00000+0  73027-3 0  9998
2 23041  27.1992 338.1919 7273097  23.9015 357.4085  2.22459212 59095
GORIZONT 30             
1 23108U 94030A   26277.25239354 -.00000016  00000+0  00000+0 0  9993
2 23108  14.0161 347.3710 0005731 281.1204  75.6659  1.00161485118541
ARIANE 44LP+ R/B        
1 23127U 94034D   26276.83867197 -.00000017  00000+0  65623-4 0  9991
2 23127   7.2541 269.0505 7222273 211.6839  70.3384  2.26784079264099
TITAN 34D TRANSTAGE DEB 
1 23130U 88077M   26276.61113382  .00000105  00000+0  17015-1 0  9997
2 23130  27.4787  42.3555 7284783 123.2362 327.4937  2.00708914 53215
UFO 3 (USA 104)         
1 23132U 94035A   26272.97006156 -.00000102  00000+0  00000+0 0  9997
2 23132  12.4157   5.0554 0004834 243.6346  98.7679  1.00271491132747
COSMOS 2282             
1 23168U 94038A   26277.26959248  .00000087  00000+0  00000+0 0  9996
2 23168  13.8504 351.9037 0005461 145.3663 167.4748  1.00318285118099
SL-12 R/B(2)            
1 23171U 94038D   26258.00481111 -.00000098  00000+0  00000+0 0  9993
2 23171  14.2033 353.2969 0023418 154.1482 218.9788  0.99432019116917
OPTUS B3 PKM            
1 23229U 94055C   26276.47806339  .00000062  00000+0  77306-3 0  9997
2 23229  24.0731 339.3227 7340548 183.1359 166.1108  2.13896615246597
KIKU-6 (ETS-VI)         
1 23230U 94056A   26276.80792041 -.00000055  00000+0  00000+0 0  9997
2 23230  12.2030 231.3879 5078906 199.6007 158.4107  1.67088933196063
ARIANE 44L+ DEB         
1 23241U 92021L   26277.10437166  .00000436  00000+0  30258-1 0  9999
2 23241   3.5499 259.7382 7052783 346.1666 101.7789  2.24757492266485
ARIANE 44L+ DEB         
1 23242U 92021M   26277.29675166 -.00000172  00000+0  56601-2 0  9993
2 23242   3.8625 295.8072 7041648 258.4316  75.2938  2.24664591119465
ARIANE 44L+ DEB         
1 23244U 92021N   26277.29512586 -.00000018  00000+0  00000+0 0  9999
2 23244   4.7514 359.8614 6884347 112.5406 321.8240  2.21562256261531
TITAN 4 CENTAUR R/B     
1 23247U 94054B   26267.41769776  .00000028  00000+0  00000+0 0  9998
2 23247  12.2305 353.8775 0114242 356.6125   3.3466  0.99586723 26518
ETS 6 DEB               
1 23248U 94056C   26259.22797623 -.00000152  00000+0  00000+0 0  9992
2 23248  12.1376 134.3075 5149000  13.4733 174.8095  1.70300974199255
COSMOS 2291             
1 23267U 94060A   26276.96171766 -.00000067  00000+0  00000+0 0  9997
2 23267  14.1154 348.8044 0008590 237.5650 128.1800  1.00288817117294
SL-12 R/B(2)            
1 23270U 94060D   26261.71539561 -.00000014  00000+0  00000+0 0  9991
2 23270  14.2276 349.3755 0007630 161.5310 173.7447  1.00053610116475
THAICOM 2               
1 23314U 94065B   26277.07083150 -.00000049  00000+0  00000+0 0  9997
2 23314  11.6743  37.6444 0005010 194.1434 353.0203  0.99594733 47452
EXPRESS 1               
1 23319U 94067A   26276.68031127 -.00000369  00000+0  00000+0 0  9992
2 23319  14.5492   1.1777 0006777 248.2270 138.4450  0.99830265116667
SL-12 R/B(2)            
1 23322U 94067D   26277.18787255 -.00000232  00000+0  00000+0 0  9991
2 23322  13.8041 344.0670 0006573 160.7891 212.4533  1.00165345117103
ELEKTRO (GOMS 1)        
1 23327U 94069A   26276.86992318 -.00000185  00000+0  00000+0 0  9997
2 23327  14.4396 348.4502 0009776 267.4810 152.0567  1.00272004116964
SL-12 R/B(2)            
1 23330U 94069D   26276.49168549 -.00000108  00000+0  00000+0 0  9996
2 23330  14.4406 348.4961 0021287 160.3172 207.1342  1.00143147116746
DFH 3-1                 
1 23415U 94080A   26277.07856389 -.00000291  00000+0  00000+0 0  9997
2 23415  13.6163 343.7175 0095651  24.9011 330.6471  1.00964001136768
LUCH                    
1 23426U 94082A   26276.34551624  .00000084  00000+0  00000+0 0  9993
2 23426  14.7365 353.7453 0007564 221.2642 138.6945  1.00180954116345
RADUGA 32               
1 23448U 94087A   26276.86400676 -.00000128  00000+0  00000+0 0  9999
2 23448  14.2786 350.1523 0009547 266.4248 143.4377  1.00261226133979
SL-12 R/B(2)            
1 23451U 94087D   26267.18075628 -.00000194  00000+0  00000+0 0  9996
2 23451  14.3031 350.2391 0008466 152.2643 200.1960  1.00062318 48268
UFO 4 (USA 108)         
1 23467U 95003A   26276.57698025 -.00000029  00000+0  00000+0 0  9994
2 23467   9.7143  12.7178 0002986 179.9442 199.6240  1.00272420116046
HIMAWARI-5 AKM          
1 23524U 95011D   26277.30252703 -.00000169  00000+0  00000+0 0  9993
2 23524  13.5673 347.3880 0216432  17.7610 355.7024  1.01258952 48197
TITAN 4 CENTAUR R/B     
1 23568U 95022B   26276.78978651 -.00000119  00000+0  00000+0 0  9996
2 23568  18.3488   5.0894 0006912 341.5617  18.4296  1.00563499 26992
SL-6 R/B(2)             
1 23587U 95026D   26276.28515488 -.00000673  00000+0  00000+0 0  9996
2 23587  66.6647 195.8469 6602519  28.7626 355.4178  2.03331424232781
TDRS 7                  
1 23613U 95035B   26276.87488661 -.00000246  00000+0  00000+0 0  9999
2 23613  13.2932 347.4325 0010234  98.4799 330.7633  1.00268350114344
ARIANE 42L+3 R/B        
1 23637U 95040B   26277.28499837 -.00000227  00000+0  11313-3 0  9996
2 23637   4.5819 300.1362 7205932  87.4608 351.6082  2.18790997248973
KOREASAT 1              
1 23639U 95041A   26276.87488670 -.00000119  00000+0  00000+0 0  9993
2 23639  14.7288 357.7785 0005867 242.0369 176.6472  0.99662490113619
MOLNIYA 3-47            
1 23642U 95042A   26276.46250125 -.00000780  00000+0  00000+0 0  9999
2 23642  64.8370 258.0482 6642682 267.9934  20.7580  2.01977962228704
SL-6 R/B(2)             
1 23645U 95042D   26277.00560111 -.00001149  00000+0  00000+0 0  9992
2 23645  64.7887 301.7374 6974802 269.8202  17.1937  1.99221247224094
ATLAS 2 CENTAUR R/B(2)  
1 23648U 95038C   26260.99313873  .00000035  00000+0  00000+0 0  9993
2 23648  13.6710 344.5631 0021587 291.0916  68.7049  1.01262754 27012
COSMOS 2319             
1 23653U 95045A   26274.83360748  .00000106  00000+0  00000+0 0  9997
2 23653  14.3303 351.9103 0006960 261.1547 104.3530  1.00168100113866
SL-12 R/B(2)            
1 23656U 95045D   26276.55228683 -.00000256  00000+0  00000+0 0  9999
2 23656  14.3925 352.1892 0017092  58.2617 309.0840  1.00185965113752
TELSTAR 4 (TELSTAR 402R)
1 23670U 95049A   26277.33455073 -.00000202  00000+0  00000+0 0  9992
2 23670  13.6703  11.8572 0002194 258.0180 132.6075  1.00258352113605
LUCH-1                  
1 23680U 95054A   26276.99219627 -.00000096  00000+0  00000+0 0  9994
2 23680  15.0503 358.3637 0006477 163.5395 280.5890  1.00272086113447
ARIANE 42L+3 R/B        
1 23687U 95055B   26276.88636495  .00000130  00000+0  54680-3 0  9991
2 23687   4.4504 216.6152 7235764  66.6107 350.9053  2.22346788250484
USA 115 (MILSTAR-1 2)   
1 23712U 95060A   26277.12532527 -.00000210  00000+0  00000+0 0  9998
2 23712  14.1123   2.9236 0005692 171.4400 153.6319  1.00271206 33979
TITAN 401 CENTAUR R/B   
1 23713U 95060B   26258.13850307 -.00000279  00000+0  00000+0 0  9993
2 23713  14.4027 358.1494 0036752 227.7658 131.9410  1.00589070 26333
ISO                     
1 23715U 95062A   26276.41983354 -.00000406  00000+0 -49577-2 0  9995
2 23715   0.4861  39.9453 8318694 281.9877   2.4910  1.02201788114802
ARIANE 44P+3 R/B        
1 23716U 95062B   26275.07746243 -.00000104  00000+0  43521-3 0  9999
2 23716   6.7000  13.7108 8377538  53.2962 356.6346  0.95005280107226
GALS 2                  
1 23717U 95063A   26277.32139896  .00000087  00000+0  00000+0 0  9991
2 23717  14.5163   1.7584 0006465 314.9737  24.3200  0.99885068112718
INSAT-2C                
1 23731U 95067B   26276.50400881  .00000044  00000+0  00000+0 0  9998
2 23731  14.3688   7.4240 0001411  20.3734   3.8145  0.99786581112492
GALAXY 3R (G-3R)        
1 23741U 95069A   26277.26380117 -.00000221  00000+0  00000+0 0  9992
2 23741  13.3918  15.4040 0003654 160.3442 203.5671  1.00319535112911
ABS-1A                  
1 23768U 96003A   26276.60808569 -.00000272  00000+0  00000+0 0  9999
2 23768  12.7525  24.7008 0003880 172.8107 187.3408  0.99802421112253
DELTA 2 R/B(2)          
1 23770U 96003C   26277.28236095 -.00000112  00000+0  00000+0 0  9999
2 23770  21.0243  93.8541 6879483  48.1814 265.0372  2.19761367246744
GORIZONT 31             
1 23775U 96005A   26273.96797458 -.00000135  00000+0  00000+0 0  9997
2 23775  14.3958 353.7988 0022218 251.0126 107.6605  0.99900292112101
PAKSAT 1 (ANATOLIA 1)   
1 23779U 96006A   26277.28532943  .00000069  00000+0  00000+0 0  9992
2 23779  11.0832  44.8169 0009300 183.2118  95.5848  0.99593535111935
POLAR                   
1 23802U 96013A   26276.64170018  .00000095  00000+0  00000+0 0  9996
2 23802  80.0045 225.7448 6582370 205.3639  97.4441  1.29845611146260
INMARSAT 3-F1           
1 23839U 96020A   26277.20698546 -.00000232  00000+0  00000+0 0  9992
2 23839  10.8253  45.5972 0007524 165.7596  30.3685  1.00003374111348
SL-12 R/B(2)            
1 23845U 96021D   26277.16694527 -.00000121  00000+0  00000+0 0  9997
2 23845   4.9717 219.9472 3964768 293.5647 271.5798  1.64337517182990
GALAXY 9 (G-9)          
1 23877U 96033A   26276.97047103  .00000082  00000+0  00000+0 0  9990
2 23877  12.2544  31.5574 0010647 178.9442 191.7516  0.99538569 47448
DELTA 2 R/B(2)          
1 23879U 96033C   26277.06039292  .00000069  00000+0  00000+0 0  9998
2 23879  22.3727 242.5397 6790332  67.8001 348.3716  2.11148022 99223
GORIZONT 32             
1 23880U 96034A   26277.13780831 -.00000382  00000+0  00000+0 0  9990
2 23880  14.3771 354.1451 0008475 358.8249 187.3640  1.00170199111125
TURKSAT 1C              
1 23949U 96040B   26276.63405227 -.00000358  00000+0  00000+0 0  9993
2 23949  12.2226  29.2940 0008301 185.9232 153.9078  1.00293143110763
UFO 7 (USA 127)         
1 23967U 96042A   26277.23204391 -.00000262  00000+0  00000+0 0  9995
2 23967  11.2231  16.4636 0005926 139.6838 224.5329  1.00173176110583
ITALSAT 2               
1 24208U 96044A   26276.74789925 -.00000318  00000+0  00000+0 0  9994
2 24208  13.8519   5.9930 0025432 161.8561 238.9235  1.00781713110692
INMARSAT 3-F2           
1 24307U 96053A   26276.96995103  .00000127  00000+0  00000+0 0  9992
2 24307  10.0990  52.8022 0005647 139.7154 206.2048  0.99986025110000
ECHOSTAR 2              
1 24313U 96055A   26277.23577962 -.00000304  00000+0  00000+0 0  9999
2 24313  12.1365  30.6708 0010668 106.5888 259.2957  1.00291702110119
AMC-1 (GE-1)            
1 24315U 96054A   26277.27163909 -.00000305  00000+0  00000+0 0  9997
2 24315   9.3763  57.9369 0009390 208.4571 325.2203  0.99506703 47324
EXPRESS 2               
1 24435U 96058A   26276.62753259 -.00000339  00000+0  00000+0 0  9992
2 24435  14.5558 353.5068 0009161 350.7612 356.4463  1.00260905109890
AFRICASAT-2 (MEASAT-2)  
1 24653U 96063B   26277.16937194 -.00000289  00000+0  00000+0 0  9996
2 24653  12.4200  28.1270 0006351 200.3191 170.1987  0.99659394109379
INMARSAT 3-F3           
1 24674U 96070A   26277.23501668 -.00000268  00000+0  00000+0 0  9995
2 24674  10.5502  48.5741 0006709 168.0286 174.2842  0.99985263108996
ATLAS 2A CENTAUR R/B    
1 24675U 96070B   26276.87900247 -.00000198  00000+0  00000+0 0  9993
2 24675  22.3475 114.8606 6990886  54.7043 357.6239  2.22634275242347
ISO DEB                 
1 24700U 95062C   26276.16921216 -.00000086  00000+0  00000+0 0  9999
2 24700   4.9468  23.1790 8259113  43.6811 349.9857  1.00126969 44063
AMC-2 (GE-2)            
1 24713U 97002A   26277.26894448  .00000000  00000+0  00000+0 0  9992
2 24713  11.0369  44.2109 0007577 165.5483 153.6915  0.99465359108501
IUS R/B(2)              
1 24740U 97008D   26276.75231265 -.00000021  00000+0  00000+0 0  9997
2 24740  14.6735   3.1347 0024901 201.5831 158.3256  0.99494054 26876
COSMOS 2340             
1 24761U 97015A   26276.91283083 -.00000713  00000+0  00000+0 0  9999
2 24761  65.3327 141.3256 6282166 150.7490 267.6190  2.00795729216020
SL-6 R/B(2)             
1 24764U 97015D   26276.77357708 -.00000712  00000+0  00000+0 0  9991
2 24764  66.9132  68.2282 5971240 130.9811 298.6520  2.03162951218733
THAICOM 3               
1 24768U 97016A   26277.16763860 -.00000218  00000+0  00000+0 0  9991
2 24768  13.1636  24.3352 0085779  54.0551 311.1853  0.98753855107026
GOES 10                 
1 24786U 97019A   26277.23453811 -.00000172  00000+0  00000+0 0  9993
2 24786  13.2550  20.2701 0031815 239.9000 129.6412  0.99123225107150
DFH 3-2                 
1 24798U 97021A   26276.87278181 -.00000226  00000+0  00000+0 0  9993
2 24798  13.5948  12.9804 0007197 139.5118 263.5594  1.00174103107614
COSMOS 2342             
1 24800U 97022A   26272.11923778 -.00000070  00000+0  00000+0 0  9997
2 24800  67.6237 240.4947 6454938 124.7974 313.6022  1.99597529214482
SL-6 R/B(2)             
1 24803U 97022D   26276.83316514  .00000124  00000+0  00000+0 0  9996
2 24803  68.4599 287.6261 6041167  62.9141 345.5165  2.04226254219187
DELTA 2 R/B(2)          
1 24810U 97025C   26268.08328198 -.00000054  00000+0  00000+0 0  9999
2 24810  18.8030 167.1570 6964587 241.7612 308.7942  2.16109361231808
SL-12 R/B(2)            
1 24815U 97026D   26276.36539962 -.00000083  00000+0  00000+0 0  9990
2 24815  19.2581 357.7144 5343468 100.9708 310.1539  1.89868769203590
INMARSAT 3-F4           
1 24819U 97027A   26276.95478437 -.00000163  00000+0  00000+0 0  9998
2 24819  11.7205  36.8075 0007753  93.7650 324.9487  0.99494593107145
INSAT-2D                
1 24820U 97027B   26267.51919365 -.00000092  00000+0  00000+0 0  9993
2 24820  12.6471 344.6698 0333266 132.4223 265.3182  1.04790923 50545
PAS 6                   
1 24891U 97040A   26277.28541914 -.00000219  00000+0  00000+0 0  9993
2 24891   8.7416 328.6463 0690654 255.5880  74.1048  0.93698450 77920
COSMOS 2345             
1 24894U 97041A   26277.25250821 -.00000095  00000+0  00000+0 0  9990
2 24894  14.4115 356.9186 0165438 302.7197  44.2687  1.00389958106741
SL-12 R/B(2)            
1 24897U 97041D   26260.52822500 -.00000008  00000+0  00000+0 0  9998
2 24897  14.5209 357.4243 0357733 304.0526  78.2353  1.00010652106289
SL-12 R/B(2)            
1 24919U 97046D   26277.28420581 -.00000082  00000+0  00000+0 0  9994
2 24919  13.2660 107.4536 4781930  29.0589 139.2296  1.79817189191101
ATLAS 2AS CENTAUR R/B   
1 24937U 97050B   26277.28879874  .00001235  00000+0  92831-3 0  9999
2 24937  18.5788 268.7616 7277536  44.8228 354.8145  2.25908934217513
TITAN 3C TRANSTAGE DEB  
1 25000U 68081G   26277.23252253 -.00000337  00000+0  00000+0 0  9990
2 25000   2.1182  47.6275 0112362 287.3104  46.0245  1.01035453126411
TITAN 3C TRANSTAGE DEB  
1 25001U 68081H   26277.29503919 -.00000175  00000+0  00000+0 0  9995
2 25001   2.2690  54.8802 0059421 356.8904 306.9154  1.01695335119420
USA 134                 
1 25019U 97065A   26277.25838097 -.00000070  00000+0  00000+0 0  9996
2 25019  12.9139  20.8841 0003953 263.6241  69.0576  1.00269920 34044
IABS R/B                
1 25021U 97065C   26259.42505309 -.00000093  00000+0  00000+0 0  9990
2 25021  14.1558 351.4088 0050638 210.7658 179.7152  1.01055272107425
KUPON                   
1 25045U 97070A   26276.72881629 -.00000146  00000+0  00000+0 0  9995
2 25045  14.5409 353.7885 0005184 298.6893  61.2743  1.00233283105734
SL-12 R/B(2)            
1 25048U 97070D   26255.88864465  .00000089  00000+0  00000+0 0  9996
2 25048  14.7250 353.5747 0014763 170.6175 199.6349  0.99633044104905
INDOSTAR 1              
1 25050U 97071B   26276.85397281 -.00000044  00000+0  00000+0 0  9999
2 25050  13.0765  19.2056 0003018 263.4750 102.8532  1.00359963105898
EQUATOR S               
1 25068U 97075B   26276.73774107  .00000005  00000+0  49908-3 0  9995
2 25068   2.4429 227.8376 8292560  31.2177 358.1183  1.07781468113637
SL-12 R/B(2)            
1 25074U 97076D   26276.19590065 -.00000093  00000+0  00000+0 0  9996
2 25074  14.0448   8.9881 4366702  61.2996 261.7162  1.71945865181052
GALAXY 8 (G-8)          
1 25086U 97078A   26271.87183818  .00000017  00000+0  00000+0 0  9990
2 25086  14.1175   9.1104 0003823  75.1331 257.0323  0.99703545104978
INTELSAT 804 (IS-804)   
1 25110U 97083A   26276.58068203 -.00000104  00000+0  00000+0 0  9995
2 25110  13.2610  16.7928 0005992  20.7399 347.5825  1.00271998105425
HGS 1 (ASIASAT 3)       
1 25126U 97086A   26274.17519550 -.00000267  00000+0  00000+0 0  9994
2 25126  13.3326  30.8248 0048040  52.7945 311.3032  1.00246288106202
DELTA 2 R/B(2)          
1 25136U 98002C   26277.07481818 -.00000055  00000+0  00000+0 0  9996
2 25136  23.5881  70.2669 6983432 346.7113 215.5829  2.19856424230802
ATLAS 2A R/B            
1 25149U 98005B   26276.78688588 -.00000315  00000+0  00000+0 0  9992
2 25149  62.1256 165.1918 6742471 281.6952  15.0003  2.06892206 54238
INMARSAT 3-F5           
1 25153U 98006B   26276.80930708 -.00000299  00000+0  00000+0 0  9996
2 25153   9.9317  52.1438 0004768 142.6433  55.0903  1.00274640104986
UFO 8 (USA 138)         
1 25258U 98016A   26276.61919538 -.00000236  00000+0  00000+0 0  9991
2 25258  11.2641  22.0685 0006070 232.4777 129.6256  1.00249841104956
COSMOS 2350             
1 25315U 98025A   26276.86588191 -.00000174  00000+0  00000+0 0  9990
2 25315  14.0025   3.0391 0006928 183.1705 218.9986  1.00277059104106
SL-12 R/B(2)            
1 25318U 98025D   26258.87136583  .00000000  00000+0  00000+0 0  9995
2 25318  14.0202   3.2071 0029859 138.4254 234.4909  1.00032727103684
COSMOS 2351             
1 25327U 98027A   26276.43157591  .00000998  00000+0  00000+0 0  9997
2 25327  63.9156 106.5508 6984466 180.0615 179.8989  2.00689252208139
SL-12 R/B(2)            
1 25334U 98028D   26274.46855479 -.00000172  00000+0  00000+0 0  9992
2 25334  17.3516 342.9970 4858016   9.7100 320.4057  1.82177720188985
TITAN 4B CENTAUR R/B    
1 25337U 98029B   26276.53151122 -.00000312  00000+0  00000+0 0  9996
2 25337   7.5575 342.3117 0046765 181.1790 178.7751  1.00265204 26933
TITAN 4B CENTAUR R/B    
1 25349U 96026B   26262.42604101  .00000019  00000+0  00000+0 0  9990
2 25349   6.8348 350.6803 0445441  39.6714 323.5163  0.99566607 26572
METEOSAT-7 AKM          
1 25353U 97049E   26276.28128419 -.00000111  00000+0  00000+0 0  9997
2 25353  14.1903 358.4252 0073555 336.5580  23.1249  1.00654376112593
DELTA 2 R/B(2)          
1 25360U 98035C   26277.22613887 -.00000151  00000+0  00000+0 0  9998
2 25360  18.5409 146.2816 6949818  82.9778  21.3052  2.11096073218147
INTELSAT 805 (IS-805)   
1 25371U 98037A   26264.20280941 -.00000170  00000+0  00000+0 0  9998
2 25371   8.0655  64.8896 0030553 182.4118 179.9183  0.99475171103326
CZ-3B R/B               
1 25405U 98044B   26277.26318445 -.00000020  00000+0 -57292-4 0  9990
2 25405  18.9865 318.7285 7160007 154.1876 273.8312  2.25768007232552
SL-12 R/B(2)            
1 25465U 98050D   26276.24962319 -.00000166  00000+0  00000+0 0  9995
2 25465  14.9703  69.4987 4957220  92.8059  92.6581  1.82826074 88301
SL-12 R/B(2)            
1 25525U 98065D   26275.79630357 -.00000162  00000+0  00000+0 0  9997
2 25525  17.2914  86.4974 5240791 274.7564  30.0252  1.88161281191847
ARIANE 44LP DEB         
1 25538U 88109E   26276.80588604 -.00000358  00000+0 -43198-2 0  9995
2 25538   6.9112  76.6138 7185851  13.5801 168.1545  2.24173495228557
DELTA 2 R/B(2)          
1 25548U 98068C   26275.99986426  .00000070  00000+0  00000+0 0  9995
2 25548  19.1444 167.6082 6996155 291.1910  10.8954  2.15166471219106
TITAN 34B AGENA D DEB   
1 25588U 83078E   26274.21802379  .00000048  00000+0  26192-3 0  9991
2 25588  63.6120  26.4338 7275447 272.7446  13.9911  2.20164259 59270
FENGYUN 2A AKM          
1 25611U 97029C   26276.73772750 -.00000231  00000+0  00000+0 0  9998
2 25611  13.8335 352.4044 0223290  83.3555 319.2204  1.02878138 49708
SL-12 R/B(2)            
1 25629U 99005D   26267.57867725 -.00000067  00000+0  00000+0 0  9999
2 25629  16.5865 166.9548 5334311 305.1817   4.2887  1.89591984191151
BADR-3 (ARABSAT-3A)     
1 25638U 99009A   26276.64439707 -.00000233  00000+0  00000+0 0  9991
2 25638  12.1101  31.5875 0001454 318.6401  44.7334  1.00177810101055
RADUGA-1 4              
1 25642U 99010A   26276.85766074 -.00000049  00000+0  00000+0 0  9996
2 25642  15.6650   0.6987 0006532 278.4239 111.4855  1.00190871101043
SL-12 R/B(2)            
1 25660U 99013D   26262.62232995 -.00000129  00000+0  00000+0 0  9998
2 25660  13.1294  93.5336 4597344 105.0517 325.5666  1.74923481175752
SEA LAUNCH DEMO         
1 25661U 99014A   26277.21598976 -.00000212  00000+0 -71858-3 0  9992
2 25661   1.2478 313.0938 7156770  18.5344 357.9059  2.23255253224543
BLOCK DM-SL R/B         
1 25662U 99014B   26277.17074366 -.00000090  00000+0  72234-3 0  9992
2 25662   0.9613 248.2189 7178331 153.6967 352.1666  2.24374875225597
INSAT-2E (APR-1)        
1 25666U 99016A   26276.68853802 -.00000351  00000+0  00000+0 0  9991
2 25666  11.5538  39.3441 0008865 291.0799  64.7386  0.99659930 52515
SL-12 R/B(2)            
1 25743U 99027D   26263.63481532 -.00000033  00000+0  00000+0 0  9994
2 25743  16.3503 228.6529 5215976 197.7034 145.8841  1.87832989187676
SL-12 R/B(2)            
1 25788U 99033D   26276.61058648 -.00000080  00000+0  00000+0 0  9992
2 25788  17.5021 357.1092 5075298 113.8455 288.9619  1.85810994185134
MOLNIYA 3-50            
1 25847U 99036A   26276.67907945  .00000094  00000+0  00000+0 0  9994
2 25847  63.5321 144.4848 6765552 276.0891  16.6713  2.00632176199594
SL-6 R/B(2)             
1 25850U 99036D   26276.05429843 -.00000370  00000+0  00000+0 0  9994
2 25850  63.7678 192.7621 6790776 280.8740  14.9038  1.96708544195473
CXO                     
1 25867U 99040B   26277.80123358  .00000859  00000+0  00000+0 0  9994
2 25867  57.7189 113.7402 7670570 309.2627   0.3215  0.37806761 17744
IUS R/B(2)              
1 25869U 99040D   26275.53815636  .00000008  00000+0  00000+0 0  9997
2 25869  27.1909 152.9473 8345525  79.6383 354.3380  0.97240931 96599
TELKOM 1                
1 25880U 99042A   26276.90400802  .00000009  00000+0  00000+0 0  9990
2 25880   7.9426  64.9801 0014869 257.0898  79.6228  1.00256121 99479
ABS-7                   
1 25894U 99046A   26277.24217228 -.00000247  00000+0  00000+0 0  9990
2 25894   6.7479  69.4035 0004486 161.0162 201.8001  0.99975274 98178
YAMAL 101               
1 25896U 99047A   26274.78604779  .00000026  00000+0  00000+0 0  9994
2 25896  14.6315 358.6764 0086740  65.6699 247.5928  0.99869484 98862
YAMAL 102               
1 25897U 99047B   26276.60827461 -.00000247  00000+0  00000+0 0  9999
2 25897  13.7772  11.8731 0001253 327.6743  45.1490  1.00001252 99084
ABS-6                   
1 25924U 99053A   26277.27197541 -.00000133  00000+0  00000+0 0  9994
2 25924   0.0389  92.5180 0001360 123.7895  53.6022  1.00271581 98936
SL-12 R/B(2)            
1 25927U 99053D   26277.33569469 -.00000095  00000+0  00000+0 0  9993
2 25927  17.5192 301.8266 5337506 304.4793 205.4012  1.89348862186498
BLOCK DM-SL R/B         
1 25938U 99056B   26277.17844059 -.00000038  00000+0  00000+0 0  9998
2 25938   0.8807 348.2207 6462117 130.1608 320.1294  2.12160806209125
UFO 10 (USA 146)        
1 25967U 99063A   26275.94483475 -.00000193  00000+0  00000+0 0  9994
2 25967   9.9447  26.6257 0004671 203.5503  98.8105  1.00273302 98420
XMM-NEWTON              
1 25989U 99066A   26269.07810877  .00000180  00000+0  00000+0 0  9993
2 25989  63.9616 281.6787 4648581  63.1030   0.1095  0.50121727 23515
ARIANE 5 R/B            
1 25990U 99066B   26278.52417328  .00000028  00000+0  00000+0 0  9990
2 25990  71.5337 302.6276 5859102 111.7634 359.9476  0.55300375 25954
COSMOS 2368             
1 26042U 99073A   26276.52636387  .00000810  00000+0  00000+0 0  9992
2 26042  66.7605 287.1465 6414789 160.0081 245.6793  2.00419499196093
SL-6 R/B(2)             
1 26045U 99073D   26276.54519523  .00049545  12921-5  28446-3 0  9996
2 26045  62.3307 100.0658 7347417 208.3495  76.0893  2.25280610199518
IABS R/B                
1 26054U 00001C   26255.90921313 -.00000007  00000+0  00000+0 0  9992
2 26054  14.1254 358.8811 0027870 331.1681  28.6995  1.01181525 26974
GALAXY 10R (G-10R)      
1 26056U 00002A   26276.56871932 -.00000167  00000+0  00000+0 0  9998
2 26056  12.3441  30.3204 0007504 178.5255 178.4435  0.99646422 97401
GARUDA 1                
1 26089U 00011A   26277.14628196 -.00000169  00000+0  00000+0 0  9993
2 26089   9.9147  62.5015 0004791 167.8115 182.6364  0.99922219 42746
SL-12 R/B(2)            
1 26090U 00011B   26268.51780898 -.00000182  00000+0  00000+0 0  9999
2 26090  16.0078 218.4693 5329901 340.2971 215.6659  1.90707524185417
SL-12 R/B(2)            
1 26101U 00013D   26260.52822500  .00000097  00000+0  00000+0 0  9998
2 26101  14.3504   0.0814 0005814  79.6760 305.1231  1.00755925 97572
ASIASTAR                
1 26107U 00016A   26276.82624502 -.00000342  00000+0  00000+0 0  9993
2 26107   9.3796  56.9607 0004268 145.3772 212.6672  1.00271736 97003
INSAT-3B                
1 26108U 00016B   26275.17426889 -.00000274  00000+0  00000+0 0  9993
2 26108  11.0749  44.4980 0008520 213.0483 143.5569  0.99663466 52498
IMAGE                   
1 26113U 00017A   26273.81145828  .00000152  00000+0  00000+0 0  9994
2 26113  94.2891 316.6834 7366341 276.0467  12.3925  1.68668802163288
DELTA 2 R/B(2)          
1 26115U 00017C   26276.06850798  .00000173  00000+0  11246-1 0  9994
2 26115  94.2722 316.8852 7383048 278.5763  11.6285  1.68225253162913
SL-12 R/B(2)            
1 26246U 00019D   26276.87132248 -.00000084  00000+0  00000+0 0  9999
2 26246  14.7608   1.0541 0014293 315.3247  96.8675  0.99555112 96185
GALAXY 4R (G-4R)        
1 26298U 00020A   26277.16937194 -.00000290  00000+0  00000+0 0  9993
2 26298  12.8850  23.2117 0008056 212.7674 162.6834  0.99841082 96711
IUS R/B(2)              
1 26359U 00024D   26276.68745168 -.00000303  00000+0  00000+0 0  9994
2 26359  13.4095  11.8100 0005563 188.0978 171.9042  0.99705767 26451
GORIZONT 33             
1 26372U 00029A   26273.98389257  .00000075  00000+0  00000+0 0  9992
2 26372  13.9318   6.0117 0003515 241.8155 133.1791  1.00212828 96499
BREEZE-M R/B            
1 26373U 00029B   26277.19342212 -.00000363  00000+0  00000+0 0  9991
2 26373  13.6084   6.0716 0257873 341.1187  31.8492  1.00377095 96534
SL-12 R/B(2)            
1 26381U 00031D   26277.15461441 -.00000261  00000+0  00000+0 0  9992
2 26381  14.6532   2.5268 0009821 123.1329  55.6376  0.99437680 95391
FENGYUN 2B              
1 26382U 00032A   26277.31070573 -.00000110  00000+0  00000+0 0  9997
2 26382  13.3771  16.0740 0003388 286.0325  80.9327  1.00069636 96028
TDRS 8                  
1 26388U 00034A   26276.86460657 -.00000203  00000+0  00000+0 0  9993
2 26388  12.8534  30.3801 0001498 150.9529 227.2039  1.00277041 96271
SL-12 R/B(2)            
1 26393U 00035D   26276.77622443  .00000130  00000+0  00000+0 0  9991
2 26393  61.8211 163.8821 5176976 291.4967  22.2460  1.45659226139674
COSMOS 2371             
1 26394U 00036A   26276.85786154 -.00000090  00000+0  00000+0 0  9998
2 26394  14.0511   6.6864 0003362 195.3960 191.2992  1.00281449 96136
SL-12 R/B(2)            
1 26397U 00036D   26259.13656122 -.00000264  00000+0  00000+0 0  9997
2 26397  14.0108   6.6925 0015839  81.5439 282.3943  1.00196590 48247
BLOCK DM-SL R/B         
1 26452U 00043B   26277.13617847 -.00000241  00000+0  00000+0 0  9993
2 26452   1.6658  45.3918 6703664 327.2556 262.4434  2.16744715206953
FENGYUN 2B AKM          
1 26460U 00032C   26276.63895558 -.00000380  00000+0  00000+0 0  9995
2 26460  14.4804   5.3816 0021685  44.8000 315.3871  1.00167740123271
RADUGA-1 5              
1 26477U 00049A   26276.95443900  .00000034  00000+0  00000+0 0  9991
2 26477  14.0289   7.2433 0000711  94.6181 313.0256  1.00215681 95513
SL-12 R/B(2)            
1 26486U 00051D   26276.06708780  .00000066  00000+0  00000+0 0  9991
2 26486  63.2290 238.2033 6541252 277.8287 164.8245  1.45766964138816
ARIANE 5 R/B            
1 26496U 00054C   26277.15784221 -.00000203  00000+0  61539-3 0  9992
2 26496   6.8448 177.2640 7170904   9.2409 358.9705  2.24236107213413
NSS-11                  
1 26554U 00059A   26277.24951844  .00000012  00000+0  00000+0 0  9998
2 26554   2.4017  79.9524 0003207 130.2619  68.5839  1.00272316 42386
SL-12 R/B(2)            
1 26557U 00059D   26276.51032567 -.00000154  00000+0  00000+0 0  9990
2 26557  15.3983  65.3801 5081130  88.6619 218.8911  1.86635929177289
USA 153                 
1 26575U 00065A   26276.68853799 -.00000332  00000+0  00000+0 0  9991
2 26575  11.8108  34.4972 0001264 131.3605 228.7238  1.00277392 34018
IABS R/B                
1 26577U 00065C   26276.10044329 -.00000210  00000+0  00000+0 0  9996
2 26577  13.9898   0.7795 0058062 280.8789  78.4841  1.01180876 27315
AMC-6                   
1 26580U 00067A   26277.30767894  .00000074  00000+0  00000+0 0  9991
2 26580   0.4258  83.2925 0004866 127.6046 137.8337  1.00270626 94987
SL-12 R/B(2)            
1 26583U 00067D   26277.18763590 -.00000075  00000+0  00000+0 0  9991
2 26583  17.4019 254.8346 5545102  44.1794 348.7096  1.93858558183350
PHASE 3D (AO-40)        
1 26609U 00072B   26277.13907492 -.00000461  00000+0  00000+0 0  9991
2 26609   9.3214 333.5750 7938194 213.2240  51.3820  1.25589424118880
STRV 1C                 
1 26610U 00072C   26276.75518652  .00000147  00000+0  26801-2 0  9996
2 26610   7.1575 335.7671 7343047 249.4859  22.6231  2.03545903192305
STRV 1D                 
1 26611U 00072D   26276.41219509  .00000153  00000+0  55293-4 0  9995
2 26611   7.1509 336.9829 7344927 246.9186  24.1064  2.03402439 92692
ARIANE 5 R/B            
1 26612U 00072E   26277.18301598 -.00000524  00000+0 -69322-3 0  9992
2 26612   7.0221  18.7019 7343444 161.8078 254.3882  2.01779743190830
ARIANE 5 DEB [SYLDA]    
1 26613U 00072F   26276.88393799 -.00000328  00000+0  22427-2 0  9998
2 26613   7.1237 346.6339 7344959 227.1220 304.1242  2.03137853191527
SL-12 R/B(2)            
1 26629U 00077D   26274.32736586  .00000021  00000+0  00000+0 0  9991
2 26629  61.3089  69.9738 6735897 261.5143  23.0620  1.45597393137238
CHINASAT 31 (BEIDOU-1 *)
1 26643U 00082A   26277.33554881 -.00000246  00000+0  00000+0 0  9993
2 26643  12.7483  26.4626 0078662  92.6365 322.5963  0.99252869 53169
COSMOS 1285 DEB         
1 26680U 81071L   26276.21559518  .00000299  00000+0  28726-3 0  9995
2 26680  62.6826 349.7597 7437771  46.4023 354.9261  1.98380350210148
USA 157 (MILSTAR-2 2)   
1 26715U 01009A   26277.25307899  .00000101  00000+0  00000+0 0  9998
2 26715  11.6637  19.0633 0043074 181.6653 113.2789  1.00273452 34032
TITAN 4 CENTAUR R/B     
1 26716U 01009B   26276.71479969 -.00000360  00000+0  00000+0 0  9995
2 26716  12.7108  11.5988 0014695 152.1593 207.9297  1.00487621 27347
ARIANE 2 DEB            
1 26717U 89006C   26277.28420581 -.00000042  00000+0 -45160-3 0  9996
2 26717   8.0885 104.7517 7154294  17.2095 171.0447  2.26365951212946
ARIANE 5 R/B            
1 26721U 01011C   26277.29864130 -.00000236  00000+0 -45505-3 0  9992
2 26721   1.4265 256.3778 7045905 271.4877 181.6972  2.24568288209877
ARIANE 5 DEB [SYLDA]    
1 26722U 01011D   26276.93211561 -.00000286  00000+0 -10275-1 0  9996
2 26722   1.8575 283.5167 7067594 217.7030  60.2753  2.22961969208343
BLOCK DM-SL R/B         
1 26725U 01012B   26277.23352603 -.00000256  00000+0 -42638-4 0  9995
2 26725   1.3062 329.8182 7050641 209.9263 270.5588  2.23580507208774
EKRAN 21                
1 26736U 01014A   26276.51712034 -.00000005  00000+0  00000+0 0  9990
2 26736  14.7241  12.2598 0027617  78.2014 302.4741  0.99590996 93017
BREEZE-M R/B            
1 26738U 01014C   26268.11490795 -.00000023  00000+0  00000+0 0  9996
2 26738  15.3444  13.4510 0180049 237.5804  42.6786  0.97963366 91130
GSAT-1                  
1 26745U 01015A   26259.07151182 -.00000096  00000+0  00000+0 0  9994
2 26745  12.8288   3.0951 0234268 295.5405  77.4182  1.03820427 96470
BLOCK DM-SL R/B         
1 26762U 01018B   26277.10359164 -.00000106  00000+0  51584-2 0  9998
2 26762   1.3712  20.5961 7056974 193.0259 213.7656  2.23852260207884
ARIANE 3 DEB            
1 26807U 88081H   26275.17313465 -.00000092  00000+0  00000+0 0  9990
2 26807   6.3457 294.1381 7046622 116.8985 352.7177  2.17347347214932
ARIANE 44LP DEB         
1 26812U 88109P   26274.55931689 -.00000019  00000+0  00000+0 0  9991
2 26812   6.0751 127.3237 7024377 291.1639 328.5172  2.21735092232552
IUS R/B(2)              
1 26883U 01033D   26275.84152789  .00000063  00000+0  00000+0 0  9997
2 26883  13.0277  15.9445 0006356  10.3870 349.6353  0.99885986 26863
COSMOS 2379             
1 26892U 01037A   26276.74800645 -.00000379  00000+0  00000+0 0  9993
2 26892  13.3544  13.4640 0007310 239.9127 151.8454  1.00219913 91959
SL-12 R/B(2)            
1 26895U 01037D   26258.93983348  .00000120  00000+0  00000+0 0  9992
2 26895  13.3383  13.8405 0019264  85.6746 274.4291  1.00219829 91700
INTELSAT 902 (IS-902)   
1 26900U 01039A   26277.33540234 -.00000294  00000+0  00000+0 0  9992
2 26900   6.3863  70.4028 0003985 124.9354 248.3665  1.00273497 91792
COSMOS 917 DEB          
1 26964U 77047E   26276.23838000  .00000777  00000+0  00000+0 0  9998
2 26964  61.2556 274.5271 7278609  40.6209 355.3473  2.02624085579563
ARIANE 3 DEB            
1 27027U 88081K   26275.13030935 -.00000153  00000+0  29359-2 0  9998
2 27027   8.2710 260.1726 7108326 108.0753 355.8652  2.21373299221617
ARIANE 2 DEB            
1 27034U 89006P   26276.64793301 -.00000242  00000+0 -96502-3 0  9999
2 27034   7.7761 258.7402 7103311  83.8238  16.4257  2.24861801207042
ARIANE 2 DEB            
1 27039U 89006U   26277.21157781  .00000004  00000+0 -24894-3 0  9994
2 27039   7.9992 112.2611 7155248   2.4934 227.3744  2.26240848208620
ARIANE 2 DEB            
1 27042U 89006X   26274.41128954 -.00000186  00000+0 -64522-4 0  9992
2 27042   7.8481 223.5715 7111319 149.7872 294.0546  2.25327302103900
ARIANE 2 DEB            
1 27043U 89006Y   26275.06636524 -.00000219  00000+0 -30108-3 0  9991
2 27043   7.8641 239.2594 7107910 119.6127 354.1820  2.25078747206924
ARIANE 2 DEB            
1 27046U 89006AB  26266.52348242 -.00000643  00000+0 -27708-1 0  9993
2 27046   8.2940 321.7901 7090761 321.4203  30.0539  2.24274322113960
USA 164 (MILSTAR-2 3)   
1 27168U 02001A   26275.76470216  .00000093  00000+0  00000+0 0  9992
2 27168  11.3095  21.2294 0097764  10.0781 274.4558  1.00275618 34030
TITAN 4 CENTAUR R/B     
1 27169U 02001B   26275.59062984 -.00000087  00000+0  00000+0 0  9997
2 27169  10.3339  29.2171 0051098 140.1733 220.2150  1.00231370 27457
ARIANE 42L R/B          
1 27299U 02002B   26276.84578634  .00000329  00000+0  12244-2 0  9999
2 27299   4.3118  44.8507 7253385 208.0742  78.3906  2.22298440199221
ECHOSTAR 7              
1 27378U 02006A   26277.31762943 -.00000083  00000+0  00000+0 0  9994
2 27378   4.2890  75.9831 0002504 134.9189  90.9266  0.99849525 51628
INTELSAT 904 (IS-904)   
1 27380U 02007A   26276.74257344 -.00000234  00000+0  00000+0 0  9996
2 27380   7.1857  67.8347 0003594 137.4952  42.9707  1.00271570 52859
SL-12 R/B(2)            
1 27404U 02016B   26276.44577823  .00000009  00000+0  00000+0 0  9996
2 27404  25.3778 308.5504 6224136 191.7334 141.3374  2.06289424184742
DIRECTV 5 (TEMPO 1)     
1 27426U 02023A   26277.26689855 -.00000069  00000+0  00000+0 0  9995
2 27426   5.1505  73.8906 0003333 129.3742 155.7037  1.00271277 89217
SL-12 R/B(2)            
1 27429U 02023D   26276.06836124 -.00000055  00000+0  00000+0 0  9993
2 27429  16.7081 180.6705 5417849  97.7642   6.2292  1.90582581170007
INTELSAT 905 (IS-905)   
1 27438U 02027A   26277.19362778  .00000083  00000+0  00000+0 0  9991
2 27438   7.0218  68.4374 0003836 158.6024  78.3693  1.00271517 52458
GALAXY 3C (G-3C)        
1 27445U 02030A   26277.33547413 -.00000165  00000+0  00000+0 0  9992
2 27445   4.0190  76.6062 0001125  60.7906 261.5838  1.00271218 47581
BLOCK DM-SL R/B         
1 27446U 02030B   26276.73925529 -.00000703  00000+0 -53686-3 0  9995
2 27446   1.0573  40.4386 7483143 297.3795   7.6286  1.96289959172836
ARIANE 5 R/B            
1 27462U 02035C   26277.26248469 -.00000114  00000+0  13386-2 0  9995
2 27462   5.4515  58.4986 7170865 154.4649  48.4395  2.22721667197375
SL-12 R/B(2)            
1 27504U 02039B   26275.95011775 -.00000469  00000+0  00000+0 0  9997
2 27504  22.0940 123.4663 5947931 251.8406  37.7257  2.01829492177739
ARIANE 5 DEB [SYLDA]    
1 27511U 02040D   26276.97112664 -.00000045  00000+0  64017-3 0  9991
2 27511   6.0294  42.1198 7152409 271.6560  60.6894  2.25873422198320
INTELSAT 906 (IS-906)   
1 27513U 02041A   26276.90409469  .00000003  00000+0  00000+0 0  9990
2 27513   6.0725  71.5323 0003523 139.4140 191.3144  1.00271519 88113
KODAMA (DRTS)           
1 27516U 02042B   26277.23314773 -.00000153  00000+0  00000+0 0  9991
2 27516  11.4638  40.9109 0020199 226.1586 115.6915  0.99270490 46660
HISPASAT 30W-4          
1 27528U 02044A   26276.85823815 -.00000273  00000+0  00000+0 0  9998
2 27528   6.8255  69.3180 0051944 145.5808 244.6727  0.98930616 87822
INTEGRAL                
1 27540U 02048A   26277.31081442  .00000029  00000+0  00000+0 0  9998
2 27540  88.8979 342.1501 8754314 257.0605 191.3110  0.37576103 27043
EUTELSAT 33B            
1 27554U 02051A   26277.06780978  .00000106  00000+0  00000+0 0  9995
2 27554   9.2335  58.6554 0008558 329.2978  28.5415  1.00292053 49882
ARIANE 2 DEB            
1 27625U 88098H   26277.17647865  .00000535  00000+0  32588-1 0  9992
2 27625   3.9895 279.0578 7262757 346.8283 142.0627  2.00944155177081
NIMIQ 2                 
1 27632U 02062A   26276.86980069 -.00000078  00000+0  00000+0 0  9993
2 27632   9.6936  55.7139 0005817 137.0573  23.7690  1.00272477 45277
BREEZE-M R/B            
1 27633U 02062B   26277.05993427 -.00000070  00000+0  00000+0 0  9990
2 27633  17.7520 351.5152 4907552  99.4516 308.5172  1.83738907159505
USA 167                 
1 27691U 03008A   26277.29003690 -.00000003  00000+0  00000+0 0  9991
2 27691  11.1752  42.3996 0003582 275.3161  37.6422  1.00271802  7866
IABS R/B                
1 27693U 03008C   26261.49434621  .00000083  00000+0  00000+0 0  9997
2 27693  13.5387   9.6133 0028331 224.1255 135.6741  1.01119200 27568
USA 169 (MILSTAR-2 4)   
1 27711U 03012A   26276.68893698 -.00000203  00000+0  00000+0 0  9998
2 27711  12.4992  28.0822 0095579  11.8726  12.5937  1.00273968 34043
TITAN 4 CENTAUR R/B     
1 27712U 03012B   26268.89295803  .00000006  00000+0  00000+0 0  9997
2 27712  11.2903  22.6096 0023425 278.7603  81.0144  1.00596009 26805
INSAT-3A                
1 27714U 03013A   26276.77654692 -.00000335  00000+0  00000+0 0  9997
2 27714   9.0862  59.7705 0003744 324.4687  48.2192  0.99810261 85817
ARIANE 5 R/B            
1 27716U 03013C   26277.12196507 -.00000086  00000+0 -20860-2 0  9998
2 27716   0.8342 166.7596 7067783 140.6008 233.8047  2.24036676192273
ARIANE 5 DEB [SYLDA]    
1 27717U 03013D   26277.13989924  .00000185  00000+0  81969-2 0  9998
2 27717   1.1052 211.1174 7088281  68.9011  10.6071  2.22489551190958
ASIASAT 4               
1 27718U 03014A   26277.32099845 -.00000233  00000+0  00000+0 0  9994
2 27718   4.9768  74.3183 0002758 122.7190  79.1093  1.00272198 46392
ARIANE 1 DEB            
1 27732U 79104S   26277.20329381  .00000412  00000+0  30706-1 0  9997
2 27732  16.7554 333.3517 7336740 247.1415  24.1609  1.93251910 88155
COSMOS 2397             
1 27775U 03015A   26276.96882435  .00000122  00000+0  00000+0 0  9998
2 27775  12.8219  19.2395 0041472  12.5321   1.1218  1.00474313 86015
SL-12 R/B(2)            
1 27780U 03015F   26276.76900689 -.00000324  00000+0  00000+0 0  9999
2 27780  12.8712  19.5710 0009146  42.6010 329.4908  1.00180983 85595
ATLAS AGENA R/B         
1 27785U 68063B   26277.20065703 -.00000002  00000+0  00000+0 0  9990
2 27785   4.1177 262.7784 1013781 272.4383  75.7092  1.01772392 27491
ATLAS AGENA R/B         
1 27787U 70069B   26277.22397666  .00000014  00000+0  00000+0 0  9991
2 27787  11.8425 131.9961 1183586 196.3365 159.6191  1.01707766 28129
COSMOS 1261 DEB         
1 27796U 81031H   26276.48249553 -.00000281  00000+0  00000+0 0  9997
2 27796  65.1273 342.7482 6980579  15.4060 358.1156  2.01727801188056
COSMOS 1285 DEB         
1 27800U 81071P   26276.32444827 -.00000408  00000+0  00000+0 0  9992
2 27800  64.3991  54.3217 7140249  34.4264 355.6328  1.97633970195544
COSMOS 1285 DEB         
1 27801U 81071Q   26276.58721297 -.00000779  00000+0  00000+0 0  9991
2 27801  63.8926  23.8684 7268543  37.8391 355.4718  1.97986234185715
GSAT-2                  
1 27807U 03018A   26276.70348659 -.00000362  00000+0  00000+0 0  9991
2 27807  11.3838  40.7120 0009919 344.7728  11.2536  0.99853812 85519
HELLAS-SAT 2            
1 27811U 03020A   26277.14628196 -.00000093  00000+0  00000+0 0  9996
2 27811   7.6202  66.5368 0009021 153.9426 195.0807  1.00271342 43933
BEIDOU-1 G3             
1 27813U 03021A   26276.85211391  .00000072  00000+0  00000+0 0  9997
2 27813  11.5843  40.2244 0017517 306.1334  35.4233  0.99766566 85380
THURAYA-2               
1 27825U 03026A   26276.97125104  .00000116  00000+0  00000+0 0  9993
2 27825   9.0072  31.4281 0000191 155.4835 219.4331  1.00272936 85449
BLOCK DM-SL R/B         
1 27826U 03026B   26276.56406370 -.00000058  00000+0  00000+0 0  9992
2 27826   6.2067  35.8066 6974608  24.0076 342.3166  2.22046730189194
OPTUS C1                
1 27831U 03028B   26277.25163873 -.00000162  00000+0  00000+0 0  9991
2 27831   7.1571  68.0411 0005588 127.7673  63.4771  1.00270015 54152
ARIANE 5 R/B            
1 27832U 03028C   26277.04256815  .00000038  00000+0  43702-4 0  9990
2 27832   7.1160  75.3754 7173451  25.1344 357.0540  2.24843888191504
ARIANE 5 DEB [SYLDA]    
1 27833U 03028D   26276.84128545 -.00000111  00000+0 -17370-2 0  9990
2 27833   6.9460  69.3215 7145777  41.2973 354.8734  2.26664651192576
BLOCK DM-SL R/B         
1 27855U 03034B   26277.04899140  .00000069  00000+0  81620-3 0  9990
2 27855   0.7548 321.8629 7142156 317.1763 211.0526  2.24674981190154
USA 170                 
1 27875U 03040A   26276.95851464  .00000118  00000+0  00000+0 0  9999
2 27875  10.7278  46.8876 0002395 185.1575 149.8785  1.00276139 34082
COSMOS 917 DEB          
1 27883U 77047F   26277.04256309  .00005482  00000+0  19990-2 0  9994
2 27883  60.0253 201.4538 7484059  59.5198 353.2804  2.02531071177600
COSMOS 917 DEB          
1 27884U 77047G   26275.96776635  .00002621  00000+0  13454-2 0  9994
2 27884  59.8914 190.9009 7466581  71.3914 351.1993  2.01961345176058
COSMOS 917 DEB          
1 27887U 77047K   26276.69836860 -.00000609  00000+0  00000+0 0  9990
2 27887  63.1960 225.3296 6754910  10.9468 358.2973  1.97922119 30144
COSMOS 917 DEB          
1 27888U 77047L   26277.10478214  .00001499  00000+0  15739-2 0  9998
2 27888  60.0281 207.6790 7467217  59.2383 353.2493  2.02144928220406
COSMOS 1191 DEB         
1 27897U 80057K   26277.19147631  .00000251  00000+0  24030-3 0  9998
2 27897  62.4209 336.9465 7386649  46.7917 354.7600  1.99200187172159
COSMOS 1191 DEB         
1 27898U 80057L   26267.68233869 -.00000549  00000+0  00000+0 0  9999
2 27898  64.7764  44.4129 6981397  30.1553 355.8420  1.99715399 44934
COSMOS 1382 DEB         
1 27905U 82064G   26277.29206209  .00000805  00000+0  00000+0 0  9998
2 27905  62.1738 153.5423 7278193  40.6737  41.5325  2.00105036187068
TITAN 4B CENTAUR R/B    
1 27938U 03041B   26260.95047414 -.00000070  00000+0  00000+0 0  9993
2 27938  15.8048  36.2506 0033633 119.1049 241.2576  1.00861242 25886
ARIANE 5 R/B            
1 27946U 03043B   26277.21965605 -.00000020  00000+0 -38233-5 0  9993
2 27946   7.8629 293.2490 7170521 177.2808 191.2357  2.23566589188053
ARIANE 5 DEB [SPELTRA]  
1 27950U 03043D   26277.28878206 -.00000098  00000+0 -89292-3 0  9999
2 27950   7.3420 292.1071 7144357 189.9226 242.4472  2.24999922189192
INSAT-3E                
1 27951U 03043E   26276.78864243 -.00000310  00000+0  00000+0 0  9992
2 27951   9.9442  52.8909 0012858 243.0164 124.4700  1.00800959 54909
ARIANE 5 DEB [SYLDA]    
1 27952U 03043F   26277.06330881 -.00000301  00000+0 -27373-2 0  9997
2 27952   7.1505 267.1274 7138020 238.0707  33.5320  2.26415307189938
BLOCK DM-SL R/B         
1 27953U 03044B   26276.95629559 -.00000047  00000+0  00000+0 0  9990
2 27953   0.5069 330.5372 6584869 330.9368  10.6556  2.14422618180168
GALAXY 13 (HORIZONS-1)  
1 27954U 03044A   26277.28969369  .00000119  00000+0  00000+0 0  9993
2 27954   1.6945  82.2926 0002289 132.5299 112.4586  1.00271624 47668
YAMAL 202               
1 28089U 03053A   26277.19211183 -.00000090  00000+0  00000+0 0  9996
2 28089   6.6105  69.5659 0004945 132.7502  43.3265  1.00272444 83793
YAMAL 201               
1 28094U 03053B   26276.86807943 -.00000251  00000+0  00000+0 0  9999
2 28094   9.8568  54.3782 0006940 140.7758 220.7089  1.00288283 85970
UFO 11 (USA 174)        
1 28117U 03057A   26276.85652434 -.00000111  00000+0  00000+0 0  9996
2 28117   9.0577  33.2418 0003986 170.1307 192.9167  1.00271383 83545
SL-12 R/B(2)            
1 28119U 03053E   26275.88213668 -.00000002  00000+0  00000+0 0  9997
2 28119  13.7663  12.5222 0218681 306.1521  69.9941  1.00030704 85801
FREGAT R/B              
1 28133U 03059B   26276.39661553  .00000216  00000+0  00000+0 0  9992
2 28133  22.8522 243.7574 5961350  39.7656 351.3987  2.01470502167615
EXPRESS-AM22 (SESAT 2)  
1 28134U 03060A   26277.12592663 -.00000086  00000+0  00000+0 0  9998
2 28134   8.5387  62.8270 0013912 145.6800 122.7666  0.99357566 83119
BLOCK DM-SL R/B         
1 28138U 04001B   26276.72295830 -.00000115  00000+0  97285-3 0  9997
2 28138   0.8090 325.4442 7147317  70.0800 355.5410  2.24738121186660
SL-12 R/B(2)            
1 28139U 03060D   26258.87110583 -.00000033  00000+0  00000+0 0  9993
2 28139  13.6376  13.0472 0019232 236.7153 124.0090  1.00322021 82942
IUS R/B(2)              
1 28161U 04004D   26276.52973773 -.00000036  00000+0  00000+0 0  9990
2 28161  12.3265  25.4631 0004264  25.8793 334.1535  0.99828306 26478
ABS-4 (MOBISAT-1)       
1 28184U 04007A   26277.04595806  .00000028  00000+0  00000+0 0  9993
2 28184   6.3105  70.6326 0005249 126.3970 253.2697  1.00272148 53436
RADUGA-1 7              
1 28194U 04010A   26273.97239461  .00000082  00000+0  00000+0 0  9998
2 28194  13.8001  19.8831 0005579 234.3854 122.3077  1.00262676 82477
SUPERBIRD-A2            
1 28218U 04011A   26277.23299436 -.00000189  00000+0  00000+0 0  9996
2 28218  13.5629  16.7839 0025562  48.1700 318.7492  0.99459770 81534
SL-12 R/B(2)            
1 28240U 04015D   26276.60840916 -.00000092  00000+0  00000+0 0  9993
2 28240  13.4133  13.5380 0016526 331.2524  41.8565  1.00706508 82504
INTELSAT 10-02          
1 28358U 04022A   26276.89118130 -.00000024  00000+0  00000+0 0  9993
2 28358   0.0138 239.6951 0000421  34.3240  58.4177  1.00271832 81643
BREEZE-M R/B            
1 28360U 04022C   26276.77146406  .00000144  00000+0  00000+0 0  9992
2 28360  24.3255  72.9127 5974593   3.5353 359.2088  2.01479738163546
ANIK F2                 
1 28378U 04027A   26277.28253559 -.00000062  00000+0  00000+0 0  9991
2 28378   3.5618  77.9979 0003064 104.9349 180.6789  1.00271402 42354
ARIANE 5 R/B            
1 28379U 04027B   26277.21213116 -.00000059  00000+0  19895-2 0  9991
2 28379   6.9121 261.7234 7294497 170.4415 319.8142  2.07977828168800
AMC-15                  
1 28446U 04041A   26277.26014606 -.00000103  00000+0  00000+0 0  9995
2 28446   0.0450  32.7708 0002069 180.4317 148.3639  1.00270863 80394
SL-12 R/B(2)            
1 28466U 04043D   26258.87119250  .00000005  00000+0  00000+0 0  9996
2 28466  13.3012  15.7798 0007982 170.6799 187.7780  1.00105889 80019
BREEZE-M DEB [TANK]     
1 28477U 04041C   26275.89748105  .00000048  00000+0  00000+0 0  9991
2 28477  47.8263  90.7253 7030545 137.4215 306.3960  2.23820831179444
GOES 7 AKM              
1 28520U 87022F   26277.11945172  .00000002  00000+0  00000+0 0  9990
2 28520  10.0558 318.1746 1058938  93.3531  64.5311  0.98766684 47056
NSS-10                  
1 28526U 05003A   26277.24026560 -.00000262  00000+0  00000+0 0  9999
2 28526   6.7178  69.0853 0003450 128.0522 224.8718  1.00270946 54243
DELTA 4 R/B             
1 28546U 04050B   26277.28970898 -.00000119  00000+0  00000+0 0  9999
2 28546  15.6212 314.8253 2589303 350.5307  92.1814  1.37842713109600
ARIANE 1 DEB            
1 28556U 79104V   26276.20274994 -.00000423  00000+0  17217-2 0  9996
2 28556  15.3690 216.0958 7287880 120.3633   2.1059  1.95681875 97475
ARIANE 2 DEB            
1 28563U 88098L   26276.60693949 -.00000351  00000+0 -37732-1 0  9999
2 28563   4.1490  59.8382 7211736  55.4219  19.8950  2.07197967177478
ARIANE 44L+ DEB         
1 28577U 92021R   26276.48516868 -.00000006  00000+0  00000+0 0  9997
2 28577   3.7707  62.9837 6985146   8.5415 157.1061  2.23181704180145
BLOCK DM-SL R/B         
1 28627U 05008B   26277.10239305  .00000008  00000+0  00000+0 0  9991
2 28627   1.1601  21.0093 6557410 252.2678  30.2186  2.13877028168778
INMARSAT 4-F1           
1 28628U 05009A   26277.17961481  .00000022  00000+0  00000+0 0  9993
2 28628   5.3209  42.8179 0003099 165.7776  47.0762  1.00271424 78763
SL-12 R/B(2)            
1 28634U 05010F   26260.99618221  .00000102  00000+0  00000+0 0  9994
2 28634  13.2218  17.7021 0022343 268.8101 115.6527  1.00291006 78630
BREEZE-M R/B            
1 28656U 04008C   26276.40516641  .00000122  00000+0  00000+0 0  9992
2 28656  12.3785 258.0580 6082961  60.0687 346.6306  1.97319823156397
DIRECTV 8               
1 28659U 05019A   26276.48721926 -.00000010  00000+0  00000+0 0  9997
2 28659   0.0142 123.0928 0003025  71.4226 234.0486  1.00271463 78158
BREEZE-M R/B            
1 28660U 05019B   26277.11030861 -.00000110  00000+0  00000+0 0  9992
2 28660   9.8257 116.0953 3290019  47.2818 168.5965  1.54369142120226
GALAXY 28 (G-28)        
1 28702U 05022A   26277.09977830 -.00000212  00000+0  00000+0 0  9999
2 28702   3.5726  77.5100 0001742 118.5819 185.5504  1.00270718 53069
SL-12 R/B(2)            
1 28704U 05023H   26274.91544594  .00000012  00000+0  00000+0 0  9994
2 28704  13.0180  18.0203 0011146 329.3379  41.1821  1.00814947 78285
THAICOM 4               
1 28786U 05028A   26277.27137909 -.00000376  00000+0  00000+0 0  9993
2 28786   0.5209  84.1687 0000502 168.3446 337.6705  1.00271570 53341
ARIANE 5 R/B            
1 28787U 05028B   26274.80552324 -.00000009  00000+0  35111-3 0  9990
2 28787   6.5567 182.1008 7169170 230.6285  40.9260  2.26683002175069
ANIK F1R                
1 28868U 05036A   26277.30847668 -.00000087  00000+0  00000+0 0  9996
2 28868   4.5866  75.1560 0002372  73.5067 228.1079  1.00271249 47544
SYRACUSE 3A             
1 28885U 05041B   26254.51939881  .00000114  00000+0  00000+0 0  9998
2 28885   4.8548  74.7263 0002457 106.5771  42.9291  1.00275934 76614
ARIANE 5 R/B            
1 28886U 05041C   26276.17241185  .00000104  00000+0  66551-3 0  9994
2 28886   7.3417 158.7908 7194611  94.5187  11.9093  2.24436421171883
INMARSAT 4-F2           
1 28899U 05044A   26276.70591326 -.00000269  00000+0  00000+0 0  9991
2 28899   5.2367  43.7243 0002820 165.6494 200.6850  1.00271954 76611
METEOSAT-9 (MSG-2)      
1 28912U 05049B   26276.71978767  .00000116  00000+0  00000+0 0  9991
2 28912   9.6037  53.0646 0001359   3.3230 260.8558  1.00270622  8082
ARIANE 5 R/B            
1 28913U 05049C   26277.11763172 -.00000233  00000+0 -99616-3 0  9996
2 28913   3.9596 278.1844 7143366  54.4462  55.8320  2.24898980170849
ARIANE 5 DEB [SYLDA]    
1 28914U 05049D   26277.25369900 -.00000024  00000+0  10185-2 0  9993
2 28914   4.4053 302.8983 7153824   6.2817 202.4474  2.23718621169741
EUTELSAT 174A           
1 28924U 05052A   26277.17961481 -.00000003  00000+0  00000+0 0  9990
2 28924   4.4891  75.1108 0006158 119.7438  56.6862  1.00271250 53423
ECHOSTAR 10             
1 28935U 06003A   26277.25574072 -.00000069  00000+0  00000+0 0  9996
2 28935   0.0460  25.3960 0001554 144.9176 184.5122  1.00271294 75552
BLOCK DM-SL R/B         
1 28936U 06003B   26277.28346015 -.00000209  00000+0  00000+0 0  9990
2 28936   0.2586  91.4902 6780457  70.7220 159.9961  2.19497462165478
SPAINSAT                
1 28945U 06007A   26277.04836868 -.00000230  00000+0  00000+0 0  9992
2 28945   0.8382  84.5202 0005147 118.6983 156.7754  1.00271175 75309
SCATHA AKM              
1 29000U 79007C   26276.75322552 -.00000090  00000+0  00000+0 0  9996
2 29000   9.3531 275.1058 1774385 143.4424 270.0712  1.01592602 49052
SATCOM 3 DEB            
1 29002U 79101E   26260.61145301 -.00000183  00000+0  00000+0 0  9999
2 29002   8.7072  85.9650 4822035  99.1924 298.8283  1.81879545137155
EKRAN 2 DEB             
1 29014U 77092K   26277.27224576 -.00000377  00000+0  00000+0 0  9996
2 29014   3.8592 272.7776 0020641 349.0901 333.1670  1.00134199 48364
JCSAT-5A                
1 29045U 06010A   26277.27389243 -.00000341  00000+0  00000+0 0  9996
2 29045   1.3835  82.7107 0001168  77.6126  83.2989  1.00268113 74868
BLOCK DM-SL R/B         
1 29046U 06010B   26277.07457043 -.00000222  00000+0  00000+0 0  9997
2 29046   0.1949  47.3363 6789783 154.1526 104.5815  2.19418585164170
ASTRA 1KR               
1 29055U 06012A   26276.96639767  .00000106  00000+0  00000+0 0  9991
2 29055   0.7486  82.4083 0003634 116.2344 180.9393  1.00269919 46785
EWS-G1 (GOES 13)        
1 29155U 06018A   26276.71492664 -.00000140  00000+0  00000+0 0  9993
2 29155   4.8088  75.0393 0059408 279.6756 103.6655  0.98788114 44322
SL-12 R/B(2)            
1 29233U 06022D   26268.10312402 -.00000147  00000+0  00000+0 0  9997
2 29233  12.6319  21.7185 0050572  44.1938 221.3852  1.01013192 74771
GALAXY 16 (G-16)        
1 29236U 06023A   26277.31148287 -.00000141  00000+0  00000+0 0  9996
2 29236   0.0132 169.5228 0002717  26.7986 189.8424  1.00270976 74063
BLOCK DM-SL R/B         
1 29237U 06023B   26277.02128704  .00000010  00000+0  00000+0 0  9991
2 29237   1.0384  22.6255 6626323  71.8297 346.1559  2.15890278160029
SL-6 R/B(2)             
1 29261U 06030B   26275.62846109 -.00000860  00000+0  32692-2 0  9995
2 29261  61.7411 149.4455 7142721 263.8545  18.1246  2.05498687151481
EUTELSAT 33F            
1 29270U 06032A   26277.18297868  .00000143  00000+0  00000+0 0  9990
2 29270   1.9371  80.8362 0003421 115.0960 275.9267  1.00270602 48404
JCSAT-3A                
1 29272U 06033A   26277.04766889 -.00000358  00000+0  00000+0 0  9991
2 29272   0.0206 268.9735 0002390 290.9360 318.0099  1.00273104 48836
KOREASAT 5 (MUGUNGWHA 5)
1 29349U 06034A   26276.95877830 -.00000370  00000+0  00000+0 0  9999
2 29349   2.0583  81.4322 0002218 167.7835 221.6891  1.00271794 42418
ZHONGXING-22A           
1 29398U 06038A   26276.72188131 -.00000321  00000+0  00000+0 0  9997
2 29398  11.6857  36.4145 0004424 169.5906 171.5289  1.00074544 73462
OPTUS D1                
1 29495U 06043B   26277.25511378 -.00000195  00000+0  00000+0 0  9992
2 29495   3.3092  78.2087 0003729 113.5049  65.0846  1.00272767 73218
BLOCK DM-SL R/B         
1 29521U 06049B   26277.30010657 -.00000074  00000+0  00000+0 0  9994
2 29521   0.9425  25.1863 6930522 105.7299 272.9844  2.18869088159322
BADR-4                  
1 29526U 06051A   26277.18323868  .00000143  00000+0  00000+0 0  9995
2 29526   2.2797  79.7642 0004964 117.5144 276.0862  1.00273302 52369
BREEZE-M R/B            
1 29527U 06051B   26277.15567337 -.00000010  00000+0  00000+0 0  9998
2 29527  14.5265 320.1522 6340677 338.6179   3.8980  2.09457358152251
FENGYUN 2D AKM          
1 29642U 06053C   26277.10168497 -.00000278  00000+0  00000+0 0  9993
2 29642  12.0041  36.8705 0105985  50.4640 305.1778  0.99359310 47336
MEASAT-3                
1 29648U 06056A   26277.27501911 -.00000346  00000+0  00000+0 0  9998
2 29648   5.0034  74.7138 0004972 178.5114 356.4719  0.99751362 51476
TITAN 3C TRANSTAGE DEB  
1 30000U 68081J   26277.17483198 -.00000062  00000+0  00000+0 0  9998
2 30000   2.1226  46.5790 0105538 315.9597  63.8833  1.00903619 80345
BEIDOU-1 G4             
1 30323U 07003A   26277.00773788  .00000065  00000+0  00000+0 0  9994
2 30323  10.1436  55.7719 0053718 276.4852 272.1522  0.99154609 71787
THEMIS A                
1 30580U 07004A   26276.49221504 -.00000272  00000+0  00000+0 0  9997
2 30580   9.4499 100.2676 8328339 220.3792  32.6509  0.87844113 42238
SKYNET 5A               
1 30794U 07007B   26276.98130442 -.00000282  00000+0  00000+0 0  9992
2 30794   5.5713  72.3588 0003538 130.7622 258.0657  1.00270910 71796
THEMIS D                
1 30797U 07004D   26274.62395696 -.00000314  00000+0  00000+0 0  9991
2 30797   8.2875  74.0475 8301050 248.6043  38.6476  0.87844551 42012
THEMIS E                
1 30798U 07004E   26276.04925148 -.00000370  00000+0  00000+0 0  9993
2 30798   7.1963  89.8394 8412931 236.8138  17.1433  0.87839554 66870
ANIK F3                 
1 31102U 07009A   26277.30411079 -.00000014  00000+0  00000+0 0  9996
2 31102   1.4734  82.3298 0002696 107.8541 173.6184  1.00270533 47652
BREEZE-M R/B            
1 31104U 07009C   26261.57720662  .00000084  00000+0  00000+0 0  9997
2 31104  11.8582 265.9192 5662408 131.8451 275.7808  1.96445591139558
ASTRA 1L                
1 31306U 07016A   26276.95781764 -.00000196  00000+0  00000+0 0  9992
2 31306   1.5959  80.4299 0004838 116.9412 135.6182  1.00271926 46074
GALAXY 17 (G-17)        
1 31307U 07016B   26277.20319219 -.00000218  00000+0  00000+0 0  9999
2 31307   3.2409  78.4341 0004479 149.0553 133.5916  1.00270660 70896
NIGCOMSAT 1             
1 31395U 07018A   26276.81384190  .00000065  00000+0  00000+0 0  9993
2 31395  12.0418  31.9718 0006016 131.4627 197.4144  1.00213852 71140
ARIANE 5 DEB [SYLDA]    
1 32255U 07044D   26276.58088451 -.00000020  00000+0  57889-4 0  9997
2 32255   4.7491  15.5227 7163431  51.6904  69.5618  2.26829770156961
WGS F1 (USA 195)        
1 32258U 07046A   26276.81164708 -.00000280  00000+0  00000+0 0  9994
2 32258   0.0429  91.1666 0000725 153.0580  17.9796  1.00271292 53429
SKYNET 5B               
1 32294U 07056B   26277.18133201  .00000129  00000+0  00000+0 0  9991
2 32294   5.5219  72.1422 0003731 126.0149 265.0944  1.00272871 69293
ASTRA 4A                
1 32299U 07057A   26277.13517197  .00000019  00000+0  00000+0 0  9990
2 32299   0.0458  51.6108 0002749 157.8896 216.8171  1.00270560 52735
BREEZE-M R/B            
1 32375U 07058C   26275.17080220 -.00000141  00000+0  00000+0 0  9997
2 32375  11.4466  24.4593 0251271 221.1411 134.4074  1.04429760 71588
HORIZONS-2              
1 32388U 07063B   26277.23314685 -.00000266  00000+0  00000+0 0  9999
2 32388   2.8767  79.1768 0002042 142.3610 161.5585  1.00269800 68909
ARIANE 5 DEB [SYLDA]    
1 32390U 07063D   26277.08643156  .00000000  00000+0 -40225-3 0  9996
2 32390   5.3957 119.0419 7162142 320.6409 309.7372  2.27007663155173
THURAYA-3               
1 32404U 08001A   26276.90392135  .00000000  00000+0  00000+0 0  9995
2 32404   6.1731  35.8284 0003174 200.6903 165.2193  1.00269857 68580
BLOCK DM-SL R/B         
1 32405U 08001B   26276.92246811 -.00000291  00000+0 -86853-3 0  9995
2 32405   6.0060 307.3853 7124315  52.2717  49.5878  2.25219013154055
EXPRESS-AM33            
1 32478U 08003A   26277.24754565 -.00000024  00000+0  00000+0 0  9992
2 32478   5.0740  73.9093 0015178 173.5102 214.2235  1.00247414 54836
THOR 5                  
1 32487U 08006A   26277.24754565 -.00000023  00000+0  00000+0 0  9994
2 32487   0.0096 202.8702 0002533   3.7564 254.6966  1.00271155 68408
BREEZE-M R/B            
1 32488U 08006B   26276.33559376 -.00000166  00000+0  18210-4 0  9992
2 32488  48.5167 147.1692 7167700  35.4502 355.8420  2.21552368150585
KIZUNA (WINDS)          
1 32500U 08007A   26277.10948501  .00000122  00000+0  00000+0 0  9990
2 32500   8.7889  60.9076 0003204 142.4996 230.9703  1.00339107 67993
SL-6 R/B(2)             
1 32705U 77093E   26275.00518804  .00000801  00000+0  00000+0 0  9998
2 32705  51.8927 125.9553 6903163 278.6021  14.8204  0.25798316 12097
AMC-14                  
1 32708U 08011A   26276.74685429 -.00000354  00000+0  00000+0 0  9999
2 32708  24.1340  19.2072 0034883 359.9850  25.6937  1.00430306 69264
DIRECTV 11              
1 32729U 08013A   26277.31148325 -.00000140  00000+0  00000+0 0  9990
2 32729   0.0413  23.7604 0000138 264.7618  97.4541  1.00269862 46689
ICO G1                  
1 32763U 08016A   26277.31405447 -.00000183  00000+0  00000+0 0  9999
2 32763   5.5454  35.7878 0002570 137.2926 220.1609  1.00272539 67639
VINASAT-1               
1 32767U 08018A   26277.27380576 -.00000342  00000+0  00000+0 0  9992
2 32767   0.0179  87.4516 0002041 131.4588  24.5983  1.00271681 67686
STAR ONE C2             
1 32768U 08018B   26277.23493545 -.00000290  00000+0  00000+0 0  9992
2 32768   1.5125  81.1777 0002567 126.0337 185.3353  1.00270437 67741
AMOS-3                  
1 32794U 08022A   26277.04933807 -.00000129  00000+0  00000+0 0  9996
2 32794   0.7293  84.3405 0001476  83.8988 300.3025  1.00270879 83439
GALAXY 18 (G-18)        
1 32951U 08024A   26276.58189271  .00000013  00000+0  00000+0 0  9990
2 32951   0.0175 169.8383 0003086  30.8821 258.0699  1.00273868 46949
COSMOS 1124 DEB         
1 32982U 79077H   26276.86316783 -.00000073  00000+0  00000+0 0  9998
2 32982  65.4663 167.9562 6633358 328.3963   5.0877  2.09808544223194
SATCOM 3 DEB            
1 32984U 79101K   26277.09860531 -.00000183  00000+0  00000+0 0  9991
2 32984   9.8089  64.4523 4853210 133.7915 109.8541  1.82640692 91666
SATCOM 3 DEB            
1 32987U 79101N   26276.56016410 -.00000069  00000+0  00000+0 0  9997
2 32987  10.1989  19.7545 4944513 235.2830 160.2034  1.83480241124883
ZHONGXING-9             
1 33051U 08028A   26277.05219809 -.00000262  00000+0  00000+0 0  9997
2 33051   1.0388  83.6507 0008151 147.9191 252.3989  1.00270400 67139
SKYNET 5C               
1 33055U 08030A   26277.14628196 -.00000151  00000+0  00000+0 0  9994
2 33055   4.0623  75.6603 0003641 120.0435 212.0528  1.00270256 67049
TURKSAT 3A              
1 33056U 08030B   26276.82837382  .00000134  00000+0  00000+0 0  9998
2 33056   0.0573  74.6950 0004074 107.6445 170.4195  1.00268684 53445
SL-23 R/B               
1 33059U 08022B   26267.50271881 -.00000108  00000+0  00000+0 0  9995
2 33059  13.8756  31.6458 0542185  58.5348 326.1603  0.95533652 63926
COSMOS 2440             
1 33108U 08033A   26276.90634803 -.00000115  00000+0  00000+0 0  9991
2 33108  10.7869  40.1834 0005783 197.1096 177.7608  1.00260584 66884
SL-12 R/B(2)            
1 33111U 08033D   26276.90678137 -.00000143  00000+0  00000+0 0  9994
2 33111  10.7688  40.3146 0030299 341.1622  35.5842  1.00307868 66902
ECHOSTAR 11             
1 33207U 08035A   26277.25563506 -.00000071  00000+0  00000+0 0  9994
2 33207   1.2807  82.6730 0002442 114.7323 157.7943  1.00271354 52303
BLOCK DM-SL R/B         
1 33208U 08035B   26276.02468420 -.00000251  00000+0 -64274-3 0  9996
2 33208   0.1080 162.1313 7128538 188.2828 145.3962  2.26260397150581
SUPERBIRD-C2            
1 33274U 08038A   26276.81642087 -.00000317  00000+0  00000+0 0  9997
2 33274   2.6348  79.7959 0005243  82.9278 279.7471  1.00272170106824
INMARSAT 4-F3           
1 33278U 08039A   26277.33693825 -.00000152  00000+0  00000+0 0  9993
2 33278   4.3993  31.8045 0003105 177.9588 186.5961  1.00271366 47641
BREEZE-M R/B            
1 33280U 08039C   26276.15496244 -.00000045  00000+0  00000+0 0  9992
2 33280  23.1586 348.8584 5961787  21.0989 355.6646  2.01430180133309
NIMIQ 4                 
1 33373U 08044A   26277.18841862 -.00000234  00000+0  00000+0 0  9995
2 33373   0.0672  83.6736 0002349  88.8384 186.2283  1.00273064 66078
BREEZE-M R/B            
1 33375U 08044C   26276.51301388  .00000222  00000+0  00000+0 0  9993
2 33375  12.3535 294.8228 5992387 354.7016   1.1322  2.03673207134227
GALAXY 19 (G-19)        
1 33376U 08045A   26277.31214933 -.00000154  00000+0  00000+0 0  9998
2 33376   0.0124 222.4828 0002535 332.7105 193.2169  1.00271632 65997
VENESAT-1               
1 33414U 08055A   26277.19600619 -.00000165  00000+0  00000+0 0  9990
2 33414   6.0327  71.6467 0065703 194.7877 107.4916  0.99269897 65536
ASTRA 1M                
1 33436U 08057A   26277.25153234  .00000107  00000+0  00000+0 0  9994
2 33436   0.5715  82.3851 0003672 116.3322 284.2079  1.00273887 46831
BREEZE-M R/B            
1 33438U 08057C   26276.47081330 -.00000371  00000+0  00000+0 0  9990
2 33438  19.9250 111.3380 5875597 306.0813  12.6689  2.00021819130798
FENGYUN 2D DEB          
1 33458U 06053D   26276.85368104 -.00000049  00000+0  00000+0 0  9997
2 33458  11.8554  36.2143 0023192  24.9976 326.9466  1.00293889 66460
EUTELSAT HOTBIRD 13C    
1 33459U 08065A   26277.23775226 -.00000295  00000+0  00000+0 0  9996
2 33459   3.2247  77.7973 0003887 125.4657 204.9962  1.00270856 48430
DELTA 4H R/B            
1 33491U 09001B   26276.25449662 -.00000150  00000+0  00000+0 0  9996
2 33491   9.8648  34.7249 0261731  67.6805 295.0827  0.96058917 25193
TITAN 3C TRANSTAGE DEB  
1 33510U 68081L   26277.21208253 -.00000089  00000+0  00000+0 0  9998
2 33510   2.2743  55.7986 0060615 295.6968 317.0946  1.01832143  8219
TITAN 3C TRANSTAGE DEB  
1 33511U 68081M   26277.33831994 -.00000218  00000+0  00000+0 0  9990
2 33511   1.9155  42.2524 0125026 293.9924  56.3617  1.00780875 68513
TITAN 3C TRANSTAGE DEB  
1 33512U 68081N   26276.41007089 -.00000153  00000+0  00000+0 0  9997
2 33512   2.2455  47.3512 0123200 287.4151  71.4762  1.00910240 74726
TITAN 3C TRANSTAGE DEB  
1 33513U 68081P   26277.29076480  .00000030  00000+0  00000+0 0  9999
2 33513   2.2715  52.4218 0084202 286.1640 344.2591  1.01394003 48976
GOES 5 AKM              
1 33521U 81049D   26276.70215484 -.00000184  00000+0  00000+0 0  9992
2 33521  16.0589 316.9965 1708465 146.2264 243.3700  0.82272786 59498
ARIANE 3 DEB            
1 33536U 88081L   26277.20655213  .00000010  00000+0  00000+0 0  9992
2 33536   6.1056 249.5393 6968613 209.0174  52.2648  2.15730031175908
ARIANE 3 DEB            
1 33537U 88081M   26277.10723167  .00000011  00000+0  00000+0 0  9997
2 33537   6.8968  63.2631 7016284 196.3985 110.0954  2.16913663106970
ARIANE 3 DEB            
1 33538U 88081N   26276.55690252 -.00000213  00000+0  10565-3 0  9990
2 33538   7.3857 315.4071 7189013  27.3438 356.9062  2.24405492172914
ARIANE 44LP DEB         
1 33541U 88109Q   26277.02289346  .00000067  00000+0  31474-2 0  9993
2 33541   6.5385 244.5606 7098770  49.7288   0.5070  2.23935184194764
ARIANE 44LP DEB         
1 33542U 88109R   26264.97757549 -.00000235  00000+0  28830-3 0  9990
2 33542   6.7220 168.9241 7112735 187.0077  12.0438  2.24350061173768
ARIANE 2 DEB            
1 33558U 89006BA  26263.21445180 -.00000016  00000+0  00000+0 0  9997
2 33558  10.4905 309.0924 6962622 318.1192   5.8818  2.21849953 23367
ARIANE 2 DEB            
1 33560U 89006BC  26277.30044207 -.00000131  00000+0  47059-2 0  9996
2 33560  10.9684 346.8256 7090345 208.2921  94.4252  2.25279667183322
ARIANE 2 DEB            
1 33579U 89006BX  26276.20466843 -.00000356  00000+0 -17628-1 0  9996
2 33579  11.3667  48.9879 7054511  76.0656 184.0014  2.24770967197538
EXPRESS-AM44            
1 33595U 09007A   26277.17422530 -.00000101  00000+0  00000+0 0  9990
2 33595   3.7362  76.9729 0003629 121.4413 226.2093  1.00271505 53377
BREEZE-M R/B            
1 33598U 09007D   26267.92287306 -.00000015  00000+0  00000+0 0  9999
2 33598  12.6165  35.6195 0201258  63.8381 301.9274  0.97630349 63250
NSS-9                   
1 33749U 09008A   26277.12197568  .00000059  00000+0  00000+0 0  9998
2 33749   1.5364  81.3354 0002175 106.9978  51.4936  1.00269710 64617
TELSTAR 11N             
1 34111U 09009A   26277.24026560 -.00000265  00000+0  00000+0 0  9999
2 34111   0.0372  84.3576 0002654 115.7515 221.7921  1.00271689 47334
SL-23 R/B               
1 34112U 09009B   26277.20698546  .00000075  00000+0  00000+0 0  9993
2 34112  34.4680 240.3713 6935931 210.7629  73.1673  2.20446996141769
ARIANE 44L+ DEB         
1 34180U 92021W   26277.17309863 -.00000087  00000+0  00000+0 0  9995
2 34180   4.3284 225.1032 6938610  11.3609 188.0809  2.22453365188572
RADUGA-1 8              
1 34264U 09010A   26276.87173744 -.00000164  00000+0  00000+0 0  9993
2 34264  12.3230  40.6585 0010148  29.4216 348.1152  0.99816388 64262
SL-12 R/B(2)            
1 34265U 09010B   26276.87726904 -.00000230  00000+0  00000+0 0  9990
2 34265  12.3151  40.5880 0002363 290.3356  92.5206  0.99994812 64287
WGS F2 (USA 204)        
1 34713U 09017A   26277.24280987  .00000000  00000+0  00000+0 0  9997
2 34713   0.0158 184.0323 0000360  47.9749 285.8590  1.00270985 46711
ATLAS 5 CENTAUR R/B     
1 34714U 09017B   26273.21945056 -.00000389  00000+0  42827-4 0  9995
2 34714  19.8926 305.4275 8171060  73.7857 354.2332  1.18225079 73863
SES-7 (PROTOSTAR 2)     
1 34941U 09027A   26276.95877830 -.00000358  00000+0  00000+0 0  9994
2 34941   0.0491  66.6274 0001812 185.3924 214.0722  1.00270617 63722
MEASAT-3A               
1 35362U 09032A   26277.31905853 -.00000124  00000+0  00000+0 0  9997
2 35362   0.0434  10.9992 0002953 184.8314  92.0913  1.00271502  9124
EWS-G3 (GOES 14)        
1 35491U 09033A   26277.22614139 -.00000002  00000+0  00000+0 0  9990
2 35491   1.9651  81.4783 0002270 117.4563 324.4963  1.00070174  7687
FM-5                    
1 35493U 09034A   26277.18756182 -.00000214  00000+0  00000+0 0  9998
2 35493   0.0222 254.6864 0000065 185.7870 273.8111  1.00271926 47736
TERRESTAR-1             
1 35496U 09035A   26277.10234962 -.00000067  00000+0  00000+0 0  9997
2 35496   5.2503  48.6354 0001730 119.1652 130.8639  1.00272431 63223
COSMOS 917 DEB          
1 35505U 77047S   26275.98024579  .00002245  00000+0  10454-2 0  9997
2 35505  59.9207 200.4082 7459570  67.3357 351.8991  2.01841478148077
COSMOS 1261 DEB         
1 35507U 81031N   26276.14268218  .00002105  00000+0  19474-2 0  9992
2 35507  61.1745 278.9814 7438438  46.6112 355.0306  2.02009409100607
CZ-3A DEB               
1 35548U 07003G   26267.21613258 -.00000156  00000+0 -12816-2 0  9999
2 35548  25.7498 241.1622 7526616 175.7763 353.9492  1.82986286119285
CZ-3A DEB               
1 35551U 07003K   26272.17084062 -.00000286  00000+0 -42915-2 0  9996
2 35551  24.6092 199.8386 7206380 191.6108 132.2913  2.16450831 23310
CZ-3A DEB               
1 35552U 07003L   26276.83714889  .00002536  00000+0  69956-2 0  9993
2 35552  26.3934  22.0163 7434116 185.8087 153.9796  2.03326175132742
CZ-3A DEB               
1 35558U 07003S   26276.47777007  .00000351  00000+0  44226-2 0  9996
2 35558  22.8256 108.1681 7460555 168.5187 230.7354  1.91874263 93014
ASIASAT 5               
1 35696U 09042A   26277.05375809 -.00000321  00000+0  00000+0 0  9990
2 35696   0.0431  93.2313 0001738  88.8950 310.5152  1.00271263 62813
JCSAT-12 (JCSAT-RA)     
1 35755U 09044A   26277.27389243 -.00000342  00000+0  00000+0 0  9992
2 35755   0.0132 122.4700 0001842 108.4851  12.6848  1.00271552 62708
OPTUS D3                
1 35756U 09044B   26277.33359376 -.00000161  00000+0  00000+0 0  9993
2 35756   0.7693 267.8225 0004314 289.8499  91.6219  1.00271398 62665
NIMIQ 5                 
1 35873U 09050A   26277.23299564 -.00000271  00000+0  00000+0 0  9993
2 35873   0.0391  83.1869 0002788 110.8362 190.1058  1.00271708 62437
AMAZONAS 2              
1 35942U 09054A   26277.23307323 -.00000272  00000+0  00000+0 0  9998
2 35942   2.0907  81.4943 0003353 113.1394 190.2394  1.00271023 62279
COMSATBW-1              
1 35943U 09054B   26277.11763172  .00000011  00000+0  00000+0 0  9994
2 35943   0.0137 175.8866 0003323  31.5062 270.8066  1.00269338 62409
NSS-12                  
1 36032U 09058A   26277.24280987  .00000058  00000+0  00000+0 0  9991
2 36032   0.0651  74.7887 0002526  86.6983 355.8784  1.00270727 62019
THOR 6                  
1 36033U 09058B   26276.89118130 -.00000023  00000+0  00000+0 0  9995
2 36033   0.0127 173.4888 0001840  12.0310 147.0840  1.00270357 62092
INTELSAT 14 (IS-14)     
1 36097U 09064A   26277.23879227 -.00000287  00000+0  00000+0 0  9994
2 36097   0.1901  83.6754 0002622 123.4244 206.8213  1.00271086 61692
ATLAS 5 CENTAUR R/B     
1 36098U 09064B   26276.88077185 -.00000085  00000+0  00000+0 0  9994
2 36098  22.2624  59.9513 5620759 251.5736  50.4775  1.76307841108612
EUTELSAT 36B            
1 36101U 09065A   26277.18644537  .00000099  00000+0  00000+0 0  9999
2 36101   0.7601  80.9856 0005859 115.5451 293.9825  1.00272735 61802
INTELSAT 15 (IS-15)     
1 36106U 09067A   26277.06433941 -.00000198  00000+0  00000+0 0  9999
2 36106   0.0216  93.3633 0002718 121.5210 266.2034  1.00270571 42321
BLOCK DM-SL R/B         
1 36107U 09067B   26276.88511459 -.00000067  00000+0  00000+0 0  9995
2 36107  12.2872 299.9152 4433428 171.1765 199.9827  1.73595054106803
WGS F3 (USA 211)        
1 36108U 09068A   26277.07168437  .00000008  00000+0  00000+0 0  9997
2 36108   0.3032  84.4275 0000478 165.8179  26.0733  1.00270703 47680
DELTA 4 R/B             
1 36109U 09068B   26276.57544694 -.00000212  00000+0  20328-3 0  9992
2 36109  22.3956 276.6761 8169785 231.5561 209.9682  1.19291777 72997
DIRECTV 12              
1 36131U 09075A   26277.31014582  .00000000  00000+0  00000+0 0  9991
2 36131   0.0096  82.2629 0000231  98.9856 200.6749  1.00270168 47645
BEIDOU-2 G1             
1 36287U 10001A   26277.33739745 -.00000291  00000+0  00000+0 0  9994
2 36287   4.5459  59.9265 0002629 241.9394 333.1309  1.00272382 61264
BREEZE-M R/B            
1 36359U 10002B   26277.23861894 -.00000135  00000+0  00000+0 0  9992
2 36359  11.0796  35.4285 0210822 258.0943 117.5077  1.04040482 63364
SDO                     
1 36395U 10005A   26277.11916721 -.00000067  00000+0  00000+0 0  9996
2 36395  34.8784  84.6865 0001795  82.2635 147.2172  1.00273214 61154
BREEZE-M DEB [TANK]     
1 36399U 10006C   26275.76836600 -.00000033  00000+0  50503-3 0  9997
2 36399  45.9016 306.0483 7208306 241.4804  29.8372  2.26709679136403
EWS-G2 (GOES 15)        
1 36411U 10008A   26277.24280987  .00000008  00000+0  00000+0 0  9994
2 36411   1.5722  81.7392 0004800  93.6919 348.2543  1.00272449 60737
ECHOSTAR 14             
1 36499U 10010A   26277.01033789 -.00000013  00000+0  00000+0 0  9991
2 36499   0.0339  81.7905 0002202  91.3796  84.4035  1.00272105 47642
SES-1                   
1 36516U 10016A   26277.32956500 -.00000129  00000+0  00000+0 0  9994
2 36516   0.0327 283.2921 0002602 274.7787 192.6152  1.00270968 60122
ASTRA 3B                
1 36581U 10021A   26277.10669667  .00000125  00000+0  00000+0 0  9998
2 36581   1.7438  82.0360 0002950  85.2506 267.4729  1.00275119 59950
COMSATBW-2              
1 36582U 10021B   26276.86086704  .00000076  00000+0  00000+0 0  9991
2 36582   0.0403  99.2049 0003171 118.9795 117.5214  1.00272903 60043
BREEZE-M R/B            
1 36587U 09075B   26277.17507595  .00000150  00000+0  00000+0 0  9997
2 36587  21.4715 301.4567 5766759 132.8886 298.4203  1.99404059119288
BEIDOU-2 G3             
1 36590U 10024A   26276.91662228 -.00000146  00000+0  00000+0 0  9999
2 36590   4.7690  60.9188 0003793 354.3004   7.0459  1.00271027 59867
BADR-5                  
1 36592U 10025A   26276.75717345  .00000141  00000+0  00000+0 0  9999
2 36592   0.0516 119.3465 0008436 102.6080  93.6121  1.00268902 54308
ARABSAT-5A              
1 36745U 10032B   26277.18245868  .00000140  00000+0  00000+0 0  9990
2 36745   0.3126  77.7538 0003648 109.9578 281.3653  1.00271984 59741
ECHOSTAR 15             
1 36792U 10034A   26277.29547252 -.00000015  00000+0  00000+0 0  9990
2 36792   0.0404  56.8846 0002408 106.5071 197.1833  1.00271943 59416
BEIDOU-2 IGSO-1         
1 36828U 10036A   26256.66970756 -.00000130  00000+0  00000+0 0  9997
2 36828  54.3037 162.1610 0058541 217.4777 320.7749  1.00289463 58981
NILESAT 201             
1 36830U 10037A   26277.17500531 -.00000071  00000+0  00000+0 0  9994
2 36830   0.0221 144.5320 0005608  46.0839 238.2768  1.00272049 59460
RASCOM-QAF 1R           
1 36831U 10037B   26277.24823898  .00000005  00000+0  00000+0 0  9993
2 36831   0.0285 114.8954 0005270  83.1943 267.1294  1.00272600 59409
AEHF-1 (USA 214)        
1 36868U 10039A   26276.99435699  .00000138  00000+0  00000+0 0  9991
2 36868   8.4925  66.6187 0004070 131.4908 202.5068  1.00273027 54747
ZHONGXING-6A            
1 37150U 10042A   26277.14146516 -.00000040  00000+0  00000+0 0  9998
2 37150   4.5006  75.7982 0002917 180.3887 350.9263  0.99704652 58963
SL-6 R/B(2)             
1 37171U 10049B   26275.67904969 -.00001206  00000+0  84267-4 0  9995
2 37171  61.8231 160.6185 7386733 258.2879  18.1535  2.04449451119251
XM-5                    
1 37185U 10053A   26276.65469304 -.00000036  00000+0  00000+0 0  9991
2 37185   0.0691 269.7036 0000311 292.2433 290.9399  1.00275815 58570
BSAT-3B                 
1 37207U 10056B   26277.26938575 -.00000364  00000+0  00000+0 0  9992
2 37207   0.0134 194.3676 0004568  22.9442   2.4909  1.00271848 53194
BEIDOU-2 G4             
1 37210U 10057A   26277.30380183 -.00000124  00000+0  00000+0 0  9992
2 37210   3.9123  68.1477 0009060 181.6726  32.5633  1.00272625 58383
MERIDIAN 3              
1 37212U 10058A   26276.51257936  .00000209  00000+0  00000+0 0  9999
2 37212  63.4579  79.5600 6897541 260.9009  21.7508  2.00607851116633
SL-26 R/B               
1 37213U 10058B   26259.63079571  .00001253  00000+0  00000+0 0  9991
2 37213  63.7281  57.9883 7063033 261.1132  20.0739  2.00811908116269
SKYTERRA 1              
1 37218U 10061A   26277.31092552 -.00000129  00000+0  00000+0 0  9991
2 37218   5.3561  50.5760 0002791 132.6443 200.4209  1.00271056 58280
DELTA 4 R/B             
1 37233U 10063B   26261.23555092 -.00000068  00000+0  00000+0 0  9999
2 37233   9.6343  79.7168 0211770  70.9237 291.4849  1.04038303 27276
HYLAS 1                 
1 37237U 10065A   26277.20334544 -.00000318  00000+0  00000+0 0  9994
2 37237   5.9134  71.6214 0001603 110.4052  39.8622  1.00270819  7982
INTELSAT 17 (IS-17)     
1 37238U 10065B   26277.11823839 -.00000016  00000+0  00000+0 0  9990
2 37238   0.0215 242.9370 0002412 304.5366 293.9187  1.00274010 54346
BEIDOU-2 IGSO-2         
1 37256U 10068A   26276.79648902 -.00000172  00000+0  00000+0 0  9995
2 37256  47.3553 270.4706 0056823 216.6104 276.3377  1.00246455 57882
EUTELSAT KA-SAT 9A      
1 37258U 10069A   26276.86086704  .00000049  00000+0  00000+0 0  9994
2 37258   0.0779 355.0789 0005237 170.4128 166.0198  1.00270541 45096
HISPASAT 30W-5          
1 37264U 10070A   26277.24173895 -.00000230  00000+0  00000+0 0  9997
2 37264   0.0418 110.5268 0005383  73.5946 245.8595  1.00272221 54276
KOREASAT 6              
1 37265U 10070B   26277.30349493 -.00000126  00000+0  00000+0 0  9998
2 37265   0.0167 156.0646 0002704  65.1962  60.8851  1.00271710 57862
ELEKTRO-L 1 (GOMS 2)    
1 37344U 11001A   26276.64843131  .00000116  00000+0  00000+0 0  9993
2 37344   9.9287  53.3660 0002907  47.3359 353.7701  1.00189879 57573
FREGAT R/B              
1 37345U 11001B   26276.97099103 -.00000177  00000+0  00000+0 0  9990
2 37345  10.4449  41.3688 0150691  74.9163 289.8203  1.02799925 61528
BEIDOU-2 IGSO-3         
1 37384U 11013A   26277.26912575 -.00000176  00000+0  00000+0 0  9995
2 37384  62.5682  39.1344 0034854 185.0232 352.6809  1.00286657 56756
INTELSAT 28 (IS-28)     
1 37392U 11016A   26277.24139228 -.00000238  00000+0  00000+0 0  9990
2 37392   2.0813  81.1288 0003701 121.6149 225.4108  1.00270989 54370
YAHSAT 1A               
1 37393U 11016B   26277.11555171  .00000087  00000+0  00000+0 0  9997
2 37393   0.0112 205.8733 0001925 352.3133 268.7427  1.00272313 43503
SBIRS GEO-1 (USA 230)   
1 37481U 11019A   26276.78107247  .00000090  00000+0  00000+0 0  9991
2 37481   4.7746  52.9543 0001826 145.4373 147.1019  1.00271820 56482
GSAT-8                  
1 37605U 11022A   26277.18731204  .00000072  00000+0  00000+0 0  9994
2 37605   2.4057  80.3431 0007250 163.3529 251.7277  1.00270463 54310
ST-2                    
1 37606U 11022B   26277.06433941 -.00000225  00000+0  00000+0 0  9990
2 37606   0.0171 191.5582 0002080  32.7099 259.6737  1.00273333 56376
SES-3                   
1 37748U 11035A   26277.31003103 -.00000115  00000+0  00000+0 0  9990
2 37748   1.6022  81.6590 0002743 134.6417 165.3342  1.00271520 55689
KAZSAT-2                
1 37749U 11035B   26277.12231175 -.00000212  00000+0  00000+0 0  9990
2 37749   0.0399 337.2830 0001426 269.6665 256.4422  1.00271894 54491
BREEZE-M R/B            
1 37751U 11035D   26277.22866637 -.00000169  00000+0  00000+0 0  9992
2 37751   9.5647  32.8563 0768257  68.9507 272.1103  1.12713776 62608
SPEKTR-R                
1 37755U 11037A   26278.04150225 -.00000945  00000+0  00000+0 0  9990
2 37755  19.7845 139.0105 9285653 172.6831   4.1744  0.12008194  6009
BEIDOU-2 IGSO-4         
1 37763U 11038A   26276.70233380 -.00000085  00000+0  00000+0 0  9990
2 37763  54.6008 164.7074 0160907 230.8100 323.4766  1.00263744 55735
ASTRA 1N                
1 37775U 11041A   26276.11711588  .00000110  00000+0  00000+0 0  9991
2 37775   0.1020  44.9672 0003991 127.5287 260.7294  1.00269332 45601
BSAT-3C (JCSAT-110R)    
1 37776U 11041B   26277.26938575 -.00000365  00000+0  00000+0 0  9999
2 37776   0.0490  37.7098 0000150 250.6055 291.5973  1.00272375 51568
BREEZE-M DEB [ADAPTOR]  
1 37787U 11035E   26276.64251892  .00000069  00000+0  00000+0 0  9995
2 37787  24.9706  43.7715 6136285 209.3080  47.0735  2.05988836112359
ZHONGXING-1A            
1 37804U 11047A   26277.04223137  .00000138  00000+0  00000+0 0  9991
2 37804   3.9922  76.9267 0002089 214.1575 139.1673  1.00027508 28418
COSMOS 2473             
1 37806U 11048A   26277.07265152  .00000113  00000+0  00000+0 0  9993
2 37806   5.8485  72.0731 0007047 145.2256  17.1294  1.00299428  8567
BREEZE-M R/B            
1 37807U 11048B   26277.16225457 -.00000085  00000+0  00000+0 0  9997
2 37807  10.2632  41.8051 0227774  88.1667  85.9872  1.04263053 56751
SES-2                   
1 37809U 11049A   26277.18709771 -.00000209  00000+0  00000+0 0  9996
2 37809   0.3320  86.5514 0002963 111.8347 154.8729  1.00271273 55055
ARABSAT-5C              
1 37810U 11049B   26277.18037867  .00000110  00000+0  00000+0 0  9998
2 37810   0.0556  12.2252 0003960 191.2454 254.3572  1.00270971 55134
EUTELSAT 7 WEST A       
1 37816U 11051A   26277.24624564 -.00000074  00000+0  00000+0 0  9990
2 37816   0.0680 346.8088 0006517 202.8556 264.6331  1.00270914 54979
QUETZSAT 1              
1 37826U 11054A   26277.31576279 -.00000256  00000+0  00000+0 0  9993
2 37826   0.0425  45.4644 0002877 161.5441 202.6956  1.00270303 50968
INTELSAT 18 (IS-18)     
1 37834U 11056A   26277.17961481  .00000039  00000+0  00000+0 0  9999
2 37834   0.0238 255.5385 0002265 314.0213  47.9919  1.00269807 54902
SL-23 R/B               
1 37835U 11056B   26277.13022283 -.00000046  00000+0  00000+0 0  9993
2 37835  19.5094 307.9654 5669399 293.4298  17.9769  1.96795214107814
EUTELSAT 16A            
1 37836U 11057A   26277.13517197 -.00000013  00000+0  00000+0 0  9992
2 37836   0.1400  69.8921 0005614 118.9646 239.0798  1.00022930  8429
VIASAT-1                
1 37843U 11059A   26277.07183738 -.00000037  00000+0  00000+0 0  9991
2 37843   0.0196 215.0305 0002215 340.9178  87.5990  1.00271671 48411
ASIASAT 7               
1 37933U 11069A   26277.26851907 -.00000348  00000+0  00000+0 0  9998
2 37933   0.0541  78.1196 0001537  95.3178  41.7189  1.00272983 45953
BEIDOU-2 IGSO-5         
1 37948U 11073A   26275.87592986 -.00000134  00000+0  00000+0 0  9996
2 37948  47.4897 270.1981 0116313 224.3445 288.3052  1.00273327 54214
AMOS-5                  
1 37950U 11074A   26277.04162470  .00000136  00000+0  00000+0 0  9993
2 37950   9.0759  59.5182 0002069 119.9514 247.6644  1.00195142 54097
LUCH-5A                 
1 37951U 11074B   26277.20949881 -.00000057  00000+0  00000+0 0  9994
2 37951   9.0248  72.1810 0004573 140.7097  42.5326  1.00274298 54145
BREEZE-M R/B            
1 37952U 11074C   26276.85180633 -.00000152  00000+0  00000+0 0  9993
2 37952  11.6613  49.4646 0800586 182.5517 150.1493  0.89625345 48114
NIGCOMSAT 1R            
1 38014U 11077A   26277.18488536  .00000131  00000+0  00000+0 0  9992
2 38014   0.0137 187.0311 0003149 136.6916 158.2176  1.00270657 54051
WGS F4 (USA 233)        
1 38070U 12003A   26277.06433941 -.00000227  00000+0  00000+0 0  9998
2 38070   0.0166 184.2837 0000275 156.8949 143.1798  1.00267361 45246
DELTA 4 R/B             
1 38071U 12003B   26276.68684836  .00000019  00000+0 -36713-4 0  9991
2 38071  22.7883  76.4519 8205324  10.0602 359.3156  1.17695267 62246
FENGYUN 2F AKM          
1 38072U 12002C   26277.04119137  .00000061  00000+0  00000+0 0  9990
2 38072   9.4191  56.6359 0062933 208.5224 159.0577  0.99394548 52929
SES-4                   
1 38087U 12007A   26277.24338562 -.00000182  00000+0  00000+0 0  9993
2 38087   0.0209 330.7109 0002393 217.5968 250.2836  1.00270675 53313
BEIDOU-2 G5             
1 38091U 12008A   26277.11676505  .00000045  00000+0  00000+0 0  9994
2 38091   3.8394  68.8832 0007741 233.0600 171.6196  1.00273996 53464
MUOS-1                  
1 38093U 12009A   26277.25943733 -.00000138  00000+0  00000+0 0  9996
2 38093   5.6974  46.9453 0051602   3.0021 316.4158  1.00273616 53537
INTELSAT 22 (IS-22)     
1 38098U 12011A   26277.22614139 -.00000073  00000+0  00000+0 0  9994
2 38098   0.0179 230.6707 0001606 313.1474 342.6396  1.00271102  8283
BREEZE-M R/B            
1 38099U 12011B   26276.99186002 -.00000403  00000+0  00000+0 0  9998
2 38099  25.2452 152.0874 7639072  30.4702 357.4608  1.11834682 59199
COSMOS 2479             
1 38101U 12012A   26276.87800666 -.00000318  00000+0  00000+0 0  9994
2 38101   9.0971  55.2346 0005530 216.4297 154.5476  1.00390952 53188
SL-12 R/B(2)            
1 38104U 12012D   26277.31372326 -.00000182  00000+0  00000+0 0  9993
2 38104   9.0869  55.4242 0011213 300.8423  34.6049  1.00385478 53156
APSTAR-7                
1 38107U 12013A   26277.04899140 -.00000115  00000+0  00000+0 0  9991
2 38107   0.0112 200.6863 0002847   0.5966 265.6060  1.00271949 52912
YAHSAT 1B               
1 38245U 12016A   26276.89015608  .00000114  00000+0  00000+0 0  9996
2 38245   0.1056  86.4318 0001424 135.8093 158.4405  1.00271778 46691
AEHF-2 (USA 235)        
1 38254U 12019A   26277.24442562 -.00000145  00000+0  00000+0 0  9997
2 38254   6.8983  56.6117 0002801 151.5535 236.2601  1.00270267  8081
JCSAT-13                
1 38331U 12023A   26277.27224576 -.00000370  00000+0  00000+0 0  9994
2 38331   0.0359  82.6188 0002347 113.4618  38.9217  1.00272790 52645
VINASAT-2               
1 38332U 12023B   26277.27380576 -.00000343  00000+0  00000+0 0  9998
2 38332   0.0162  14.0085 0002102 179.4383  49.9618  1.00272029 47751
NIMIQ 6                 
1 38342U 12026A   26277.31639412 -.00000188  00000+0  00000+0 0  9990
2 38342   0.0411  65.3466 0002982 134.8599 195.6239  1.00270779 51518
ZHONGXING-2A            
1 38352U 12028A   26277.05332476 -.00000305  00000+0  00000+0 0  9995
2 38352   1.7282  82.2907 0002089 175.8056 232.1341  1.00271269 52395
INTELSAT 19 (IS-19)     
1 38356U 12030A   26277.32315558 -.00000071  00000+0  00000+0 0  9994
2 38356   0.0148 258.6387 0003102 302.6229  94.1099  1.00269860 51548
BLOCK DM-SL R/B         
1 38357U 12030B   26276.92909685  .00000034  00000+0  13822-2 0  9997
2 38357   0.7725  22.6652 7098148  49.3743 348.8854  2.25336615118080
DELTA 4 R/B             
1 38529U 12034B   26275.90331211 -.00000288  00000+0  00000+0 0  9996
2 38529   7.2088  58.6446 0195656 182.8025 177.1700  1.03152415 27751
ECHOSTAR 17             
1 38551U 12035A   26277.13992213 -.00000089  00000+0  00000+0 0  9993
2 38551   0.0147 137.7888 0002069  58.1277 120.2088  1.00270503 52157
METEOSAT-10 (MSG-3)     
1 38552U 12035B   26277.24771898 -.00000017  00000+0  00000+0 0  9991
2 38552   4.9260  60.3975 0000987 148.2528 253.6166  1.00274089 51950
SES-5                   
1 38652U 12036A   26276.89230796  .00000000  00000+0  00000+0 0  9991
2 38652   0.0141 353.2306 0002334 206.8140 138.7568  1.00269504 45540
SATCOM 3 DEB            
1 38687U 79101W   26276.77088663 -.00000031  00000+0  00000+0 0  9991
2 38687   7.5703 173.2232 4736537 293.2566  24.5992  1.80332444124854
SATCOM 3 DEB            
1 38688U 79101X   26277.01428131 -.00000191  00000+0  00000+0 0  9995
2 38688   8.3091  80.6072 4946960 111.7424 307.0282  1.80458562 14216
TITAN 3C TRANSTAGE DEB  
1 38690U 68081Q   26276.40918891  .00000051  00000+0  00000+0 0  9996
2 38690   2.0054  26.0327 0247123 322.6375  35.7698  0.99325907 51565
TITAN 3C TRANSTAGE DEB  
1 38691U 68081R   26276.35802049 -.00000259  00000+0  00000+0 0  9999
2 38691   2.6275  50.2977 0190782 260.7554  97.2994  1.00720460 52453
TITAN 3C TRANSTAGE DEB  
1 38692U 68081S   26276.64236755 -.00000387  00000+0  00000+0 0  9999
2 38692   2.0682  25.3281 0299809 291.2960  65.6377  0.99219457 42461
TITAN 3C TRANSTAGE DEB  
1 38697U 68081X   26275.64036074  .00000022  00000+0  00000+0 0  9990
2 38697   5.6846  43.4312 0680993 111.8637 255.5797  1.01483024 75952
TITAN 3C TRANSTAGE DEB  
1 38700U 68081AA  26275.98623719 -.00000230  00000+0  00000+0 0  9992
2 38700   2.5106  63.2710 0124891 210.9469 148.6074  1.02731653 65705
TITAN 3C TRANSTAGE DEB  
1 38701U 68081AB  26262.53462944 -.00000021  00000+0  00000+0 0  9999
2 38701   2.5795  52.4139 0157324 253.1954 105.4439  1.01158539 20656
TITAN 3C TRANSTAGE DEB  
1 38702U 68081AC  26276.20229927 -.00000074  00000+0  00000+0 0  9999
2 38702   1.3550  52.9374 0215347  37.3892 324.5282  1.02220431 70828
TITAN 3C TRANSTAGE DEB  
1 38704U 68081AE  26276.72593265 -.00000060  00000+0  00000+0 0  9992
2 38704   4.3829  62.9312 0205174 219.9381 138.7055  1.02192204 77111
TITAN 3C TRANSTAGE DEB  
1 38705U 68081AF  26275.86423658 -.00000349  00000+0  00000+0 0  9995
2 38705   3.4347  61.0359 0281764   1.0126 359.2159  1.02093679 76169
INTELSAT 20 (IS-20)     
1 38740U 12043A   26277.22614139 -.00000038  00000+0  00000+0 0  9994
2 38740   0.0232 132.7833 0001429  45.6286 344.4240  1.00271163 51845
HYLAS 2                 
1 38741U 12043B   26277.24702565  .00000001  00000+0  00000+0 0  9997
2 38741   2.7009  79.5994 0004909 167.3118 211.4404  1.00521713 51872
INTELSAT 21 (IS-21)     
1 38749U 12045A   26277.28647253 -.00000299  00000+0  00000+0 0  9993
2 38749   0.0192 223.9556 0002202 335.2659 218.9128  1.00271020 51613
ASTRA 2F                
1 38778U 12051A   26276.96042573  .00000137  00000+0  00000+0 0  9990
2 38778   0.0620 256.0845 0004232 315.4451 175.1039  1.00268917 42227
GSAT-10                 
1 38779U 12051B   26276.90782138 -.00000178  00000+0  00000+0 0  9999
2 38779   0.0182 142.6863 0004116 339.9412 299.8404  1.00270447 51186
INTELSAT 23 (IS-23)     
1 38867U 12057A   26277.28375500 -.00000299  00000+0  00000+0 0  9990
2 38867   0.0204 262.3085 0002310 352.3991 167.4316  1.00268548 51046
BEIDOU-2 G6             
1 38953U 12059A   26276.88760065 -.00000186  00000+0  00000+0 0  9992
2 38953   4.6904  72.2706 0006463 318.5920  25.3174  1.00273336 50994
LUCH-5B                 
1 38977U 12061A   26277.17318530 -.00000146  00000+0  00000+0 0  9996
2 38977  10.7150  48.7696 0006869 173.3385 196.8067  1.00271241 50706
YAMAL 300K              
1 38978U 12061B   26276.78504030  .00000059  00000+0  00000+0 0  9997
2 38978   0.0109 218.6389 0000414 252.8697   6.5522  1.00272291 50720
STAR ONE C3             
1 38991U 12062A   26277.23289890 -.00000263  00000+0  00000+0 0  9996
2 38991   0.0583  77.6739 0002070 121.8997 182.2241  1.00269870 50854
EUTELSAT 21B            
1 38992U 12062B   26277.25196567  .00000116  00000+0  00000+0 0  9993
2 38992   0.0703   7.0158 0002886 181.4922 296.7609  1.00273347 50927
MERIDIAN 6              
1 38995U 12063A   26266.24437718 -.00000637  00000+0  00000+0 0  9999
2 38995  63.6725 340.8364 7374181 227.9725  40.4819  2.00699718101479
FREGAT R/B              
1 38996U 12063B   26276.52408354 -.00000999  00000+0  00000+0 0  9997
2 38996  63.9152 341.5692 7362224 229.4985  38.8681  2.00202144101481
ECHOSTAR 16             
1 39008U 12065A   26276.43713728 -.00000293  00000+0  00000+0 0  9995
2 39008   0.0175 181.6893 0002036   7.2999 279.0436  1.00270588 50735
ZHONGXING-12            
1 39017U 12067A   26277.05124475 -.00000220  00000+0  00000+0 0  9991
2 39017   0.0035 165.0002 0002877  28.7450 284.9632  1.00272595 50600
EUTELSAT 70B            
1 39020U 12069A   26277.11910506 -.00000057  00000+0  00000+0 0  9990
2 39020   0.0652 358.5854 0003781 193.3592 294.2691  1.00271399 50604
YAMAL 402               
1 39022U 12070A   26277.24280987  .00000073  00000+0  00000+0 0  9998
2 39022   1.5389  82.5865 0003631 112.7482 319.9327  1.00270681 50493
BREEZE-M R/B            
1 39023U 12070B   26275.60831990  .00000089  00000+0  00000+0 0  9990
2 39023  26.2022  19.0263 6351104 227.2430  58.1877  2.09993473105316
SKYNET 5D               
1 39034U 12075A   26276.97307104  .00000086  00000+0  00000+0 0  9990
2 39034   0.0761 345.5695 0004141 220.7370 209.4498  1.00268788 50240
MEXSAT 3                
1 39035U 12075B   26277.25372682 -.00000039  00000+0  00000+0 0  9995
2 39035   0.0174 162.3851 0001401  41.8782 145.2584  1.00267372  8146
TDRS 11                 
1 39070U 13004A   26277.21322549  .00000068  00000+0  00000+0 0  9991
2 39070   3.6885  32.8366 0002692  37.5043 204.9718  1.00275154 47782
AMAZONAS 3              
1 39078U 13006A   26277.23631800 -.00000296  00000+0  00000+0 0  9990
2 39078   0.0239 214.9389 0005295 347.6871 194.3909  1.00273624 46017
AZERSPACE 1             
1 39079U 13006B   26276.04517813  .00000123  00000+0  00000+0 0  9994
2 39079   0.0186 144.9046 0002265  85.9398 203.2174  1.00274749 49882
SBIRS GEO-2 (USA 241)   
1 39120U 13011A   26277.31259315 -.00000157  00000+0  00000+0 0  9996
2 39120   4.7237  52.4233 0002492 148.3856 187.9538  1.00271744 49629
EUTELSAT 117 WEST A     
1 39122U 13012A   26277.29590586 -.00000027  00000+0  00000+0 0  9990
2 39122   0.0450  39.2035 0002916 156.4833 167.0450  1.00270670 49524
ANIK G1                 
1 39127U 13014A   26277.25697236 -.00000088  00000+0  00000+0 0  9990
2 39127   0.0415  81.8108 0003233 127.9435 148.4242  1.00271465 49343
ZHONGXING-11            
1 39157U 13020A   26277.05323809 -.00000304  00000+0  00000+0 0  9991
2 39157   0.0196  78.9245 0000643  92.3668 318.5499  1.00270214 48991
EUTELSAT 7B             
1 39163U 13022A   26277.25092566  .00000090  00000+0  00000+0 0  9996
2 39163   0.0688   9.5334 0002938 105.0012   4.7624  1.00272803 49044
WGS F5 (USA 243)        
1 39168U 13024A   26276.80965375  .00000000  00000+0  00000+0 0  9991
2 39168   0.0183 186.1658 0000528  29.4721  35.8668  1.00268693 48267
DELTA 4 R/B             
1 39169U 13024B   26276.01334268 -.00000235  00000+0 -84144-4 0  9994
2 39169  26.3449  23.3405 8229934  34.7989 357.6239  1.10023454 53634
SES-6                   
1 39172U 13026A   26276.95461096 -.00000274  00000+0  00000+0 0  9999
2 39172   0.0144  71.4620 0002047 119.6114 124.7686  1.00272214 48813
BREEZE-M R/B            
1 39173U 13026B   26276.84901423 -.00000227  00000+0  00000+0 0  9999
2 39173  27.1172 296.2761 7670366 211.7773  60.9251  1.10516040 53459
IRNSS-1A                
1 39199U 13034A   26274.47906318  .00000078  00000+0  00000+0 0  9994
2 39199  35.9548  62.3510 0021227 181.6443 353.8436  1.00269028 48434
MUOS-2                  
1 39206U 13036A   26276.69113206 -.00000020  00000+0  00000+0 0  9995
2 39206   5.2109  45.5471 0057916 178.9490 208.8052  1.00275361 48283
ALPHASAT                
1 39215U 13038A   26277.18133201  .00000123  00000+0  00000+0 0  9992
2 39215   3.0052   0.5925 0003960 207.6273 254.8193  1.00273078 45119
INSAT-3D                
1 39216U 13038B   26277.27337243 -.00000352  00000+0  00000+0 0  9990
2 39216   2.2013  81.0310 0001958 135.1092  24.7761  1.00272770 48171
WGS F6 (USA 244)        
1 39222U 13041A   26277.21678662  .00000000  00000+0  00000+0 0  9997
2 39222   0.0206 186.5316 0000449  96.2480  32.9787  1.00270567 47155
ES'HAIL 1               
1 39233U 13044A   26276.88218630  .00000131  00000+0  00000+0 0  9994
2 39233   0.0540   8.6610 0002354 192.6884 154.3293  1.00273766 47712
GSAT-7                  
1 39234U 13044B   26277.11979839 -.00000090  00000+0  00000+0 0  9992
2 39234   0.3549  86.1306 0006272 169.1923 234.6521  1.00270978 46351
AMOS-4                  
1 39237U 13045A   26276.97549773 -.00000006  00000+0  00000+0 0  9996
2 39237   0.0213 128.2065 0001068  69.8764 230.7969  1.00271733 48047
SL-23 R/B               
1 39238U 13045B   26276.47202858 -.00000208  00000+0  00000+0 0  9996
2 39238  26.7002  56.9763 6407035 145.5575 281.0473  2.10663499100744
AEHF-3 (USA 246)        
1 39256U 13050A   26277.30175035  .00000018  00000+0  00000+0 0  9999
2 39256   5.5584  66.1186 0092752 189.0776 102.2148  1.00274050 46743
ASTRA 2E                
1 39285U 13056A   26276.11295177  .00000141  00000+0  00000+0 0  9992
2 39285   0.0884 306.3728 0002365 250.6328 244.0237  1.00275269 47500
TITAN 3C TRANSTAGE DEB  
1 39296U 68081AG  26277.30224877  .00000005  00000+0  00000+0 0  9992
2 39296   1.7720  37.2738 0156828 298.8468 323.5119  1.00568988 52784
TITAN 3C TRANSTAGE DEB  
1 39297U 68081AH  26275.60046965 -.00000128  00000+0  00000+0 0  9991
2 39297   1.7576  31.2676 0189593 303.0087  55.3221  1.00371297 17555
TITAN 3C TRANSTAGE DEB  
1 39298U 68081AJ  26276.78105361 -.00000172  00000+0  00000+0 0  9997
2 39298   1.8062  31.9834 0148735 316.5626 106.4033  1.00184806 67373
CZ-3B DEB               
1 39333U 10042E   26277.09457826 -.00000365  00000+0  76879-3 0  9997
2 39333  24.5541 347.4781 7459356 188.8587 174.5787  1.91306627 92209
CZ-3B DEB               
1 39334U 10042F   26276.01965238  .00000009  00000+0  00000+0 0  9993
2 39334  25.1562 210.2377 7365476  94.2256   0.5027  1.86384016 99833
CZ-3B DEB               
1 39335U 10042G   26261.61201403  .00000026  00000+0  60684-2 0  9997
2 39335  28.3128   8.9154 7363822   8.0407 354.2392  1.97562993 85895
CZ-3B DEB               
1 39337U 10042J   26276.68474753  .00000096  00000+0  13429-2 0  9994
2 39337  24.9338  83.3311 7519874 347.4128   1.0696  1.84270866 84708
CZ-3C DEB               
1 39338U 10057C   26276.83920962 -.00000184  00000+0  48811-3 0  9999
2 39338  20.1906 328.2903 7189543  51.0730 353.4454  2.25956178106859
CZ-3C DEB               
1 39339U 10057D   26275.37592736 -.00000264  00000+0 -90139-2 0  9991
2 39339  20.5075 223.9034 7190916 266.8202 294.0715  2.14569571101617
CZ-3C DEB               
1 39342U 10057G   26276.56900843 -.00000002  00000+0  97235-4 0  9994
2 39342  20.4597  63.1805 7191659 227.1579  74.5368  2.20688190104615
CZ-3C DEB               
1 39346U 10057L   26276.94674080 -.00000018  00000+0  15061-2 0  9993
2 39346  20.0524 131.3912 7206041  89.5606 344.9135  2.17981677103319
CZ-3C DEB               
1 39348U 10057N   26275.51450851 -.00000098  00000+0  21426-3 0  9996
2 39348  20.4947 287.3861 7218025 106.9436 337.6578  2.26184479106823
CZ-3C DEB               
1 39350U 10057Q   26272.59130714 -.00000049  00000+0  99487-3 0  9995
2 39350  20.5192   7.3280 7206377 334.3187   7.4194  2.22924455102308
CZ-3C DEB               
1 39352U 10057S   26276.64537638  .00000010  00000+0  16245-2 0  9990
2 39352  20.4155 120.4089 7215086  99.5309 105.9048  2.18292492103380
CZ-3C DEB               
1 39353U 10057T   26275.39494610 -.00000017  00000+0  19114-2 0  9990
2 39353  20.4109  40.7498 7145420 272.9409  33.1000  2.24426994106207
FM-6                    
1 39360U 13058A   26277.25395192 -.00000030  00000+0  00000+0 0  9990
2 39360   0.0259 253.0410 0000290 214.9894 240.0344  1.00274341 47169
RADUGA-1M 3             
1 39375U 13062A   26277.11208502  .00000143  00000+0  00000+0 0  9998
2 39375   6.2332  70.9485 0001877 288.7512  88.4199  1.00270502 47203
BREEZE-M R/B            
1 39376U 13062B   26261.23793665 -.00000102  00000+0  00000+0 0  9990
2 39376   9.6128  50.7249 0233113 119.3015 243.1299  1.04208811 48913
COSMOS 1030 DEB         
1 39447U 78083T   26276.41394629  .00000542  00000+0  00000+0 0  9993
2 39447  63.7595 176.6307 7043983   4.2217 359.5657  2.00380308 84910
SES-8                   
1 39460U 13071A   26277.05877896 -.00000283  00000+0  00000+0 0  9990
2 39460   0.0257 300.5827 0001805 213.4206 334.9308  1.00270200 45523
INMARSAT 5-F1           
1 39476U 13073A   26276.40484641  .00000000  00000+0  00000+0 0  9995
2 39476   0.0186 166.1749 0000687  77.1548 337.1450  1.00272295 46666
TKSAT-1 (TUPAC KATARI)  
1 39481U 13075A   26277.26435992 -.00000209  00000+0  00000+0 0  9995
2 39481   0.0579  56.5929 0002029 134.7050 189.6648  1.00271239 46699
EXPRESS-AM5             
1 39487U 13077A   26277.32802716 -.00000294  00000+0  00000+0 0  9996
2 39487   0.0235 248.0510 0002182 242.4302 140.6792  1.00269286 47456
BREEZE-M R/B            
1 39494U 13073C   26275.65566949 -.00000373  00000+0  00000+0 0  9997
2 39494  24.6337 176.4226 7399575 179.3681 182.8503  1.09862021 50454
GSAT-14                 
1 39498U 14001A   26277.11979839 -.00000091  00000+0  00000+0 0  9999
2 39498   0.0356  87.8525 0006196 141.7052 260.4200  1.00271168 46477
THAICOM 6               
1 39500U 14002A   26277.12075174 -.00000135  00000+0  00000+0 0  9993
2 39500   0.0607 107.1719 0003192  65.8293 321.8431  1.00271665 46556
TDRS 12                 
1 39504U 14004A   26277.23957227 -.00000281  00000+0  00000+0 0  9991
2 39504   4.0942  20.7409 0006729 224.6136 172.7865  1.00276917 45370
ABS-2                   
1 39508U 14006A   26277.22614139 -.00000100  00000+0  00000+0 0  9998
2 39508   0.0417  78.4252 0003537 119.4928 331.3564  1.00271514 46375
ATHENA-FIDUS            
1 39509U 14006B   26274.83561179  .00000150  00000+0  00000+0 0  9992
2 39509   0.0111 203.8766 0001727  14.2746 131.0700  1.00274040 46150
TURKSAT 4A              
1 39522U 14007A   26277.18471203  .00000132  00000+0  00000+0 0  9997
2 39522   0.0543 293.4858 0004426 318.7759 229.1172  1.00272526 46065
CZ-3C DEB               
1 39600U 10057X   26276.14744483 -.00000070  00000+0  23943-3 0  9990
2 39600  20.2114 292.7606 7224624 111.7074 334.9796  2.25365773105670
EXPRESS-AT1             
1 39612U 14010A   26277.12066507 -.00000141  00000+0  00000+0 0  9993
2 39612   0.5311  84.0824 0004844  95.0458 315.2861  1.00314044 45912
EXPRESS-AT2             
1 39613U 14010B   26277.11624505  .00000065  00000+0  00000+0 0  9995
2 39613   0.0016 166.3195 0000111 263.8336  40.5293  1.00273124 45592
BREEZE-M R/B            
1 39614U 14010C   26276.28830768 -.00000164  00000+0  00000+0 0  9994
2 39614  11.2564  58.1830 0665118  54.9906 311.1043  0.90580088 41487
AMAZONAS 4A             
1 39616U 14011A   26277.23260017 -.00000266  00000+0  00000+0 0  9990
2 39616   0.0523 195.1466 0006576   4.4607 183.0879  1.00270327 45809
ASTRA 5B                
1 39617U 14011B   26277.10669667  .00000124  00000+0  00000+0 0  9993
2 39617   0.0784 303.6925 0003590 272.6389 218.3924  1.00272390 45753
IRNSS-1B                
1 39635U 14017A   26274.47888985  .00000108  00000+0  00000+0 0  9994
2 39635  28.7451 238.5781 0019588 191.5696 167.5751  1.00275866 45856
CTS DEB [ARRAY COVER]   
1 39688U 76004E   26277.31457668 -.00000201  00000+0  00000+0 0  9997
2 39688   2.9563 263.9547 0042212 212.7294 279.4613  1.00306381 43871
CTS DEB [ARRAY COVER]   
1 39689U 76004F   26276.96880818 -.00000206  00000+0  00000+0 0  9990
2 39689   2.9901 264.8860 0118157  63.3681 297.4897  1.00228187 67987
LUCH-5V                 
1 39727U 14023A   26276.98130442 -.00000279  00000+0  00000+0 0  9999
2 39727   5.3992  68.5425 0003019 160.4043 231.7835  1.00272646 45454
KAZSAT-3                
1 39728U 14023B   26274.10059635  .00000059  00000+0  00000+0 0  9991
2 39728   0.0154 248.1111 0000292 292.5437 283.9386  1.00272154 43529
EUTELSAT 3B             
1 39773U 14030A   26277.24832565  .00000006  00000+0  00000+0 0  9990
2 39773   0.0645   1.1908 0004302 192.3545 271.9112  1.00270595 45161
ASIASAT 8 (AMOS-7)      
1 40107U 14046A   26277.26843241 -.00000347  00000+0  00000+0 0  9994
2 40107   0.0514  77.7581 0001794 130.6060   6.5694  1.00271374103241
ASIASAT 6               
1 40141U 14052A   26277.27146575 -.00000376  00000+0  00000+0 0  9998
2 40141   0.0389  71.4815 0000869 109.1779  49.9709  1.00272535 44174
OPTUS 10                
1 40146U 14054A   26276.35858128 -.00000158  00000+0  00000+0 0  9995
2 40146   0.0555 296.7171 0002257 252.3060 108.1572  1.00270791 44110
MEASAT-3B               
1 40147U 14054B   26276.12543183 -.00000252  00000+0  00000+0 0  9998
2 40147   0.0493  46.3344 0000787  82.7136  19.4657  1.00272352 44009
CZ-3B DEB               
1 40158U 10042K   26275.97652925 -.00000071  00000+0  00000+0 0  9999
2 40158  25.4323 186.9670 7317433 127.3213 356.4757  1.88767839 88788
CZ-3B DEB               
1 40160U 10042M   26277.20901385  .00000102  00000+0  00000+0 0  9991
2 40160  26.3833 230.4841 7294192  33.7747 359.0795  1.89902708 89295
CZ-3B DEB               
1 40162U 10042P   26276.34326894  .00000154  00000+0  00000+0 0  9990
2 40162  26.1879 230.1312 7252914  40.6473 355.1506  1.92057656 90289
CZ-3B DEB               
1 40164U 10042R   26276.98176677  .00000054  00000+0  00000+0 0  9993
2 40164  26.0509 208.7720 7332481  67.0550   0.7393  1.89877388 89330
CZ-3B DEB               
1 40167U 10042U   26276.84414005 -.00000015  00000+0  00000+0 0  9999
2 40167  26.6153 250.5035 7174690   7.2759 359.0602  1.93610821 97661
CZ-3B DEB               
1 40169U 10042W   26276.07681931 -.00000160  00000+0  00000+0 0  9991
2 40169  25.6232 208.3652 7233476  83.9678   0.7872  1.93997163 99898
CZ-3C DEB               
1 40170U 10057Y   26276.88754175  .00000311  00000+0  84141-2 0  9997
2 40170  20.4333  68.6409 7125702 208.7715 116.4422  2.23808886108167
CZ-3B DEB               
1 40179U 11077C   26276.71607950 -.00000050  00000+0 -88397-3 0  9999
2 40179  25.6045 268.7176 7442785 198.3181 103.8702  1.91934691 90193
CZ-3B DEB               
1 40180U 11077D   26274.76232455  .00003302  00000+0  54672-2 0  9997
2 40180  23.2468 135.7368 7441304 127.8199 325.3509  2.03367899 91276
CZ-3B DEB               
1 40183U 11077G   26276.62048531  .00001316  00000+0  86985-2 0  9992
2 40183  21.3072 250.5485 7551100   6.8241 359.2605  1.85836618 83289
CZ-3B DEB               
1 40184U 11077H   26275.98029073  .00000097  00000+0  83061-3 0  9999
2 40184  21.4196 161.4019 7506969 146.5144 299.0286  1.93698181 82070
CZ-3B DEB               
1 40185U 11077J   26276.99978754 -.00000105  00000+0  51151-4 0  9998
2 40185  24.8281 206.2666 7449087 316.3181   4.7054  1.93042370 87436
CZ-3B DEB               
1 40187U 11077L   26276.26707015 -.00000088  00000+0  26805-2 0  9996
2 40187  26.7042 326.0853 7376491  86.6257 346.9323  1.90950679 96675
CZ-3B DEB               
1 40189U 11077N   26274.54223668 -.00000211  00000+0 -11222-2 0  9990
2 40189  27.0277 349.8347 7369612  37.9551 355.7831  1.90407071 96355
CZ-3B DEB               
1 40191U 11077Q   26261.77179343 -.00000261  00000+0  54176-3 0  9994
2 40191  25.6500 221.6200 7469412 253.7387  19.3556  1.95236307 81628
CZ-3B DEB               
1 40193U 11077S   26276.49261905 -.00000273  00000+0  11349-2 0  9994
2 40193  26.8062   3.2187 7417220  23.1687 357.5538  1.86779633 78184
CZ-3C DEB               
1 40197U 12008G   26275.14948908  .00000023  00000+0  00000+0 0  9990
2 40197  20.0622 217.7037 6988591 211.0177  76.5966  2.19832691103337
CZ-3C DEB               
1 40198U 12008H   26272.49750462  .00000021  00000+0  72672-3 0  9998
2 40198  19.7180 331.2200 7251657 336.6417   2.8304  2.18898032101891
CZ-3C DEB               
1 40200U 12008K   26272.98028756 -.00000048  00000+0  00000+0 0  9992
2 40200  20.6103 224.5383 6986049 187.6953 149.5578  2.19220586101026
CZ-3C DEB               
1 40201U 12008L   26276.28642707 -.00000477  00000+0 -95883-2 0  9991
2 40201  21.5718  40.0669 7093941 143.1408 297.8559  2.24774971105624
CZ-3C DEB               
1 40207U 12008S   26277.09317149 -.00000244  00000+0  70453-4 0  9995
2 40207  19.1101 271.6580 7199543  92.1137 343.9946  2.24302098 97866
BREEZE-M R/B            
1 40259U 14058B   26266.92115068 -.00000111  00000+0  00000+0 0  9994
2 40259  10.7583  58.8122 0636261 200.8597 156.5753  0.91686821 40138
HIMAWARI-8              
1 40267U 14060A   26277.27553911 -.00000289  00000+0  00000+0 0  9995
2 40267   0.0105 134.7531 0001392  97.8909  20.1815  1.00273359 43855
IRNSS-1C                
1 40269U 14061A   26277.05029141 -.00000170  00000+0  00000+0 0  9996
2 40269   6.7896  86.8361 0019477  10.7335  16.1704  1.00267822 43787
INTELSAT 30 (IS-30)     
1 40271U 14062A   26274.06478271 -.00000151  00000+0  00000+0 0  9999
2 40271   0.0128 111.5670 0001080 287.1053 259.4305  1.00269785  7859
ARSAT 1                 
1 40272U 14062B   26277.23352626 -.00000274  00000+0  00000+0 0  9993
2 40272   0.0343 283.7186 0001773 272.9438 188.5539  1.00271866 43710
EUTELSAT 53A            
1 40277U 14064A   26276.56005392  .00000087  00000+0  00000+0 0  9991
2 40277   0.0189 215.1633 0002164 344.2966  67.4313  1.00269708 42652
BREEZE-M R/B            
1 40278U 14064B   26267.96178576 -.00000074  00000+0  00000+0 0  9998
2 40278   9.5565  61.5788 0581608 220.3112 135.3860  0.95221756 41476
MERIDIAN 7              
1 40296U 14069A   26276.85703632  .00000218  00000+0  00000+0 0  9997
2 40296  63.4464 204.7857 6611005 269.8069  20.3185  2.00606864 87413
GSAT-16                 
1 40332U 14078A   26276.73239155  .00000072  00000+0  00000+0 0  9997
2 40332   0.0412  85.9113 0004556  37.5794 207.7170  1.00273609 43204
DIRECTV 14              
1 40333U 14078B   26277.31148372  .00000000  00000+0  00000+0 0  9994
2 40333   0.0103 170.1224 0000295 289.8078 285.9651  1.00268307 43138
YAMAL 401               
1 40345U 14082A   26276.98745937 -.00000241  00000+0  00000+0 0  9992
2 40345   0.0148 233.0989 0000320  33.7643 191.2886  1.00270482 43002
ASTRA 2G                
1 40364U 14089A   26275.75479953  .00000142  00000+0  00000+0 0  9995
2 40364   0.0497 359.0869 0001617 104.2286 208.1026  1.00274709 43047
FENGYUN 2G              
1 40367U 14090A   26276.89628128 -.00000311  00000+0  00000+0 0  9995
2 40367   5.9072  71.4419 0004438 186.2285 177.2018  1.00264867 43098
CZ-3A R/B               
1 40368U 14090B   26276.33305330  .00000185  00000+0  35229-3 0  9995
2 40368  25.0559   0.0046 7257869 309.5997   6.3488  2.26460513 94781
FENGYUN 2G AKM          
1 40369U 14090C   26261.22327096 -.00000184  00000+0  00000+0 0  9996
2 40369   7.7855  67.4467 0048599 174.4325 185.7538  0.99592075 42561
MUOS-3                  
1 40374U 15002A   26277.17335863 -.00000139  00000+0  00000+0 0  9998
2 40374   4.7310  43.8369 0058782 179.7985 196.2300  1.00272395 42684
INMARSAT 5-F2           
1 40384U 15005A   26276.45277329 -.00000296  00000+0  00000+0 0  9998
2 40384   0.0172 160.5029 0000861  23.3290 296.2904  1.00271806 42089
BREEZE-M R/B            
1 40385U 15005B   26277.20876987 -.00000237  00000+0  00000+0 0  9993
2 40385  26.8833 264.8816 7573829 146.5476 300.2559  1.11107217 47366
ABS-3A                  
1 40424U 15010A   26276.25044811 -.00000037  00000+0  00000+0 0  9998
2 40424   0.0063 182.4320 0001844 304.6571 332.0307  1.00271018 42462
EUTELSAT 115 WEST B     
1 40425U 15010B   26276.15585196 -.00000035  00000+0  00000+0 0  9992
2 40425   0.0113  56.2375 0000412  44.5882 212.2694  1.00272143 42460
MMS 1                   
1 40482U 15011A   26277.33335648 -.00001603  00000+0  00000+0 0  9994
2 40482  73.0058 347.5200 8239712 169.8092 272.1745  0.28319926  1358
MMS 2                   
1 40483U 15011B   26277.33335648 -.00001604  00000+0  00000+0 0  9996
2 40483  73.0104 347.5188 8242581 169.8126 272.1406  0.28322617  1368
MMS 3                   
1 40484U 15011C   26277.33335648 -.00001604  00000+0  00000+0 0  9997
2 40484  73.0097 347.5310 8240951 169.8215 272.1149  0.28322655  1349
MMS 4                   
1 40485U 15011D   26277.33335648 -.00001604  00000+0  00000+0 0  9998
2 40485  73.0027 347.5150 8241074 169.8314 272.1084  0.28322615  1368
EXPRESS-AM7             
1 40505U 15012A   26276.82802715  .00000138  00000+0  00000+0 0  9999
2 40505   0.0195 219.5820 0003375 339.2803 151.7706  1.00269313 42091
BEIDOU-3S IGSO-1S       
1 40549U 15019A   26277.00113421 -.00000163  00000+0  00000+0 0  9993
2 40549  48.9898 294.1397 0039026 201.4028 334.2533  1.00283571 42165
THOR 7                  
1 40613U 15022A   26277.24754565 -.00000022  00000+0  00000+0 0  9999
2 40613   0.0134 138.4117 0002879  63.5999 259.4051  1.00271434 41919
TURKMENALEM52E/MONACOSAT
1 40617U 15023A   26276.90166801  .00000091  00000+0  00000+0 0  9991
2 40617   0.0145 133.8633 0003135  63.9032 191.4806  1.00268796 41937
DIRECTV 15              
1 40663U 15026A   26276.49411794 -.00000114  00000+0  00000+0 0  9990
2 40663   0.0293  92.6371 0000228 157.0288 197.5624  1.00271740 41546
SKY MEXICO-1            
1 40664U 15026B   26277.23165447 -.00000248  00000+0  00000+0 0  9993
2 40664   0.0128 251.6654 0002227 312.6921 173.1839  1.00271414 41545
METEOSAT-11 (MSG-4)     
1 40732U 15034A   26277.13517197  .00000053  00000+0  00000+0 0  9993
2 40732   3.4691  70.3107 0000476  95.5639 265.1646  1.00279114  8309
STAR ONE C4             
1 40733U 15034B   26277.23385225  .00000000  00000+0  00000+0 0  9992
2 40733   0.0201  74.9171 0001049 140.0414 172.1806  1.00269400 41102
WGS F7 (USA 263)        
1 40746U 15036A   26276.78348029  .00000006  00000+0  00000+0 0  9994
2 40746   0.0106 200.3150 0000190 181.9143  87.3637  1.00270737 40968
ARIANE 1 DEB            
1 40776U 79104AD  26274.57058676 -.00001080  00000+0 -21654-1 0  9999
2 40776  18.0197 356.9726 7141785 106.6960 233.6055  2.24558062  2427
ARIANE 2 DEB            
1 40787U 89006CG  26262.20786069 -.00000166  00000+0  10318-2 0  9993
2 40787   7.7967 214.9813 7121014 167.6268 341.0422  2.25288415105564
CZ-3A DEB               
1 40813U 07003AS  26275.52169393  .00000301  00000+0  46761-2 0  9995
2 40813  27.6765  31.5928 7646121 239.6279  25.4234  1.72557622 86320
CZ-3B DEB               
1 40814U 10042X   26276.90382077 -.00000340  00000+0 -14560-2 0  9999
2 40814  26.3709 128.2759 7309535 208.5469  76.2962  1.90403797 82840
CZ-3C DEB               
1 40817U 10057AJ  26276.18331257  .00000326  00000+0  64654-2 0  9993
2 40817  19.2862 120.3136 7172300 144.6604 296.2664  2.20052428 51670
CZ-3C DEB               
1 40818U 10057AK  26276.20007407  .00000007  00000+0  59409-3 0  9993
2 40818  20.6886  57.1475 7110274 231.3711  40.9366  2.25735066 95426
CZ-3C DEB               
1 40831U 10057AY  26269.00778071  .00000004  00000+0 -45315-3 0  9999
2 40831  20.2410  88.7105 7183354 176.8357 193.5779  2.20875439  2759
CZ-3C DEB               
1 40834U 10057BB  26277.03507875  .00000090  00000+0  85014-3 0  9990
2 40834  20.0122 100.2245 7198282 158.4366 262.5061  2.19675468 92902
CZ-3C DEB               
1 40835U 10057BC  26273.86189314 -.00000073  00000+0 -10487-2 0  9996
2 40835  20.1778  77.1087 7190093 204.9584  88.0518  2.20292501 14691
CZ-3B DEB               
1 40839U 11077U   26274.84446019  .00000681  00000+0  27004-2 0  9996
2 40839  25.1201 140.3277 7407744  57.9600 353.3255  2.03694488 91078
CZ-3B DEB               
1 40842U 11077X   26275.95323972 -.00000245  00000+0 -18027-2 0  9998
2 40842  22.8682   5.5287 7557791 142.7596 307.4184  1.76812487 82090
CZ-3B DEB               
1 40845U 11077AA  26276.57747465 -.00000141  00000+0  14669-2 0  9999
2 40845  21.8406 100.3886 7380256 255.4821  19.4671  2.07767885 94571
CZ-3B DEB               
1 40848U 11077AD  26274.23498543 -.00000209  00000+0 -52956-2 0  9990
2 40848  26.9669 335.0245 7368105  62.1714 352.2557  1.90955123 81112
CZ-3B DEB               
1 40849U 11077AE  26274.32297834 -.00000219  00000+0 -45546-2 0  9999
2 40849  26.4448 317.4977 7389788 111.3427 337.0748  1.90648205 93966
CZ-3B DEB               
1 40851U 11077AG  26276.40086018 -.00000297  00000+0 -36137-3 0  9996
2 40851  26.5851 354.5740 7361871  46.3942 354.6062  1.90205689 88288
CZ-3B DEB               
1 40852U 11077AH  26273.42026252 -.00000167  00000+0  00000+0 0  9991
2 40852  27.2612  11.0522 7339018 351.0629   1.0111  1.90661772 88367
CZ-3C DEB               
1 40858U 12008Y   26276.56125066  .00000166  00000+0  22505-2 0  9998
2 40858  18.7369  34.8270 7282272 251.4880  22.5850  2.12275840 91523
CZ-3C DEB               
1 40860U 12008AA  26274.08461004  .00000495  00000+0  23566-2 0  9994
2 40860  18.9923 286.8615 7240990  66.2766 351.1170  2.24030134  9457
CZ-3C DEB               
1 40862U 12008AC  26276.89191074  .00000058  00000+0  22328-2 0  9994
2 40862  18.3536 105.9151 7313617 107.2540 338.6927  2.08011362  1672
CZ-3C DEB               
1 40863U 12008AD  26276.92886449  .00000063  00000+0  00000+0 0  9992
2 40863  20.4060 153.5442 7048391 310.4289   6.8769  2.20834218 94647
CZ-3C DEB               
1 40870U 12008AL  26273.88662196  .00000461  00000+0  59608-2 0  9996
2 40870  16.8991 143.5199 7321295  75.0498 349.6326  2.05407165  2341
INTELSAT 34 (IS-34)     
1 40874U 15039A   26276.30741582 -.00000296  00000+0  00000+0 0  9990
2 40874   0.0206 298.5049 0000269 308.1521 180.5605  1.00271761 40719
EUTELSAT 8 WEST B       
1 40875U 15039B   26277.24615897 -.00000079  00000+0  00000+0 0  9993
2 40875   0.0681   7.0779 0003620 185.8540 260.6372  1.00271870 40751
GSAT-6                  
1 40880U 15041A   26276.97896441 -.00000172  00000+0  00000+0 0  9991
2 40880   2.1935  81.0895 0002948 114.1797 252.3890  1.00271348 40690
INMARSAT 5-F3           
1 40882U 15042A   26277.17961481  .00000037  00000+0  00000+0 0  9993
2 40882   0.0179 165.2237 0001196 212.9196 238.9904  1.00272416 40668
BREEZE-M R/B            
1 40883U 15042B   26275.86011613 -.00000096  00000+0  00000+0 0  9997
2 40883  30.0250  61.2215 7918166 181.6378 171.7255  1.10224788 44698
MUOS-4                  
1 40887U 15044A   26276.97749106 -.00000103  00000+0  00000+0 0  9990
2 40887   4.5353  42.7167 0051931   2.6521  34.2039  1.00271412 40655
TJS-1                   
1 40892U 15046A   26277.34337782 -.00000170  00000+0  00000+0 0  9997
2 40892   0.5985  83.6674 0002970  98.4036 109.6035  1.00269950 40666
EXPRESS-AM8             
1 40895U 15048A   26276.95981098 -.00000124  00000+0  00000+0 0  9992
2 40895   0.0177 207.5307 0000350  66.8463  69.8316  1.00271006 40439
BLOCK DM-SL R/B         
1 40896U 15048B   26270.03654267  .00000002  00000+0  00000+0 0  9995
2 40896   9.3325  59.4308 0099826 151.0803 209.5952  0.98655904 39787
COSMOS 1700 DEB         
1 40924U 85102G   26277.18644537  .00000080  00000+0  00000+0 0  9993
2 40924   9.5155 318.1490 0022052 143.7429  28.2870  1.00295485 68525
BEIDOU-3S IGSO-2S       
1 40938U 15053A   26276.88403028 -.00000126  00000+0  00000+0 0  9992
2 40938  49.0623 257.4792 0065530 192.4859 337.2124  1.00279186 40441
SKY MUSTER 1 (NBN1A)    
1 40940U 15054A   26276.99031780 -.00000292  00000+0  00000+0 0  9994
2 40940   0.0125 242.2226 0001887 313.5335 313.7133  1.00270863 40354
ARSAT 2                 
1 40941U 15054B   26277.18887508 -.00000239  00000+0  00000+0 0  9995
2 40941   0.0329 278.5642 0002099 277.4848 163.8491  1.00271135 40396
MORELOS 3               
1 40946U 15056A   26277.25428635 -.00000055  00000+0  00000+0 0  9998
2 40946   3.2884  17.7031 0003407 182.9038 150.7996  1.00272279 40375
APSTAR-9                
1 40982U 15059A   26277.32802716 -.00000280  00000+0  00000+0 0  9995
2 40982   0.0368 320.0206 0002889 236.5510  76.5559  1.00270066 40209
TURKSAT 4B              
1 40984U 15060A   26277.11503170  .00000102  00000+0  00000+0 0  9990
2 40984   0.0155 114.5992 0001900  80.8508 268.7406  1.00270492 40190
ZHONGXING-2C            
1 41021U 15063A   26277.26817241 -.00000337  00000+0  00000+0 0  9990
2 41021   0.5478  86.1144 0009979 124.7916   2.0686  1.00270052 40072
GSAT-15                 
1 41028U 15065A   26277.06433941 -.00000271  00000+0  00000+0 0  9995
2 41028   0.0237 102.7720 0002083  91.2313 295.4475  1.00270407 39896
BADR-7 (ARABSAT-6B)     
1 41029U 15065B   26277.15252925  .00000131  00000+0  00000+0 0  9991
2 41029   0.0207 210.3169 0007173  18.3923 225.0680  1.00273361 39854
COSMOS 2510 (EKS 1)     
1 41032U 15066A   26276.03040922 -.00001181  00000+0  00000+0 0  9991
2 41032  63.4367 331.3174 7189077 274.9529  13.8858  2.00619672 79631
FREGAT R/B              
1 41033U 15066B   26276.90856880 -.00000830  00000+0  61304-3 0  9994
2 41033  62.7569 292.9507 7386356 268.6459  14.2496  2.01922030 80115
LAOSAT 1                
1 41034U 15067A   26277.27319910 -.00000357  00000+0  00000+0 0  9991
2 41034   0.0327 294.4926 0002052 205.2172 100.1473  1.00269529 39956
TELSTAR 12V             
1 41036U 15068A   26277.24477230 -.00000133  00000+0  00000+0 0  9993
2 41036   0.0193 220.1721 0002235 335.4591 250.4490  1.00271330 39717
H-2A R/B                
1 41037U 15068B   26276.58787855 -.00000199  00000+0  00000+0 0  9999
2 41037  19.6647  49.1950 6471071 329.0420   5.2214  2.12564117 84357
ELEKTRO-L 2             
1 41105U 15074A   26277.24477230 -.00000128  00000+0  00000+0 0  9991
2 41105   6.9614  69.1338 0002601 193.7681 183.6465  1.00270776 39604
FREGAT R/B              
1 41106U 15074B   26276.38652971 -.00000264  00000+0  00000+0 0  9994
2 41106   8.3736  60.5424 0197903   2.0202 358.1153  1.02895052 40627
CZ-3B DEB               
1 41119U 11077AJ  26275.32608790 -.00000055  00000+0  00000+0 0  9998
2 41119  22.7569 338.2230 7285853 291.3273   9.2744  1.69749258 72821
COSMOS 2513             
1 41121U 15075A   26274.48102932 -.00000141  00000+0  00000+0 0  9992
2 41121   0.0507 100.2141 0002089 130.0890  33.3640  1.00271137 39612
BREEZE-M R/B            
1 41122U 15075B   26276.53036959 -.00000142  00000+0  00000+0 0  9997
2 41122   8.7166  57.4186 0340363 165.9093 195.1378  1.04640605 41334
EXPRESS-AMU1            
1 41191U 15082A   26277.25482568  .00000142  00000+0  00000+0 0  9991
2 41191   0.0160 150.9132 0002634  59.1085 290.7701  1.00272391 39361
GAOFEN-4                
1 41194U 15083A   26276.98355777 -.00000348  00000+0  00000+0 0  9994
2 41194   0.6306  82.9841 0003485 143.5625 245.9445  1.00272593 39626
BELINTERSAT-1           
1 41238U 16001A   26275.68983172  .00000098  00000+0  00000+0 0  9997
2 41238   0.0300 272.0218 0000267 118.9841 280.2851  1.00275030 39312
IRNSS-1E                
1 41241U 16003A   26276.74617836 -.00000295  00000+0  00000+0 0  9992
2 41241  33.4715  58.1834 0022468 180.5004 154.1407  1.00278309 39167
INTELSAT 29E (IS-29E)   
1 41308U 16004A   26276.77620025 -.00000241  00000+0  00000+0 0  9995
2 41308   6.7656  68.9478 0004196 139.0547 222.3113  1.00613257 39370
EUTELSAT 9B             
1 41310U 16005A   26277.24945233  .00000048  00000+0  00000+0 0  9997
2 41310   0.0575  61.3063 0003412 166.1055 244.3454  1.00270514 39212
SES-9                   
1 41380U 16013A   26275.49420645 -.00000352  00000+0  00000+0 0  9992
2 41380   0.0062 173.3178 0001427 338.3226 145.8080  1.00271275 38515
FALCON 9 R/B            
1 41381U 16013B   26276.33321103  .00000088  00000+0  35099-3 0  9991
2 41381  27.2170 216.3712 7421968   9.0630 358.9628  2.05400647 77536
EUTELSAT 65 WEST A      
1 41382U 16014A   26277.23485221 -.00000290  00000+0  00000+0 0  9991
2 41382   0.0791 307.6680 0002293 251.0168 193.6205  1.00270400 38614
IRNSS-1F                
1 41384U 16015A   26277.11156502  .00000147  00000+0  00000+0 0  9998
2 41384   5.6174  94.2742 0020789 173.0882 178.0250  1.00267971 38757
BEIDOU-2 IGSO-6         
1 41434U 16021A   26276.87617786 -.00000159  00000+0  00000+0 0  9993
2 41434  60.3837  36.9680 0062455 228.8394 158.8521  1.00277787 38577
IRNSS-1G                
1 41469U 16027A   26276.37892076 -.00000343  00000+0  00000+0 0  9994
2 41469   5.4590  94.9520 0002427  48.2424 134.8624  1.00271293 38269
JCSAT-2B                
1 41471U 16028A   26276.74836444 -.00000178  00000+0  00000+0 0  9992
2 41471   0.0176 164.0116 0001145  49.1903 222.6801  1.00269689 38215
BREEZE-M DEB            
1 41544U 15075E   26275.86076997 -.00000197  00000+0  00000+0 0  9996
2 41544   8.6354  58.1545 0322056 178.2702 181.9144  1.05680910 41372
BREEZE-M DEB            
1 41547U 15075H   26266.57835583 -.00000106  00000+0  00000+0 0  9991
2 41547   8.8761  60.6192 0269320 142.8229 219.2279  1.03191097 40295
BREEZE-M DEB            
1 41548U 15075J   26275.30686613 -.00000253  00000+0  00000+0 0  9994
2 41548   8.9278  54.7049 0376093 139.5604 223.3568  1.02193821 40362
THAICOM 8               
1 41552U 16031A   26277.12075174 -.00000135  00000+0  00000+0 0  9997
2 41552   0.0912  42.6126 0000330 126.9718 325.2390  1.00272990 37815
INTELSAT 31 (IS-31)     
1 41581U 16035A   26275.13266138 -.00000156  00000+0  00000+0 0  9997
2 41581   0.0104 215.5746 0002143  22.1481  85.8641  1.00270316 37758
BREEZE-M R/B            
1 41582U 16035B   26276.91565978  .00000010  00000+0  00000+0 0  9997
2 41582  30.5923 282.5829 7954773 168.4660 238.3067  1.12665783 42467
DELTA 4 R/B             
1 41585U 16036B   26277.24176346 -.00000233  00000+0  00000+0 0  9993
2 41585   5.5798 359.3226 0230810 254.9135 102.5074  1.04081078 26862
BEIDOU-2 G7             
1 41586U 16037A   26276.98451111 -.00000365  00000+0  00000+0 0  9997
2 41586   1.9842  69.6602 0004832 348.4910  59.5099  1.00274806  7984
ABS-2A (MONGOLSAT-1)    
1 41588U 16038A   26274.54938551  .00000000  00000+0  00000+0 0  9993
2 41588   0.0171 216.1217 0001505 295.9787 130.7022  1.00269461 37773
EUTELSAT 117 WEST B     
1 41589U 16038B   26277.13862251 -.00000026  00000+0  00000+0 0  9994
2 41589   0.0115  51.1488 0000237  56.5693 198.0398  1.00274196 37759
FALCON 9 R/B            
1 41590U 16038C   26276.67816046  .00000568  00000+0  66576-3 0  9999
2 41590  22.9974 298.1857 7969611 352.0773   0.6769  1.46161807 47654
BRISAT                  
1 41591U 16039A   26274.48169638 -.00000199  00000+0  00000+0 0  9993
2 41591   0.0169 230.3210 0002248 321.2387 142.5882  1.00270951 37679
ECHOSTAR 18             
1 41592U 16039B   26277.23578124  .00000000  00000+0  00000+0 0  9994
2 41592   0.0208 176.0235 0001536  29.4953 190.9492  1.00266350 37719
MUOS-5                  
1 41622U 16041A   26277.22520082 -.00000156  00000+0  00000+0 0  9993
2 41622   1.9817 304.2600 0204653 261.0512 143.6689  1.00270695 38182
TIANTONG-1 1            
1 41725U 16048A   26276.91137472 -.00000328  00000+0  00000+0 0  9997
2 41725   4.0606  44.1053 0001146 103.8856 294.1446  1.00271148 37360
JCSAT-16                
1 41729U 16050A   26277.27623244 -.00000265  00000+0  00000+0 0  9991
2 41729   0.0032  90.3138 0001007 121.1698  44.9127  1.00271866 37176
USA 270                 
1 41744U 16052A   26275.89399934 -.00000359  00000+0  00000+0 0  9996
2 41744   4.4671  75.7590 0008442 119.5156 264.1131  1.00260866 29214
INTELSAT 36 (IS-36)     
1 41747U 16053A   26275.62197142 -.00000032  00000+0  00000+0 0  9996
2 41747   0.0030 170.2773 0001937 168.7684 324.7063  1.00270681 37038
INTELSAT 33E (IS-33E)   
1 41748U 16053B   26277.25196567  .00000113  00000+0  00000+0 0  9997
2 41748   1.8511  82.5532 0024512 191.0893 211.7796  1.00231334 37349
INSAT-3DR               
1 41752U 16054A   26277.11979839 -.00000090  00000+0  00000+0 0  9994
2 41752   0.0834  86.9338 0012612 177.9137 225.1122  1.00270863 36911
GSAT-18                 
1 41793U 16060A   26276.97723106 -.00000089  00000+0  00000+0 0  9991
2 41793   0.0579  85.8467 0001875  50.9772 301.6120  1.00271028 36616
SKY MUSTER 2 (NBN1B)    
1 41794U 16060B   26276.81086318 -.00000257  00000+0  00000+0 0  9999
2 41794   0.0128 237.0970 0001435 324.0025 248.1545  1.00270219 36601
HIMAWARI-9              
1 41836U 16064A   26272.99142235 -.00000271  00000+0  00000+0 0  9992
2 41836   0.0105  72.2386 0002065 171.6417 262.5744  1.00273774 36266
SHIJIAN-17 (SJ-17)      
1 41838U 16065A   26275.88336537 -.00000029  00000+0  00000+0 0  9997
2 41838   6.0205  71.2502 0001551 100.5277 235.1501  0.99850775 36275
YZ-2 R/B                
1 41840U 16065C   26276.47887635 -.00000125  00000+0  00000+0 0  9993
2 41840   9.6560  65.3161 0461250 235.3444 120.2990  0.93473461 33860
GOES 16                 
1 41866U 16071A   26277.30947663 -.00000105  00000+0  00000+0 0  9997
2 41866   0.6053  83.9994 0002277 148.9944 146.7397  1.00270957 36197
TIANLIAN 1-04           
1 41869U 16072A   26277.27799089  .00000017  00000+0  00000+0 0  9995
2 41869   1.1423  81.8253 0047424  98.2453 109.8174  1.00270147 36393
WGS F8 (USA 272)        
1 41879U 16075A   26276.81086318 -.00000215  00000+0  00000+0 0  9993
2 41879   0.0105 144.2839 0000221 207.5014 102.4560  1.00269992 35905
FENGYUN 4A              
1 41882U 16077A   26276.81847670 -.00000369  00000+0  00000+0 0  9995
2 41882   2.5912  78.8843 0008602 168.1521 183.2641  1.00272543 36011
ECHOSTAR 19             
1 41893U 16079A   26277.31215020 -.00000153  00000+0  00000+0 0  9994
2 41893   0.0180 171.5880 0001590  32.1275 184.5798  1.00271863 35795
JCSAT-110A (JCSAT-15)   
1 41903U 16082A   26273.92333174 -.00000351  00000+0  00000+0 0  9994
2 41903   0.0181 197.2090 0000756  32.9097 222.0431  1.00270319 35819
STAR ONE D1             
1 41904U 16082B   26277.18803212 -.00000225  00000+0  00000+0 0  9992
2 41904   0.0234 106.3061 0002147  84.3381 165.9620  1.00270881 35865
TJS-2                   
1 41911U 17001A   26276.85249806 -.00000019  00000+0  00000+0 0  9999
2 41911   1.1069  83.5876 0002251 167.3721 135.0631  1.00270489 35805
YZ-1 R/B                
1 41929U 15019C   26278.02723138 -.00000972  00000+0  00000+0 0  9999
2 41929  17.7692  80.1109 7017110 321.8516 359.2097  0.27924718 11086
SBIRS GEO-4 (USA 273)   
1 41937U 17004A   26277.14628196 -.00000179  00000+0  00000+0 0  9993
2 41937   2.4570  45.7181 0001879 148.7540 209.8529  1.00271075 35684
HISPASAT 36W-1          
1 41942U 17006A   26276.67029311 -.00000256  00000+0  00000+0 0  9998
2 41942   0.0197  13.8415 0000884 172.6079  31.2531  1.00270433 35332
TELKOM 3S               
1 41944U 17007A   26277.14350215 -.00000376  00000+0  00000+0 0  9997
2 41944   0.0167 157.0194 0002424  45.8199 339.6861  1.00272071 35232
INTELSAT 32E (IS-32E)   
1 41945U 17007B   26276.17006536 -.00000279  00000+0  00000+0 0  9996
2 41945   0.0189 216.6572 0000314 340.2269 193.0673  1.00271972 35305
ECHOSTAR 23             
1 42070U 17014A   26277.18109538  .00000000  00000+0  00000+0 0  9993
2 42070   0.0202 176.4197 0002075  11.2538 140.5045  1.00269715 35017
WGS F9 (USA 275)        
1 42075U 17016A   26277.17405197  .00000000  00000+0  00000+0 0  9999
2 42075   0.0153 205.1206 0000483  72.3150 146.0887  1.00266164 34982
SES-10                  
1 42432U 17017A   26275.50797072 -.00000280  00000+0  00000+0 0  9999
2 42432   0.0034 114.3624 0002782  89.2955 283.5671  1.00271459 34831
CZ-3B DEB               
1 42458U 10042Z   26273.96811587 -.00000153  00000+0 -55665-2 0  9994
2 42458  29.4584 225.2908 7505886 272.3495  12.4018  1.81320749 78394
CZ-3B DEB               
1 42460U 10042AB  26275.37996857  .00001109  00000+0  53883-2 0  9998
2 42460  30.3896  71.0456 7524311 148.9117 294.5073  1.90374787  3979
CZ-3B DEB               
1 42463U 10042AE  26276.58508058 -.00000378  00000+0 -17791-2 0  9994
2 42463  25.4349 340.2789 7459503 168.2632 292.3093  1.93055008  3598
CZ-3B DEB               
1 42464U 10042AF  26274.36227724 -.00000129  00000+0  00000+0 0  9992
2 42464  23.8862 247.6524 7353412  85.1551 347.4413  1.82440401 84463
CZ-3B DEB               
1 42465U 10042AG  26276.74879819 -.00000346  00000+0 -12963-1 0  9990
2 42465  24.6169  58.8655 7435353  61.9921 352.7834  1.87566986  1252
CZ-3B DEB               
1 42471U 11077AL  26276.06311998  .00000000  00000+0 -63451-3 0  9996
2 42471  26.0479 280.9697 7471836 172.9981 211.7084  1.89283438 36730
CZ-3B DEB               
1 42473U 11077AN  26276.96342578 -.00000258  00000+0  00000+0 0  9997
2 42473  23.6247  42.8278 7204137 139.2687 306.6943  1.69257252 64939
CZ-3B DEB               
1 42475U 11077AQ  26275.86989441 -.00000154  00000+0 -42868-2 0  9990
2 42475  26.0474 275.5278 7427297 178.3384 187.5655  1.91471500 34951
ARIANE 2 DEB            
1 42485U 89006CM  26276.57652185 -.00000066  00000+0  00000+0 0  9999
2 42485   9.1231  18.2448 6737327 223.1104  92.4150  2.17755706100930
CHINASAT 16 (SJ-13)     
1 42662U 17018A   26276.82177793 -.00000365  00000+0  00000+0 0  9997
2 42662   0.0926  87.1266 0007656 146.6677 185.1329  1.00270972 34835
KOREASAT 7              
1 42691U 17023A   26277.27059909 -.00000376  00000+0  00000+0 0  9995
2 42691   0.0261  56.6943 0000904 157.2142  12.3965  1.00272355 34469
SGDC                    
1 42692U 17023B   26275.17759697 -.00000255  00000+0  00000+0 0  9990
2 42692   0.0353  68.5445 0002580 139.6148 151.8493  1.00270820 34474
GSAT-9                  
1 42695U 17024A   26276.96433580 -.00000299  00000+0  00000+0 0  9990
2 42695   0.0731  87.5668 0002676  98.2616 271.3654  1.00270174 34391
INMARSAT 5-F4           
1 42698U 17025A   26276.61742620  .00000000  00000+0  00000+0 0  9993
2 42698   0.0186 172.2690 0000635  54.8853  63.9519  1.00271323 34368
SES-15                  
1 42709U 17026A   26277.30008714  .00000046  00000+0  00000+0 0  9993
2 42709   0.0364 333.6502 0000494 252.8464 125.3880  1.00267983  8525
COSMOS 2518 (EKS 2)     
1 42719U 17027A   26277.17601204  .00000234  00000+0  00000+0 0  9992
2 42719  63.0158 235.5535 6913887 273.9442  16.2029  2.00742330 68598
FREGAT R/B              
1 42720U 17027B   26275.89822352 -.00000101  00000+0  00000+0 0  9994
2 42720  62.4651 218.5030 7045181 268.1060  17.2921  2.01972882 69005
QZS-2 (MICHIBIKI-2)     
1 42738U 17028A   26276.77481358 -.00000188  00000+0  00000+0 0  9994
2 42738  39.2714 241.5568 0747489 270.7063 279.5768  1.00255682  8716
VIASAT-2                
1 42740U 17029A   26277.10269943 -.00000279  00000+0  00000+0 0  9991
2 42740   0.0174 246.5757 0001377 280.6138 172.6741  1.00271688 34281
EUTELSAT 172B           
1 42741U 17029B   26276.28394588 -.00000016  00000+0  00000+0 0  9993
2 42741   0.0281 133.9602 0000268 157.7486 354.5368  1.00272399 34834
GSAT-19                 
1 42747U 17031A   26272.98051198  .00000128  00000+0  00000+0 0  9995
2 42747   0.0662  88.1088 0002810  50.2021 271.2804  1.00272341 34195
ECHOSTAR 21             
1 42749U 17032A   26277.17847199  .00000053  00000+0  00000+0 0  9995
2 42749   1.7882   2.6740 0002423 194.5218 250.2137  1.00272596 34193
ZHONGXING-9A            
1 42763U 17035A   26276.89628128 -.00000233  00000+0  00000+0 0  9992
2 42763   5.2568  73.8210 0000977 222.6800 140.3961  0.99779815 34741
BULGARIASAT-1           
1 42801U 17038A   26277.17682531 -.00000002  00000+0  00000+0 0  9992
2 42801   0.0472  89.7792 0002690 107.6989 240.9873  1.00273228 33935
HELLAS-SAT 3            
1 42814U 17040A   26276.20600231  .00000142  00000+0  00000+0 0  9993
2 42814   0.0619  33.9646 0000846  88.7164   2.4090  1.00269514 33896
GSAT-17                 
1 42815U 17040B   26277.06433941 -.00000271  00000+0  00000+0 0  9995
2 42815   0.0569  85.0112 0005422 164.6493 239.7824  1.00271614 33884
INTELSAT 35E (IS-35E)   
1 42818U 17041A   26277.24087228 -.00000252  00000+0  00000+0 0  9991
2 42818   0.0208 104.8674 0002158  98.4815 221.8087  1.00270110 33901
FALCON 9 R/B            
1 42819U 17041B   26275.06806768  .00002321  00000+0  70308-3 0  9998
2 42819  25.2681 140.7942 7424341 142.6387 304.8784  2.10553727 65628
COSMOS 2520             
1 42907U 17046A   26276.80947799  .00000124  00000+0  00000+0 0  9991
2 42907   0.0237 126.3409 0000106  94.9700 127.6398  1.00274374 33489
BREEZE-M R/B            
1 42909U 17046C   26274.20939986 -.00000160  00000+0  00000+0 0  9995
2 42909   8.9948  67.0588 0762091 163.9519 198.7319  0.90332994 30119
TDRS 13                 
1 42915U 17047A   26277.10289831 -.00000111  00000+0  00000+0 0  9998
2 42915   3.4930   5.3347 0012477 125.6019 267.5040  1.00271022 33442
QZS-3 (MICHIBIKI-3)     
1 42917U 17048A   26277.20152544 -.00000361  00000+0  00000+0 0  9999
2 42917   0.0545 201.8720 0002112   7.9591   2.6471  1.00275218 33356
AMAZONAS 5              
1 42934U 17053A   26272.38881078 -.00000278  00000+0  00000+0 0  9996
2 42934   0.0466 321.3720 0001989 272.9722 212.7957  1.00256662 33081
ASIASAT 9               
1 42942U 17057A   26276.91553475 -.00000372  00000+0  00000+0 0  9994
2 42942   0.0091 195.8721 0001737 356.1049 272.3636  1.00269928 32979
INTELSAT 37E (IS-37E)   
1 42950U 17059A   26276.81650044 -.00000153  00000+0  00000+0 0  9991
2 42950   0.0169 204.0891 0002908 358.7567  85.6384  1.00271001 33150
BSAT-4A                 
1 42951U 17059B   26277.26938575 -.00000364  00000+0  00000+0 0  9994
2 42951   0.0641  44.3455 0000574  64.0321 111.4028  1.00269349 32894
QZS-4 (MICHIBIKI-4)     
1 42965U 17062A   26276.58449667 -.00000312  00000+0  00000+0 0  9999
2 42965  40.0363 342.0993 0750214 270.0863 110.9334  1.00268275 32893
SES-11 (ECHOSTAR 105)   
1 42967U 17063A   26277.30936578 -.00000104  00000+0  00000+0 0  9994
2 42967   0.0345 296.1354 0002935 253.3664 189.9453  1.00271357 32819
KOREASAT 5A             
1 42984U 17067A   26277.15461441  .00000000  00000+0  00000+0 0  9996
2 42984   0.0133 170.4986 0001498  65.5478 305.6275  1.00269469 32626
ALCOMSAT 1              
1 43039U 17078A   26276.74387345 -.00000198  00000+0  00000+0 0  9993
2 43039   0.0481 321.0310 0001990 248.9077  45.5225  1.00272086 32385
ANGOSAT 1               
1 43087U 17086A   26277.19329023  .00000060  00000+0  00000+0 0  9991
2 43087   7.8463  65.9711 0020928 176.0309  51.6205  0.99379882 31815
FREGAT R/B              
1 43088U 17086B   26276.24443630 -.00000285  00000+0  00000+0 0  9998
2 43088   7.8070  65.0988 0126434  31.2417 329.5843  0.98390572 31507
SBIRS GEO-3 (USA 282)   
1 43162U 18009A   26277.28914002  .00000116  00000+0  00000+0 0  9990
2 43162   2.2771  16.9161 0002002 186.1567 114.6209  1.00271642 31931
AL YAH 3                
1 43174U 18012A   26277.14628196 -.00000168  00000+0  00000+0 0  9996
2 43174   1.8269  81.6057 0003629 117.3854 206.4467  1.00271215 31937
SES-14                  
1 43175U 18012B   26276.88190792 -.00000291  00000+0  00000+0 0  9990
2 43175   0.0390  18.1224 0001136 178.7536  85.7168  1.00271581  8110
ARIANE 5 R/B            
1 43176U 18012C   26277.12054456  .00001781  00000+0  95707-3 0  9991
2 43176  21.5817 293.2444 7462875 243.1372  25.2106  2.04977702 61557
GOES 17                 
1 43226U 18022A   26277.31639499 -.00000196  00000+0  00000+0 0  9993
2 43226   1.2122  83.8371 0001267 159.5559 154.0304  1.00272363 31513
HISPASAT 30W-6          
1 43228U 18023A   26276.88537461 -.00000228  00000+0  00000+0 0  9999
2 43228   0.0561  25.2050 0002453 143.3476 132.8153  1.00273037 31492
GSAT-6A                 
1 43241U 18027A   26276.97333105 -.00000163  00000+0  00000+0 0  9995
2 43241   3.4753  79.0590 1323369 117.7130 230.5999  1.19316486 37157
SUPERBIRD-B3            
1 43271U 18033A   26277.31915499 -.00000106  00000+0  00000+0 0  9993
2 43271   0.0321  82.5294 0001223 107.7946  99.6264  1.00271180 31153
HYLAS 4                 
1 43272U 18033B   26276.88468126 -.00000246  00000+0  00000+0 0  9990
2 43272   0.0848 269.6673 0001493 303.0036  84.9246  1.00269622 31152
IRNSS-1I                
1 43286U 18035A   26273.82550137  .00000090  00000+0  00000+0 0  9998
2 43286  28.9997  72.5521 0021176 177.3911 111.9514  1.00269041 31130
METEOSAT 3 AKM          
1 43333U 88051G   26266.10307166 -.00000201  00000+0  00000+0 0  9996
2 43333  11.8372 329.4662 0057159 179.1022 180.9345  0.99534568 46673
USA 283                 
1 43339U 18036A   26272.42746426  .00000000  00000+0  00000+0 0  9992
2 43339   0.0163 203.0759 0000091  72.9988  20.0874  1.00270528 26333
FENGYUN 2A DEB          
1 43355U 97029D   26275.66877837 -.00000345  00000+0  00000+0 0  9992
2 43355  14.8541 356.1080 0044702  42.5190 317.8412  1.00251784 43681
FENGYUN 2F DEB          
1 43396U 12002D   26275.81802226 -.00000389  00000+0  00000+0 0  9990
2 43396   9.3556  56.2339 0250448 307.2221  50.5597  1.00228000 43846
COSMOS 2526             
1 43432U 18037A   26276.80374148 -.00000357  00000+0  00000+0 0  9997
2 43432   0.0247 120.6760 0000132 178.4508 130.7995  1.00268300 31044
BREEZE-M R/B            
1 43433U 18037B   26260.98767046 -.00000150  00000+0  00000+0 0  9994
2 43433   8.4038  70.2239 0671673  30.6756 333.2130  0.90513819 28047
APSTAR-6C               
1 43450U 18041A   26275.86054495 -.00000326  00000+0  00000+0 0  9993
2 43450   0.0433   9.3957 0002392 235.1360 210.8825  1.00270640 30893
TITAN 3C TRANSTAGE DEB  
1 43453U 69013L   26276.61320413 -.00000177  00000+0  00000+0 0  9995
2 43453   1.8168 125.6070 0866779   9.9140 352.2050  1.07382349 33204
TITAN 3C TRANSTAGE DEB  
1 43454U 69013M   26277.14516863 -.00000203  00000+0  00000+0 0  9991
2 43454   1.3677 114.2319 0542843   0.2668   0.5012  1.02846404 31758
TITAN 3C TRANSTAGE DEB  
1 43456U 69013P   26275.94151367 -.00000298  00000+0  00000+0 0  9997
2 43456   2.2492  54.7803 0719835  76.8813 291.3083  1.02704873  7832
BANGABANDHUSAT-1        
1 43463U 18044A   26273.80733111 -.00000362  00000+0  00000+0 0  9991
2 43463   0.0144 209.7945 0002946 352.3930 217.1216  1.00270082 30769
SES-12                  
1 43488U 18049A   26277.05877896 -.00000283  00000+0  00000+0 0  9995
2 43488   0.0430  24.5941 0002246 223.2999 241.0442  1.00271405 30517
FENGYUN 2H              
1 43491U 18050A   26277.04959808 -.00000140  00000+0  00000+0 0  9996
2 43491   3.3039  77.6839 0003144 155.4410 236.7773  1.00269925 30533
FENGYUN 2H AKM          
1 43497U 18050C   26276.99261649  .00000038  00000+0  00000+0 0  9999
2 43497   5.1411  75.1067 0087592 329.0068  30.6500  1.00051080 30390
TITAN 3C TRANSTAGE DEB  
1 43514U 69013S   26275.23345450 -.00000253  00000+0  00000+0 0  9993
2 43514   1.7799  64.6719 0208690  54.4756 307.8837  0.97799137879407
TITAN 3C TRANSTAGE DEB  
1 43515U 69013T   26275.31309751 -.00000145  00000+0  00000+0 0  9997
2 43515   2.0740  60.4706 0331503 147.2807 215.2041  0.95442944 29243
BEIDOU-2 IGSO-7         
1 43539U 18057A   26276.61038697 -.00000137  00000+0  00000+0 0  9998
2 43539  55.2112 162.1303 0107986 236.3109 306.1831  1.00270707 30215
TELSTAR 19V             
1 43562U 18059A   26276.22185970 -.00000290  00000+0  00000+0 0  9990
2 43562   0.0167 187.2564 0002563   9.5287 192.0151  1.00269238 30223
TELKOM 4 (MERAH PUTIH)  
1 43587U 18064A   26274.60023920 -.00000347  00000+0  00000+0 0  9992
2 43587   0.0179 164.2365 0001741  60.7991 109.4005  1.00269397 29948
TELSTAR 18V             
1 43611U 18069A   26276.81642087 -.00000306  00000+0  00000+0 0  9996
2 43611   0.0158 250.5095 0001878 310.7134 243.2223  1.00270207 29727
AZERSPACE 2 (IS-38)     
1 43632U 18074A   26276.04500479  .00000127  00000+0  00000+0 0  9998
2 43632   0.0186 154.1784 0001432  52.8548 226.0643  1.00270759 29529
HORIZONS-3E             
1 43633U 18074B   26276.85350728 -.00000043  00000+0  00000+0 0  9996
2 43633   0.0028 188.3307 0000717  20.4621 280.0382  1.00269565 29436
FENGYUN 2H DEB          
1 43645U 18050D   26275.93638381 -.00000205  00000+0  00000+0 0  9995
2 43645   5.1673  74.7362 0057131 271.1408  88.3674  1.00316415 30005
FENGYUN 2G DEB          
1 43646U 14090D   26276.01119197  .00000069  00000+0  00000+0 0  9992
2 43646   7.8024  66.9139 0201741 291.1312  66.8041  1.00258263 42787
AEHF-4 (USA 288)        
1 43651U 18079A   26277.23446248 -.00000288  00000+0  00000+0 0  9998
2 43651   1.4248 359.7692 0068580 357.9030  32.1782  1.00270917 29398
BEIDOU-3 G1             
1 43683U 18085A   26277.33673554 -.00000121  00000+0  00000+0 0  9999
2 43683   2.6637  94.2741 0005109  28.3654 171.6871  1.00270691 29154
GSAT-29                 
1 43698U 18089A   26277.18731204  .00000071  00000+0  00000+0 0  9992
2 43698   0.0176 151.7818 0002509  56.6075 286.9696  1.00272239 28880
ES'HAIL 2               
1 43700U 18090A   26277.10669667  .00000131  00000+0  00000+0 0  9990
2 43700   0.0054 161.8512 0001398  64.7127 210.4457  1.00271028 28764
GEO-KOMPSAT-2A          
1 43823U 18100A   26277.20169877 -.00000358  00000+0  00000+0 0  9999
2 43823   0.0579  31.6245 0001310 111.1314  71.0335  1.00271327 28722
GSAT-11                 
1 43824U 18100B   26277.22614139 -.00000091  00000+0  00000+0 0  9992
2 43824   0.0253 261.0277 0005511 225.8006  41.5117  1.00271345 28577
GSAT-7A                 
1 43864U 18105A   26277.11763172  .00000013  00000+0  00000+0 0  9994
2 43864   0.0778  84.6481 0002466 121.4694 271.8259  1.00271812 28540
COSMOS 2533             
1 43867U 18107A   26276.85495657 -.00000051  00000+0  00000+0 0  9992
2 43867   0.0216 124.1599 0000714 108.1662 158.0342  1.00270964 28536
BREEZE-M R/B            
1 43868U 18107B   26270.07808595 -.00000121  00000+0  00000+0 0  9998
2 43868   7.7174  72.5551 0729547 315.3577  39.1290  0.90469879 25639
TJS-3                   
1 43874U 18110A   26274.77321470  .00000017  00000+0  00000+0 0  9995
2 43874   2.8122  79.0873 0003228  30.6222 354.6367  1.00268386 28498
ZHONGXING-2D            
1 43920U 19001A   26277.27345910 -.00000351  00000+0  00000+0 0  9992
2 43920   0.0531  24.7892 0001981 268.3668 308.2789  1.00268689 55174
ATLAS 5 CENTAUR DEB     
1 43959U 14055N   26273.84158136 -.00000081  00000+0  00000+0 0  9999
2 43959  20.2357 127.4129 4995332 191.3498 150.9585  1.81439580 53580
ATLAS 5 CENTAUR DEB     
1 43960U 14055P   26276.58487590 -.00000098  00000+0  00000+0 0  9992
2 43960  20.3001 127.6280 5012894 191.7422 149.8744  1.81622594 53611
ATLAS 5 CENTAUR DEB     
1 43967U 14055W   26276.02904531 -.00000107  00000+0  00000+0 0  9998
2 43967  20.4296 123.9678 4987929 198.7818 133.0129  1.82856516 53975
ATLAS 5 CENTAUR DEB     
1 43968U 14055X   26275.96086697 -.00000111  00000+0  00000+0 0  9990
2 43968  20.4616 121.4974 5003887 203.1623 122.8620  1.83135597 54054
ATLAS 5 CENTAUR DEB     
1 43981U 14055AL  26275.04974521 -.00000061  00000+0  00000+0 0  9990
2 43981  20.2061 128.4817 5084958 185.5454 165.4286  1.78789465 52699
ATLAS 5 CENTAUR DEB     
1 43982U 14055AM  26277.00254666 -.00000006  00000+0  00000+0 0  9999
2 43982  19.0316 182.5301 4718364  97.3031 316.6188  1.75459686 51723
ATLAS 5 CENTAUR DEB     
1 43985U 14055AQ  26251.28398973 -.00000031  00000+0  00000+0 0  9992
2 43985  19.0725 166.4591 4763656 119.0230 296.5520  1.76721536 13494
ATLAS 5 CENTAUR DEB     
1 43996U 14055BB  26275.12725922 -.00000055  00000+0  00000+0 0  9997
2 43996  19.8868 147.2014 4800540 158.8499 230.7332  1.81740807 52976
ATLAS 5 CENTAUR DEB     
1 43998U 14055BD  26276.58372816 -.00000121  00000+0  00000+0 0  9994
2 43998  20.5747 121.0864 5050095 207.7528 112.4141  1.83526120 53311
ATLAS 5 CENTAUR DEB     
1 44007U 14055BN  26276.95256744 -.00000012  00000+0  00000+0 0  9997
2 44007  19.1850 168.0403 4853790 121.6304 294.7350  1.76254079 51553
ATLAS 5 CENTAUR DEB     
1 44013U 14055BU  26276.27949436 -.00000035  00000+0  00000+0 0  9991
2 44013  18.7882 213.1038 4484187  39.6632 345.7126  1.67641287 31555
HELLAS-SAT 4 & SGS-1    
1 44034U 19007A   26277.25543235  .00000138  00000+0  00000+0 0  9995
2 44034   0.0623 128.0774 0005915  37.2858 338.5611  1.00272161 28478
GSAT-31                 
1 44035U 19007B   26275.83170569  .00000117  00000+0  00000+0 0  9991
2 44035   0.0488  80.2049 0005424 158.9757 119.6687  1.00270589 28042
ATLAS 5 CENTAUR DEB     
1 44038U 14055BY  26274.23337416  .00000003  00000+0  00000+0 0  9995
2 44038  19.0080 180.6055 4635105  99.8888 313.6319  1.76612702 51147
NUSANTARA SATU          
1 44048U 19009A   26273.49900400 -.00000233  00000+0  00000+0 0  9992
2 44048   0.0249 146.3105 0004315  12.7849 175.8225  1.00270431 27828
ZHONGXING-6C            
1 44067U 19012A   26277.27354576 -.00000349  00000+0  00000+0 0  9992
2 44067   0.0627 292.7582 0013009 131.8154 177.3418  1.00271824 27835
WGS 10 (USA 291)        
1 44071U 19014A   26275.77996155  .00000038  00000+0  00000+0 0  9991
2 44071   0.0033 187.0856 0000453  79.1141  86.4102  1.00272487 27690
TIANLIAN 2-01           
1 44076U 19017A   26276.97783774 -.00000119  00000+0  00000+0 0  9994
2 44076   0.8141  82.2682 0003854 141.2918 218.1643  1.00271148 27739
ATLAS 5 CENTAUR DEB     
1 44107U 14055CC  26276.10985629 -.00000003  00000+0  00000+0 0  9996
2 44107  19.1139 180.3801 4750214 101.6472 313.4905  1.75841963 48435
ARABSAT-6A              
1 44186U 19021A   26277.18245868  .00000000  00000+0  00000+0 0  9990
2 44186   0.0179 350.8409 0004566 274.8920 203.3540  1.00271501 27254
BEIDOU-3 IGSO-1         
1 44204U 19023A   26276.74233656 -.00000212  00000+0  00000+0 0  9992
2 44204  58.8494  36.5415 0028278 224.4771 136.5121  1.00259561  8301
BEIDOU-2 G8             
1 44231U 19027A   26277.34191655 -.00000260  00000+0  00000+0 0  9998
2 44231   1.9284  74.1930 0008897 275.2359 291.2447  1.00274287 27176
YAMAL 601               
1 44307U 19031A   26276.90620354  .00000107  00000+0  00000+0 0  9990
2 44307   0.0156 200.8889 0002584 355.1357 191.8356  1.00270470 27019
AT&T T-16               
1 44333U 19034A   26277.32956561 -.00000130  00000+0  00000+0 0  9998
2 44333   0.0131 120.4016 0000284 283.4318 347.0033  1.00271687 26720
EUTELSAT 7C             
1 44334U 19034B   26275.94836456  .00000039  00000+0  00000+0 0  9992
2 44334   0.0663 184.1341 0003546 357.5110 178.4437  1.00270245  7919
BEIDOU-3 IGSO-2         
1 44337U 19035A   26276.88461395 -.00000146  00000+0  00000+0 0  9996
2 44337  55.2496 157.9072 0038654 210.3956  82.2484  1.00266463 26753
USA 142 DEB             
1 44436U 99017H   26273.90084562 -.00000223  00000+0 -27428-2 0  9994
2 44436  28.7265 191.6285 7173130 276.6433  13.5737  2.27005055 59644
MERIDIAN 8              
1 44453U 19046A   26276.39206490  .00000178  00000+0  00000+0 0  9990
2 44453  63.2292  36.6767 7102276 275.1003  14.5498  2.00615639 52510
COSMOS 2539             
1 44457U 19048A   26276.86086704  .00000067  00000+0  00000+0 0  9999
2 44457   0.0195 125.2123 0002063  35.5913 173.6594  1.00265881 26312
BREEZE-M R/B            
1 44458U 19048B   26265.16856827 -.00000161  00000+0  00000+0 0  9998
2 44458   7.1610  71.7400 0744047 132.8065 233.9591  0.90283776 23438
EDRS-C                  
1 44475U 19049A   26277.27597244 -.00000276  00000+0  00000+0 0  9995
2 44475   0.0150 213.1511 0001171 347.9190  53.7683  1.00271488 26303
INTELSAT 39 (IS-39)     
1 44476U 19049B   26276.69329635  .00000021  00000+0  00000+0 0  9995
2 44476   0.0191 219.4184 0000519 251.5647 212.9631  1.00271120 26211
AMOS-17                 
1 44479U 19050A   26277.25109899  .00000095  00000+0  00000+0 0  9992
2 44479   0.0397 355.0143 0001661 204.9208 280.4244  1.00269783 26287
AEHF-5 (USA 292)        
1 44481U 19051A   26277.06433941 -.00000271  00000+0  00000+0 0  9990
2 44481   1.3837 345.3619 0029347   7.2828 136.3325  1.00274952 26357
COSMOS 2541 (EKS 3)     
1 44552U 19065A   26276.94809962  .00000097  00000+0  00000+0 0  9995
2 44552  62.7121 146.7877 6512367 272.0507  20.2339  2.00576851 51407
FREGAT R/B              
1 44553U 19065B   26267.01152207 -.00000405  00000+0  00000+0 0  9991
2 44553  63.3282 143.0810 6766655 260.4591  23.2385  2.01522264 51498
COSMOS 1897 DEB         
1 44572U 87096G   26276.82170046  .00000052  00000+0  00000+0 0  9998
2 44572  10.7226 325.6420 0025050 285.3132  65.2665  1.00456391 72075
ARIANE 44LP DEB         
1 44573U 92060J   26273.43248054 -.00000408  00000+0 -48001-2 0  9998
2 44573   7.1178 292.6898 7171024 111.5698 343.6122  2.23359067101893
LUCH DEB                
1 44582U 94082G   26276.82828715  .00000066  00000+0  00000+0 0  9990
2 44582  14.5824 353.1541 0015882 118.9936 240.1466  1.00694974 47332
SL-12 DEB               
1 44588U 99027E   26277.09479387 -.00000069  00000+0  00000+0 0  9991
2 44588   7.4803 114.6064 3195825 172.0897  27.4877  1.46040852 68641
EUTELSAT 5 WEST B       
1 44624U 19067A   26277.24667897 -.00000056  00000+0  00000+0 0  9996
2 44624   0.0643   5.4206 0003215 192.2973 259.0486  1.00271766 25524
MEV-1                   
1 44625U 19067B   26275.77594102 -.00000154  00000+0  00000+0 0  9990
2 44625   0.7738 267.8398 0004338 288.6346 250.5309  1.00271524 62493
BREEZE-M R/B            
1 44626U 19067C   26276.44149840 -.00000091  00000+0  00000+0 0  9991
2 44626  24.4862  55.6855 6452615  21.7960 356.1128  0.93849982 22112
TJS-4                   
1 44637U 19070A   26276.90790804 -.00000182  00000+0  00000+0 0  9991
2 44637   0.0836 287.9044 0004837  20.3677 114.6948  1.00271356 25627
ATLAS 5 CENTAUR DEB     
1 44661U 18079X   26277.23579635 -.00000122  00000+0  00000+0 0  9994
2 44661  13.1603  53.5049 4624012 275.3009  35.5284  1.72652356 50489
ATLAS 5 CENTAUR DEB     
1 44665U 18079AB  26276.29932727 -.00000101  00000+0  00000+0 0  9995
2 44665  12.8810  65.7275 4622294 251.1344  54.5910  1.68616733 45204
ATLAS 5 CENTAUR DEB     
1 44673U 18079AK  26274.38707182 -.00000134  00000+0  00000+0 0  9993
2 44673  13.4871  34.8619 4709985 312.3885  16.3823  1.77545325 51753
ATLAS 5 CENTAUR DEB     
1 44679U 18079AR  26260.62419599 -.00000170  00000+0  00000+0 0  9993
2 44679  13.5366  31.3749 4692668 319.2401  13.7445  1.79398705 48335
ATLAS 5 CENTAUR DEB     
1 44680U 18079AS  26276.43307688 -.00000141  00000+0  00000+0 0  9994
2 44680  13.4526  40.3714 4691889 300.2370  21.6064  1.75587344 47367
ATLAS 5 CENTAUR DEB     
1 44685U 18079AX  26276.88974732 -.00000100  00000+0  00000+0 0  9993
2 44685  12.7962  67.0869 4530745 250.2502  56.5793  1.69273497 45345
ATLAS 5 CENTAUR DEB     
1 44692U 18079BE  26275.81832106 -.00000111  00000+0  00000+0 0  9993
2 44692  12.6855  67.7183 4610401 258.1298  48.3759  1.71610214 45218
ATLAS 5 CENTAUR DEB     
1 44693U 18079BF  26276.62916082 -.00000151  00000+0  00000+0 0  9994
2 44693  13.6154  31.9801 4676403 316.1580  15.0506  1.78456540 48812
ATLAS 5 CENTAUR DEB     
1 44694U 18079BG  26273.09819700 -.00000125  00000+0  00000+0 0  9993
2 44694  13.7366  30.7517 4712564 315.8911  15.0180  1.77403298 48429
BEIDOU-3 IGSO-3         
1 44709U 19073A   26276.41522309 -.00000161  00000+0  00000+0 0  9990
2 44709  54.6205 279.7170 0046501 198.5774 161.2550  1.00257070 25546
TIBA-1                  
1 44800U 19080A   26277.11217169  .00000142  00000+0  00000+0 0  9991
2 44800   0.0536   5.4160 0002172 197.2413 246.0465  1.00269685 25143
INMARSAT GX5            
1 44801U 19080B   26277.17864532  .00000000  00000+0  00000+0 0  9993
2 44801   0.0251  49.0496 0002136 171.6830 227.4553  1.00271561  7881
ATLAS 5 CENTAUR DEB     
1 44845U 14055CD  26260.89404390 -.00000176  00000+0  00000+0 0  9996
2 44845  20.5641 118.9529 4975491 208.4973 111.7314  1.84917646 46141
JCSAT-18 (KACIFIC 1)    
1 44868U 19091A   26277.25511378 -.00000215  00000+0  00000+0 0  9993
2 44868   0.0433 351.2589 0000404 266.4111 357.1391  1.00270843 25106
SHIJIAN-20 (SJ-20)      
1 44910U 19097A   26272.55148483  .00000154  00000+0  00000+0 0  9999
2 44910   5.1799  73.7154 0003308 168.5682   4.8149  1.00269312 24745
TJS-5                   
1 44978U 20002A   26275.86793676 -.00000350  00000+0  00000+0 0  9997
2 44978   0.2637  82.6298 0006587 353.8984 355.0333  1.00269214 24781
GSAT-30                 
1 45026U 20005A   26277.05029141 -.00000178  00000+0  00000+0 0  9995
2 45026   0.0654  85.7662 0001595  83.9276 304.1756  1.00272005 24608
EUTELSAT KONNECT        
1 45027U 20005B   26277.17786532  .00000036  00000+0  00000+0 0  9995
2 45027   0.0691  95.4103 0001736 147.9787 200.7522  1.00268746 25423
JCSAT-17                
1 45245U 20013A   26277.18586449 -.00000328  00000+0  00000+0 0  9997
2 45245   5.4002 357.8842 0004400 196.8775  21.0386  1.00271096 24328
GEO-KOMPSAT-2B          
1 45246U 20013B   26277.20169877 -.00000358  00000+0  00000+0 0  9996
2 45246   0.0431   6.5331 0001874 238.7005 328.5628  1.00271382 24378
MERIDIAN 9              
1 45254U 20015A   26277.13579890 -.00000008  00000+0  00000+0 0  9991
2 45254  65.5408 307.5669 6824413 276.0744  16.1819  2.00616461 48479
FREGAT R/B              
1 45255U 20015B   26276.15946416  .00000797  00000+0  00000+0 0  9999
2 45255  65.6738 301.6643 6854802 277.0798  15.6041  1.99765873 48312
BEIDOU-3 G2             
1 45344U 20017A   26276.90540752 -.00000151  00000+0  00000+0 0  9991
2 45344   2.6258  48.7083 0002665 157.0423 212.8758  1.00272143 24353
AEHF-6 (USA 298)        
1 45465U 20022B   26277.20360545 -.00000314  00000+0  00000+0 0  9996
2 45465   2.3245 302.8622 0043631   9.0904 272.0126  1.00272762 24108
ATLAS 5 CENTAUR DEB     
1 45473U 18079BV  26276.03279891 -.00000102  00000+0  00000+0 0  9992
2 45473  13.0958  60.8665 4534667 257.2835  49.9980  1.70649755 43559
FREGAT R/B              
1 45609U 20031B   26277.23967084 -.00001047  00000+0  00000+0 0  9994
2 45609  63.4534  48.1350 7233771 258.4706  19.6159  2.01397969 46854
BEIDOU-3 G3             
1 45807U 20040A   26277.05575144 -.00000365  00000+0  00000+0 0  9998
2 45807   2.7092  67.3456 0003093 274.4106 161.6248  1.00268250 23160
APSTAR-6D               
1 45863U 20045A   26276.98919113 -.00000331  00000+0  00000+0 0  9997
2 45863   0.0471  94.1534 0002736 356.4500  52.2337  1.00271159 22953
KOREASAT 116            
1 45920U 20048A   26277.27059909  .00000000  00000+0  00000+0 0  9997
2 45920   0.0152 170.7826 0001260  49.0228   6.8018  1.00267797 22731
EXPRESS 103             
1 45985U 20053A   26277.05877896 -.00000293  00000+0  00000+0 0  9998
2 45985   0.0261 251.4339 0000158 225.7454  13.2623  1.00268611 22749
EXPRESS 80              
1 45986U 20053B   26263.15064726 -.00000146  00000+0  00000+0 0  9992
2 45986   0.0271 170.2364 0064633  63.5597 259.7327  1.00286177 22599
BREEZE-M R/B            
1 45987U 20053C   26276.36380838 -.00000162  00000+0  00000+0 0  9993
2 45987   7.7308  75.3292 4342941  84.8704 322.0855  1.03580500 23367
BSAT-4B                 
1 46112U 20056A   26277.26938575 -.00000364  00000+0  00000+0 0  9998
2 46112   0.0514 109.6087 0003716  57.7756  52.4018  1.00269884 22485
MEV-2                   
1 46113U 20056B   26276.89118130 -.00000024  00000+0  00000+0 0  9997
2 46113   0.0138 239.6951 0000421  34.3240  58.4177  1.00271832 81642
GALAXY 30 (G-30)        
1 46114U 20056C   26277.30141973  .00000000  00000+0  00000+0 0  9999
2 46114   0.0194 184.2183 0002504  18.7733 153.5141  1.00270572 22388
ATLAS 5 CENTAUR DEB     
1 46602U 18079CA  26251.49743763 -.00000178  00000+0  00000+0 0  9997
2 46602  13.5966  32.3140 4672383 315.5819  15.1666  1.79049432 41478
ATLAS 5 CENTAUR DEB     
1 46604U 18079CC  26276.57353253 -.00000126  00000+0  00000+0 0  9999
2 46604  13.5765  45.3575 4600836 285.7059  29.5388  1.74545588 43796
ATLAS 5 CENTAUR DEB     
1 46608U 18079CG  26276.55670111 -.00000153  00000+0  00000+0 0  9996
2 46608  13.6194  29.6688 4676468 321.1113  13.1691  1.79359346 32218
GAOFEN-13 01            
1 46610U 20071A   26277.27120575 -.00000377  00000+0  00000+0 0  9996
2 46610   0.1808  80.5895 0056233 121.0376  27.4108  1.00273300 22013
ATLAS 5 CENTAUR DEB     
1 46665U 18079CT  26264.61045864 -.00000120  00000+0  00000+0 0  9998
2 46665  13.5609  52.6378 4569750 268.3431  40.7996  1.71551114 37299
ATLAS 5 CENTAUR DEB     
1 46846U 18079DB  26275.55582595 -.00000126  00000+0  00000+0 0  9997
2 46846  12.5197  54.5631 4581210 280.6742  32.5910  1.71828416 37142
ATLAS 5 CENTAUR DEB     
1 46847U 18079DC  26274.57585894 -.00000134  00000+0  00000+0 0  9993
2 46847  13.6836  33.2174 4695127 312.2210  16.5279  1.77278447 38326
ATLAS 5 CENTAUR DEB     
1 46857U 18079DN  26275.71541087 -.00000101  00000+0  00000+0 0  9991
2 46857  12.7687  66.6747 4612577 251.2442  54.6039  1.69097774 36546
TIANTONG-1 2            
1 46916U 20082A   26276.98737112 -.00000369  00000+0  00000+0 0  9996
2 46916   0.6995 345.8257 0001587 267.9625 239.3051  1.00269304 21741
ATLAS 5 CENTAUR DEB     
1 47096U 14055DE  26277.10343435 -.00000027  00000+0  00000+0 0  9996
2 47096  19.5485 156.4149 4825136 141.6931 265.0359  1.79155738 39079
LUCAS (JDRS-1)          
1 47202U 20089A   26277.06433941 -.00000249  00000+0  00000+0 0  9992
2 47202   0.0169 204.4662 0002651  12.0044 270.2586  1.00271312 21518
SXM-7                   
1 47240U 20096A   26273.12475093 -.00000203  00000+0  00000+0 0  9999
2 47240   0.0209 131.0187 0004384 358.5719 199.0698  1.00270796  8493
BREEZE-M DEB [TANK]     
1 47243U 20097B   26275.92223854  .00002022  00000+0  13301-2 0  9990
2 47243  58.5980  85.4531 7319125 118.4315 331.8396  2.20935919 46580
CMS-01                  
1 47256U 20099A   26277.05029141 -.00000178  00000+0  00000+0 0  9995
2 47256   0.0931  86.3134 0006177 170.3166 217.2417  1.00271225 21297
TURKSAT 5A              
1 47306U 21001A   26276.05947285  .00000145  00000+0  00000+0 0  9995
2 47306   0.0152 134.5292 0000367 166.9817 122.6175  1.00269340 21046
FALCON 9 R/B            
1 47307U 21001B   26276.59102827  .00015310 -71918-6  10850-2 0  9991
2 47307  15.1390 154.8617 7822448  92.4836 348.6945  1.66145730 31951
TIANTONG-1 3            
1 47321U 21003A   26276.97879108 -.00000167  00000+0  00000+0 0  9998
2 47321   1.6957 346.3128 0003830 226.7787 233.4877  1.00270404 21057
TJS-6                   
1 47613U 21010A   26277.28307913  .00000029  00000+0  00000+0 0  9991
2 47613   0.0281 132.4844 0003610  69.2699  91.6608  1.00269297 20908
SHIYAN-9 (SY-9)         
1 47851U 21019A   26276.92021477 -.00000245  00000+0  00000+0 0  9993
2 47851  16.2938 301.0276 0015189  18.9244 170.3120  1.00263666 25222
SL-6 DEB                
1 48261U 80063E   26277.15080117 -.00000359  00000+0  78454-2 0  9992
2 48261  64.1301 329.0065 7084355 283.6112  12.2174  2.11473471 99317
SL-6 DEB                
1 48262U 80063F   26269.17464854 -.00000883  00000+0  88880-2 0  9996
2 48262  63.8219 348.2433 7209417 280.6978  12.5387  2.05108416 96244
COSMOS 1367 DEB         
1 48266U 82045E   26272.31377197 -.00001074  00000+0 -40100-1 0  9991
2 48266  64.4784  37.1473 7172774  12.2223 358.3995  2.06309805 49775
ARIANE 3 DEB            
1 48347U 84081G   26276.21926572 -.00000144  00000+0  00000+0 0  9992
2 48347   6.2369 329.0867 7093515  68.1118 349.7394  2.08060718 97898
ARIANE 3 DEB            
1 48348U 84081H   26276.18638101  .00000084  00000+0  00000+0 0  9999
2 48348   6.9917 206.7440 7152534 275.9049  13.9393  2.08284764 98474
SBIRS GEO-5 (USA 315)   
1 48618U 21042A   26277.06433941 -.00000282  00000+0  00000+0 0  9991
2 48618   4.9765 329.9979 0002058 237.9902 281.7433  1.00270959 19860
FENGYUN 4B              
1 48808U 21047A   26277.05462477 -.00000343  00000+0  00000+0 0  9990
2 48808   0.4223  81.0165 0008255 277.6040 138.4954  1.00268827 19668
SXM-8                   
1 48838U 21049A   26275.31393870 -.00000211  00000+0  00000+0 0  9996
2 48838   0.0423  38.9498 0005293 355.3501   4.6289  1.00270310 19658
TIANLIAN 1-05           
1 49011U 21063A   26277.25101233  .00000095  00000+0  00000+0 0  9990
2 49011   1.8686  79.5510 0004454 154.0344 246.5343  1.00269789 19178
STAR ONE D2             
1 49055U 21069A   26277.23385225 -.00000279  00000+0  00000+0 0  9992
2 49055   0.0105 200.9571 0002571 342.3548 203.8319  1.00272214 19048
EUTELSAT QUANTUM        
1 49056U 21069B   26276.47314005  .00000115  00000+0  00000+0 0  9994
2 49056   0.0076 108.3398 0002375  91.3196  30.5668  1.00271096 19012
ZHONGXING-2E            
1 49062U 21071A   26277.05877896 -.00000305  00000+0  00000+0 0  9993
2 49062   0.0472 324.1929 0001286 278.9152 248.8935  1.00272175 19135
TJS-7                   
1 49115U 21077A   26277.33762774 -.00000139  00000+0  00000+0 0  9992
2 49115   0.0817 257.5308 0001834  78.8344  58.7922  1.00271527 10647
CHINASAT 9B             
1 49125U 21080A   26276.96433580 -.00000325  00000+0  00000+0 0  9992
2 49125   0.0137 178.8309 0003437  28.3215 254.1015  1.00270066 18748
SHIYAN-10 01 (SY-10 01) 
1 49258U 21087A   26277.07359104  .00000657  00000+0  00000+0 0  9995
2 49258  63.1365 207.7780 6879276 269.6796  18.0890  2.00609960 36710
SHIJIAN-21 (SJ-21)      
1 49330U 21094A   26277.31204292 -.00000358  00000+0  00000+0 0  9997
2 49330   5.3676  60.4362 0054331 173.8042  19.0288  1.00274879  6451
SES-17                  
1 49332U 21095A   26277.23446370 -.00000286  00000+0  00000+0 0  9996
2 49332   0.0430  20.3879 0001094 183.7438 186.1210  1.00269216 18945
SYRACUSE 4A             
1 49333U 21095B   26274.91229990  .00000131  00000+0  00000+0 0  9994
2 49333   0.0185 224.1620 0001524 319.1637 201.2682  1.00270525 19011
QZS-1R (MICHIBIKI-1R)   
1 49336U 21096A   26276.33844385 -.00000222  00000+0  00000+0 0  9999
2 49336  37.6872  77.9862 0745233 270.2015 280.5640  1.00280412 18091
ATLAS 5 CENTAUR DEB     
1 49340U 18079ER  26276.37111075 -.00000153  00000+0  00000+0 0  9991
2 49340  13.8485  29.4820 4757961 317.5265  14.1750  1.76313248 32811
ATLAS 5 CENTAUR DEB     
1 49341U 18079ES  26275.55516929 -.00000130  00000+0  00000+0 0  9993
2 49341  13.8069  39.1741 4646361 296.1532  23.8235  1.75089708 32589
ATLAS 5 CENTAUR DEB     
1 49343U 18079EU  26275.61942301 -.00000121  00000+0  00000+0 0  9999
2 49343  13.0785  52.6283 4562390 279.3121  33.5865  1.74606494 32500
COSMOS 2552 (EKS 5)     
1 49503U 21113A   26276.11144747 -.00000132  00000+0  00000+0 0  9996
2 49503  62.8219 197.7038 6399495 272.3615  21.0420  2.00576710 35563
FREGAT R/B              
1 49504U 21113B   26276.86093158  .00000280  00000+0  00000+0 0  9991
2 49504  63.3469 197.2418 6472113 265.6493  23.4808  2.01640468 35752
ZHONGXING-1D            
1 49505U 21114A   26277.27345910 -.00000351  00000+0  00000+0 0  9995
2 49505   0.0441   8.8299 0001981 254.9945 337.7634  1.00268437 17919
STPSAT-6                
1 49817U 21118A   26277.25506826 -.00000058  00000+0  00000+0 0  9992
2 49817   0.5965  83.8490 0001591 199.5325  69.4875  1.00272222 17665
SATCOM 3 DEB            
1 49955U 79101Z   26276.25493445 -.00000175  00000+0  00000+0 0  9991
2 49955   8.3762  91.8808 4801695  91.0856 322.3163  1.81795747 80597
SATCOM 3 DEB            
1 49956U 79101AA  26262.08902673 -.00000168  00000+0  00000+0 0  9998
2 49956   8.1153  92.3276 5089781  85.8649 328.4527  1.79252065 15688
SATCOM 3 DEB            
1 49959U 79101AD  26277.23914907 -.00000178  00000+0  00000+0 0  9998
2 49959   7.4704 111.5653 4795526  60.1861 246.5330  1.80679317 85033
TITAN 3C TRANSTAGE R/B  
1 50000U 70027C   26277.66476284 -.00000016  00000+0  00000+0 0  9994
2 50000  46.5146  68.6793 6831308 203.4631 359.7198  0.44275025 91652
EXPRESS AMU-7           
1 50001U 21123A   26276.78980922 -.00000255  00000+0  00000+0 0  9994
2 50001   0.0152 243.3792 0000203   3.3898 195.0835  1.00271233 17628
EXPRESS AMU-3           
1 50002U 21123B   26276.67947381 -.00000334  00000+0  00000+0 0  9993
2 50002   0.0215 243.9663 0000495 204.9244 271.1324  1.00272374  8119
BREEZE-M R/B            
1 50003U 21123C   26275.31203758 -.00000143  00000+0  00000+0 0  9995
2 50003   6.0933  83.9415 4393406  60.5506 336.4378  1.07952677 19000
TIANLIAN 2-02           
1 50005U 21124A   26277.29402156 -.00000028  00000+0  00000+0 0  9992
2 50005   1.0770  84.2004 0004461 160.3621  45.2520  1.00270940 17716
TURKSAT 5B              
1 50212U 21126A   26277.11347170  .00000132  00000+0  00000+0 0  9994
2 50212   0.0770 338.1010 0002753 309.4637 168.1160  1.00272599 17399
INMARSAT 6-F1           
1 50319U 21128A   26275.69624508 -.00000181  00000+0  00000+0 0  9993
2 50319   0.0161 152.9495 0000094 221.3935 331.4737  1.00276362 17330
SHIYAN-12 01 (SY-12 01) 
1 50321U 21129A   26274.69247645  .00000054  00000+0  00000+0 0  9997
2 50321   3.9422  78.3926 0002507 177.4940  57.8717  1.00483291 17566
SHIYAN-12 02 (SY-12 02) 
1 50322U 21129B   26274.77755961 -.00000054  00000+0  00000+0 0  9993
2 50322   3.9407  78.3843 0004142 108.1457 266.5987  1.00439959 17570
TJS-9                   
1 50574U 21135A   26277.27484578 -.00000313  00000+0  00000+0 0  9998
2 50574   0.0621  86.4656 0005669 243.6054 279.0859  1.00271397 17522
GOES 18                 
1 51850U 22021A   26277.32227709  .00000082  00000+0  00000+0 0  9990
2 51850   0.0395   1.6401 0000617 260.9864  89.4276  1.00270861  7681
MERIDIAN 10             
1 52145U 22030A   26276.64057385  .00000152  00000+0  00000+0 0  9991
2 52145  62.6820 129.0084 6815598 272.8172  17.4438  2.00591382 33203
FREGAT R/B              
1 52146U 22030B   26274.10252963 -.00000132  00000+0  00000+0 0  9999
2 52146  62.6840 122.9292 6899210 274.7161  16.1233  2.00082650 33146
ZHONGXING-6D            
1 52255U 22038A   26276.61829168 -.00000365  00000+0  00000+0 0  9991
2 52255   0.0379 237.7793 0002564 350.0442 132.1724  1.00274285 16515
NILESAT 301             
1 52817U 22061A   26277.17500531 -.00000072  00000+0  00000+0 0  9998
2 52817   0.0560  21.6261 0001599 193.8730 213.3288  1.00271439 15829
FALCON 9 R/B            
1 52818U 22061B   26277.09009991  .00000684  00000+0  86971-3 0  9997
2 52818  18.7510 301.0984 7635647 312.4464   4.4757  1.82332552 28317
CMS-02 (GSAT-24)        
1 52903U 22067A   26273.34390684 -.00000163  00000+0  00000+0 0  9992
2 52903   0.0296  98.9294 0002977 160.9239 316.0576  1.00272252 15661
MEASAT 3D               
1 52904U 22067B   26277.06433941 -.00000255  00000+0  00000+0 0  9992
2 52904   0.0448 343.7655 0002364 265.4535 238.2384  1.00272712 15745
SES-22                  
1 52933U 22071A   26277.32123420  .00000090  00000+0  00000+0 0  9992
2 52933   0.0135 124.6872 0001015  67.7756 157.2039  1.00270309  8612
WFOV (USA 332)          
1 52940U 22073A   26277.27137909 -.00000374  00000+0  00000+0 0  9999
2 52940   3.9847  77.0621 0002998 171.8160 341.0469  1.00266757 15465
TIANLIAN 2-03           
1 53100U 22078A   26277.24979899  .00000058  00000+0  00000+0 0  9990
2 53100   0.9439  77.8050 0002001 157.6700 237.9782  1.00272785 15648
SBIRS GEO-6 (USA 336)   
1 53355U 22092A   26276.99014447 -.00000306  00000+0  00000+0 0  9995
2 53355   3.0871 319.4757 0001942 242.0762 306.6015  1.00270969 15323
EUTELSAT KONNECT VHTS   
1 53765U 22110A   26277.17699866  .00000002  00000+0  00000+0 0  9998
2 53765   0.0547 101.7742 0002154  76.9570 260.5700  1.00265308  7925
ARIANE 5 R/B            
1 53766U 22110B   26276.97112664  .00002086  00000+0  52167-3 0  9991
2 53766   4.2238 150.7532 7635862 163.3771 253.4326  1.86086518 13604
ZHONGXING-1E            
1 53813U 22112A   26276.97870441 -.00000162  00000+0  00000+0 0  9999
2 53813   0.0261  19.6308 0003941 248.2990 178.5138  1.00270180 14938
SES-20                  
1 53960U 22123A   26275.65923826 -.00000109  00000+0  00000+0 0  9995
2 53960   0.0411  74.6475 0001339  41.9166  29.0647  1.00270234 14616
SES-21                  
1 53961U 22123B   26275.93875994  .00000060  00000+0  00000+0 0  9994
2 53961   0.0374  61.6646 0000982 123.2035  33.7534  1.00270847  8297
GALAXY 33 (G-33)        
1 54026U 22128A   26277.29919841  .00000065  00000+0  00000+0 0  9998
2 54026   0.0170 245.6058 0001965 312.3643 149.7532  1.00271607 14831
GALAXY 34 (G-34)        
1 54027U 22128B   26277.10672649  .00000000  00000+0  00000+0 0  9990
2 54027   0.0174 189.2221 0001467   1.8854  91.1811  1.00269405 15005
ANGOSAT 2               
1 54033U 22131A   26276.90519409  .00000000  00000+0  00000+0 0  9992
2 54033   0.0200 181.9386 0000362 119.7951  59.7401  1.00271951 14567
EUTELSAT HOTBIRD 13F    
1 54048U 22134A   26275.75353200  .00000079  00000+0  00000+0 0  9994
2 54048   0.0572 286.5368 0001987  64.5181 304.6992  1.00271778 14455
FALCON 9 R/B            
1 54049U 22134B   26275.27795429 -.00000192  00000+0 -24654-3 0  9998
2 54049  27.7180   7.8279 8004844 304.6084   4.5844  1.35655373 19569
COSMOS 2563 (EKS 6)     
1 54223U 22145A   26276.84996455 -.00001067  00000+0  00000+0 0  9996
2 54223  63.1495 267.0867 6988972 270.0060  16.9823  2.00581929 28742
FREGAT R/B              
1 54224U 22145B   26275.23068203  .00001046  00000+0  00000+0 0  9996
2 54224  63.5323 266.8891 7002677 265.5012  18.6179  2.02018340 28890
EUTELSAT HOTBIRD 13G    
1 54225U 22146A   26277.13517197  .00000073  00000+0  00000+0 0  9999
2 54225   0.0481 237.1675 0001968 311.9219 245.4205  1.00269158  8556
FALCON 9 R/B            
1 54226U 22146B   26275.47641318 -.00000240  00000+0 -91134-5 0  9990
2 54226  27.1303  29.1122 7978532 299.5396   5.1970  1.39828293 19207
ZHONGXING-19            
1 54230U 22148A   26277.31931383 -.00000096  00000+0  00000+0 0  9990
2 54230   0.0276 250.7319 0005060 304.6692  95.7489  1.00271334 14478
GALAXY 31 (G-31)        
1 54243U 22153A   26277.30343718 -.00000001  00000+0  00000+0 0  9994
2 54243   0.0182 200.4087 0001382   1.1883 159.6526  1.00270521  8221
GALAXY 32 (G-32)        
1 54244U 22153B   26276.50227301 -.00000185  00000+0  00000+0 0  9998
2 54244   0.0096 147.6732 0000735 128.7223 185.6487  1.00270829 14234
EUTELSAT 10B            
1 54259U 22157A   26277.17838532  .00000054  00000+0  00000+0 0  9990
2 54259   0.0557  98.1018 0001224  33.8486 315.1909  1.00267643 14116
FALCON 9 R/B            
1 54260U 22157B   26276.18859220  .00002854  00000+0  20493-2 0  9990
2 54260  21.6890 310.9042 7742491  67.6126 353.1483  1.71846459 21236
GALAXY 35 (G-35)        
1 54741U 22170A   26277.31416647 -.00000176  00000+0  00000+0 0  9992
2 54741   0.0104 224.2290 0002078 337.4490 191.3465  1.00271155 13988
GALAXY 36 (G-36)        
1 54742U 22170B   26277.31538917 -.00000199  00000+0  00000+0 0  9993
2 54742   0.0216 144.0867 0001469   2.3516 251.1310  1.00270909 13870
METEOSAT-12 (MTG-I1)    
1 54743U 22170C   26277.10506499 -.00000020  00000+0  00000+0 0  9994
2 54743   0.7542  22.3084 0003059  96.2392 291.7250  1.00274474 14077
SHIYAN-10 02 (SY-10 02) 
1 54878U 22178A   26276.32376611  .00000855  00000+0  00000+0 0  9990
2 54878  64.0095 308.1666 6893900 267.5979  18.7425  2.00595061 18721
SHIJIAN-23 (SJ-23)      
1 55131U 23002A   26274.79050654  .00000055  00000+0  00000+0 0  9997
2 55131   3.9848  76.9000 0003494 222.3548  59.8761  1.00025067 13570
APSTAR-6E               
1 55239U 23005A   26276.98910447 -.00000331  00000+0  00000+0 0  9995
2 55239   0.0214 227.4329 0004459 354.3273 281.0400  1.00271492 19798
USA 342                 
1 55263U 23008A   26272.19181660  .00000143  00000+0  00000+0 0  9991
2 55263   0.0113 237.6551 0000132  26.2045 196.9971  1.00272856 13560
ELEKTRO-L 4             
1 55506U 23016A   26276.50566111 -.00000070  00000+0  00000+0 0  9997
2 55506   0.0948  66.6523 0002247 133.7904 159.5663  1.00271459 13428
AMAZONAS NEXUS          
1 55508U 23017A   26276.46438921 -.00000294  00000+0  00000+0 0  9990
2 55508   0.0560  28.4506 0001952 132.1162 317.8050  1.00269245  8139
INMARSAT 6-F2           
1 55683U 23022A   26276.88087925 -.00000322  00000+0  00000+0 0  9992
2 55683   5.8073  36.9419 3082245 216.8235 170.9599  1.00959519 11657
ZHONGXING-26            
1 55686U 23023A   26277.27250576 -.00000368  00000+0  00000+0 0  9994
2 55686   0.0631  64.5316 0001978  66.9998 104.6021  1.00274442 13326
LUCH-5X (OLYMP-K 2)     
1 55841U 23031A   26274.60667912  .00000030  00000+0  00000+0 0  9991
2 55841   0.0212 112.1406 0000999  20.1946 158.4011  1.00272641 13001
BREEZE-M R/B            
1 55842U 23031B   26277.07427335  .00000016  00000+0  00000+0 0  9993
2 55842   3.1088  78.2117 0066889  13.8606 346.6366  0.98960481 12858
ATLAS 5 CENTAUR DEB     
1 55850U 18079HC  26275.62386085 -.00000161  00000+0  00000+0 0  9995
2 55850  13.7713  17.7407 4900556 346.9164   3.9583  1.79146465 26925
GAOFEN-13 02            
1 55912U 23036A   26277.34191655 -.00000232  00000+0  00000+0 0  9990
2 55912   1.0222  14.5995 0003917 295.6554 334.1309  1.00271516 13189
SES-18                  
1 55970U 23038A   26277.31014539 -.00000115  00000+0  00000+0 0  9998
2 55970   0.0207 266.8477 0002475 329.7359 144.9909  1.00271116 13192
SES-19                  
1 55971U 23038B   26277.30918565  .00000073  00000+0  00000+0 0  9992
2 55971   0.0234 278.0829 0001617 289.1990 142.1448  1.00271704 13186
INTELSAT 40E (IS-40E)   
1 56174U 23052A   26276.50227328 -.00000185  00000+0  00000+0 0  9990
2 56174   0.0105 176.2987 0002747  24.5251 261.2279  1.00270997 12917
VIASAT-3 F1             
1 56370U 23060A   26277.26380066 -.00000200  00000+0  00000+0 0  9998
2 56370   0.0206 242.4178 0000277 297.8435 198.7362  1.00272170 12529
ARCTURUS                
1 56371U 23060B   26276.98633111 -.00000374  00000+0  00000+0 0  9991
2 56371   3.0477  78.5174 0000847 209.6370 199.3675  1.00274283 12553
GS-1                    
1 56372U 23060C   26276.86157980 -.00000188  00000+0  00000+0 0  9997
2 56372   2.9989  78.4440 0003069 264.1778  64.8973  1.00246821  8629
BEIDOU-3 G4             
1 56564U 23066A   26277.34191655 -.00000295  00000+0  00000+0 0  9996
2 56564   0.4455   3.6252 0005810 209.7951  62.7846  1.00272617 12485
ARABSAT-7B (BADR-8)     
1 56757U 23075A   26277.18159201  .00000130  00000+0  00000+0 0  9990
2 56757   0.0782  26.5238 0001594 331.9127 105.8339  1.00263253 12217
NVS-01 (IRNSS-1J)       
1 56759U 23076A   26277.27337243 -.00000353  00000+0  00000+0 0  9995
2 56759   1.9162 239.2284 0006685   6.0352 355.5889  1.00265726 12212
NUSANTARA TIGA (SATRIA) 
1 57045U 23086A   26276.27874586 -.00000245  00000+0  00000+0 0  9990
2 57045   0.0581   9.6608 0003185 276.2891 332.4027  1.00268654 10844
FALCON 9 R/B            
1 57046U 23086B   26276.54917439  .00000084  00000+0  61831-2 0  9998
2 57046  26.0270 189.6636 7867227 216.4187  47.9768  1.46545282 17239
H2SAT (HEINRICH HERTZ)  
1 57213U 23093A   26274.96833980 -.00000003  00000+0  00000+0 0  9994
2 57213   0.0475  49.0960 0000586 341.3208 329.6100  1.00267768 11981
SYRACUSE 4B             
1 57214U 23093B   26274.98812277  .00000000  00000+0  00000+0 0  9999
2 57214   0.0206 195.7674 0000162  90.9945  73.2363  1.00269834  8042
JUPITER 3 (ECHOSTAR 24) 
1 57479U 23108A   26275.23409505  .00000000  00000+0  00000+0 0  9994
2 57479   0.0197 167.3497 0001072  16.8751 175.7743  1.00271831 11724
GALAXY 37 (G-37)        
1 57493U 23112A   26276.58111271  .00000037  00000+0  00000+0 0  9994
2 57493   0.0158 145.8753 0002185  60.9382 247.6884  1.00270436 11623
ATLAS 5 CENTAUR DEB     
1 57595U 18079HW  26276.43624589 -.00000106  00000+0  00000+0 0  9996
2 57595  12.8611  64.7149 4643115 255.2789  50.4910  1.69238679 30109
LUDI TANCE-4 01A        
1 57624U 23120A   26276.81280981 -.00000206  00000+0  00000+0 0  9999
2 57624  15.0348 191.2959 0004777  53.0266 150.4772  1.00271703 11638
TJS-10                  
1 58204U 23169A   26274.77875545 -.00000253  00000+0  00000+0 0  9998
2 58204   2.8119  79.0979 0004510 139.5425 164.6715  1.00273547 10608
ZHONGXING-6E            
1 58253U 23172A   26277.14905690 -.00000375  00000+0  00000+0 0  9990
2 58253   0.0104 187.1034 0002541  13.2510 341.6338  1.00266854 10751
YAOGAN-41               
1 58582U 23197A   26277.09350054 -.00000377  00000+0  00000+0 0  9996
2 58582   2.9420 315.0764 0012603 215.1173 359.4102  1.00274855 10417
OVZON-3                 
1 58698U 24003A   26275.19255565  .00000045  00000+0  00000+0 0  9992
2 58698   0.0112 187.2653 0000225  80.9610 231.7539  1.00272476  8521
FALCON 9 R/B            
1 58699U 24003B   26276.25298091 -.00000351  00000+0 -50796-3 0  9995
2 58699  27.1704  27.2904 7696534 266.3169  12.7207  1.74600827 17098
INSAT-3DS               
1 58990U 24033A   26277.05011808 -.00000169  00000+0  00000+0 0  9995
2 58990   0.0236 113.0382 0001522  97.8229 262.0048  1.00269799 48163
MERAH PUTIH 2           
1 58995U 24035A   26275.65440534 -.00000365  00000+0  00000+0 0  9996
2 58995   0.0171 166.7532 0001343  51.6803 141.5012  1.00272625  9661
FALCON 9 R/B            
1 58996U 24035B   26276.17803469  .00000069  00000+0  28910-3 0  9999
2 58996  21.0150  69.9087 7990633 205.3700  69.8353  1.40606553 13335
TJS-11                  
1 59020U 24037A   26275.87449475 -.00000372  00000+0  00000+0 0  9993
2 59020   4.0678 328.5068 0003607 290.3730 180.0641  1.00268461  9664
HULIANWAN GAOGUI-01 (H*)
1 59069U 24040A   26275.08656030  .00000151  00000+0  00000+0 0  9994
2 59069   0.0973 340.8648 0001873  20.2758  74.4504  1.00267992  8408
EUTELSAT 36D            
1 59346U 24059A   26275.06850512  .00000151  00000+0  00000+0 0  9991
2 59346   0.0155 204.9173 0000461  80.7891 145.6385  1.00270886  9216
PAKSAT-MM1              
1 59915U 24104A   26276.04361811  .00000144  00000+0  00000+0 0  9994
2 59915   0.0192 200.6243 0001913 358.0479 226.9598  1.00270301  8609
TITAN 3C TRANSTAGE DEB  
1 59978U 68081AL  26277.12759541  .00000032  00000+0  00000+0 0  9992
2 59978   2.4439  58.2516 0082504 234.5530 124.9755  1.02047050 30926
HIMAWARI 1 AKM          
1 59985U 77065GQ  26276.80564420 -.00000183  00000+0  00000+0 0  9994
2 59985   3.9303 271.7755 0275175 126.9193 235.3685  1.01119015 47549
EKRAN 2 DEB             
1 59986U 77092M   26276.91232807 -.00000360  00000+0  00000+0 0  9995
2 59986   3.5031 269.1211 0037256 121.4956  55.9569  1.00940010 47627
EKRAN 2 DEB             
1 59987U 77092N   26276.96951770  .00000137  00000+0  00000+0 0  9999
2 59987   3.8524 272.4125 0013540 235.0847 249.0590  1.00193081 64201
OPS 9442 (DSCS 2-12) DEB
1 59989U 78113E   26258.93359624 -.00000321  00000+0  00000+0 0  9999
2 59989   7.9770 301.7692 0168640  89.4703 272.3918  0.98457747 46111
OPS 9442 (DSCS 2-12) DEB
1 59990U 78113F   26276.85444943 -.00000012  00000+0  00000+0 0  9998
2 59990   8.1649 301.5997 0148616 128.7383 313.5579  0.98215953 46166
OPS 9442 (DSCS 2-12) DEB
1 59991U 78113G   26267.84853110  .00000000  00000+0  00000+0 0  9994
2 59991   7.9088 302.6725 0154094 146.6541 294.9355  0.98450109 45172
OPS 9442 (DSCS 2-12) DEB
1 59992U 78113H   26277.29696894 -.00000032  00000+0  00000+0 0  9995
2 59992   8.1161 302.1495 0210427 109.1015 292.9144  0.98331404 59962
ASTRA 1P (SES-24)       
1 60086U 24115A   26275.23655661  .00000114  00000+0  00000+0 0  9993
2 60086   0.0620   0.1361 0003295 238.7588 236.4491  1.00270587  8277
FALCON 9 R/B            
1 60087U 24115B   26277.05594572 -.00000224  00000+0  12451-2 0  9998
2 60087  26.4908 249.9531 7920805 102.5341 346.7245  1.44184242 12028
GOES 19                 
1 60133U 24119A   26277.23281223 -.00000262  00000+0  00000+0 0  9996
2 60133   0.0401  26.0211 0000969 246.3790 109.1645  1.00270062  8054
ZHONGXING-3A            
1 60179U 24122A   26275.87388265 -.00000322  00000+0  00000+0 0  9999
2 60179   0.0408  19.8680 0002933 204.1490 203.7501  1.00270891  8381
TURKSAT 6A              
1 60233U 24127A   26275.06850512  .00000141  00000+0  00000+0 0  9993
2 60233   0.0333 219.1805 0004950 350.5693 227.7344  1.00274267  8084
FALCON 9 R/B            
1 60234U 24127B   26276.25587084 -.00000440  00000+0  13738-2 0  9995
2 60234  27.7215 353.7817 8345844  18.0730 359.0779  1.03953847  8211
YZ-1S R/B               
1 60326U 24048E   26279.43432473 -.00001661  00000+0  69345-4 0  9996
2 60326  15.3251 290.8748 8916080 263.6623 359.5400  0.47348823  4250
HULIANWAN GAOGUI-02 (H*)
1 60327U 24135A   26277.16225457 -.00000187  00000+0  00000+0 0  9994
2 60327   0.0700 351.1411 0004491 349.8510 243.3945  1.00271606  8585
ASBM-1                  
1 60422U 24143A   26274.19562963 -.00000016  00000+0  00000+0 0  9996
2 60422  62.9403  41.3058 5648730 269.4576  29.3301  1.50429315 13218
ASBM-2                  
1 60423U 24143B   26258.57434434 -.00000072  00000+0  00000+0 0  9994
2 60423  62.8936  41.9938 5640686 269.4595  29.3828  1.50425879 12961
ZHONGXING-4A            
1 60606U 24151A   26277.13794720 -.00000377  00000+0  00000+0 0  9994
2 60606   1.0400 269.9014 0001490  19.8673 250.9820  1.00270679  7841
HULIANWAN GAOGUI-03 (H*)
1 61503U 24181A   26277.31576286 -.00000255  00000+0  00000+0 0  9994
2 61503   0.0784 353.5300 0000486  71.4914 344.5620  1.00270321  7916
DSN-3 (KIRAMEKI-3)      
1 61733U 24198A   26277.27623244 -.00000264  00000+0  00000+0 0  9999
2 61733   0.0024 153.3119 0001116  45.6905  57.4877  1.00269942  7018
KOREASAT 6A             
1 61910U 24206A   26277.27059909  .00000000  00000+0  00000+0 0  9994
2 61910   0.0204 173.3545 0000900  33.0229  20.0263  1.00268966  6930
INTELSAT 33E DEB        
1 61988U 16053E   26276.12070691  .00000124  00000+0  00000+0 0  9991
2 61988   2.0026  90.1167 0049875 117.2275 243.8164  0.99839051  7117
INTELSAT 33E DEB        
1 61989U 16053F   26276.16220808 -.00000021  00000+0  00000+0 0  9990
2 61989   2.8123 106.8030 0880789 101.6365 268.8525  0.98047040  6904
INTELSAT 33E DEB        
1 61990U 16053G   26276.07088777 -.00000010  00000+0  00000+0 0  9997
2 61990   1.7306  75.0812 0087697 337.9423  22.1930  1.01397384  7241
INTELSAT 33E DEB        
1 61991U 16053H   26276.39927364 -.00000281  00000+0  00000+0 0  9997
2 61991   1.9345  88.8154 0116548 260.0678  99.1475  1.02043752  7295
INTELSAT 33E DEB        
1 61992U 16053J   26276.27243561 -.00000129  00000+0  00000+0 0  9996
2 61992   1.8339  82.2368 0032033 302.7231  57.5038  1.00793393  7203
INTELSAT 33E DEB        
1 61993U 16053K   26276.36854806 -.00000268  00000+0  00000+0 0  9991
2 61993   1.7366  75.2461 0082542 318.9823  40.9186  1.01202640  7239
INTELSAT 33E DEB        
1 61994U 16053L   26266.40726513 -.00000284  00000+0  00000+0 0  9997
2 61994   1.8339  83.6670 0024812 215.0437 145.5918  1.00509715  7080
INTELSAT 33E DEB        
1 61995U 16053M   26276.55368262 -.00000050  00000+0  00000+0 0  9999
2 61995   1.8150  81.2802 0052550 287.9278  72.0403  1.01040417  7223
INTELSAT 33E DEB        
1 61996U 16053N   26276.61526271  .00000122  00000+0  00000+0 0  9992
2 61996   1.6913  68.7256 0040993 342.1857  18.1752  1.00599505  7197
INTELSAT 33E DEB        
1 61997U 16053P   26276.45604014 -.00000247  00000+0  00000+0 0  9996
2 61997   1.8404  83.5267 0091516 274.1045  85.3882  1.01614969  7263
INTELSAT 33E DEB        
1 61998U 16053Q   26277.01715606 -.00000026  00000+0  00000+0 0  9995
2 61998   1.8331  81.6167 0012205  31.0811 329.5486  1.00443051  7196
INTELSAT 33E DEB        
1 61999U 16053R   26275.24934103 -.00000282  00000+0  00000+0 0  9998
2 61999   1.7794  76.3091 0114939  39.6679 321.6832  0.99261249  7089
INTELSAT 33E DEB        
1 62000U 16053S   26274.96859315 -.00000196  00000+0  00000+0 0  9995
2 62000   1.9786  89.0608 0027311   0.1072   0.4343  1.00096173  7150
INTELSAT 33E DEB        
1 62001U 16053T   26277.06272201  .00000142  00000+0  00000+0 0  9993
2 62001   1.6918  67.6546 0050145 356.7225   3.7600  1.00277900  7172
INTELSAT 33E DEB        
1 62003U 16053V   26276.89439963 -.00000373  00000+0  00000+0 0  9992
2 62003   1.8995  85.5842 0012351 202.1289 158.3715  1.00436422  7170
INTELSAT 33E DEB        
1 62004U 16053W   26276.24792326  .00000021  00000+0  00000+0 0  9996
2 62004   2.7580 109.9847 0206061 283.8760  74.2465  1.02631235  7326
INTELSAT 33E DEB        
1 62005U 16053X   26275.37715482 -.00000133  00000+0  00000+0 0  9993
2 62005   1.9885  92.9151 0275236 251.5243 105.9891  1.04573292  7430
OPTUS-X (ADS-01)        
1 62006U 24212A   26277.27865912 -.00000157  00000+0  00000+0 0  9991
2 62006   0.0186 256.9864 0002775 301.1091  71.6193  1.00270748  6852
FALCON 9 R/B            
1 62007U 24212B   26276.61891050  .00000234  00000+0  17309-2 0  9999
2 62007  18.7340  41.2285 7824589 145.0096 309.0942  1.59010555 10841
GSAT-N2 (GSAT-20)       
1 62028U 24214A   26277.18991205 -.00000033  00000+0  00000+0 0  9995
2 62028   0.0553  86.1036 0001298 231.8775 191.2529  1.00269734  6995
TJS-13                  
1 62188U 24227A   26262.60881056  .00000518  00000+0  00000+0 0  9996
2 62188  63.8372  27.5816 6979521 269.4012  17.4561  2.00626286 13143
PROBA-3 CSC             
1 62256U 24233A   26270.68922078  .00000056  00000+0  00000+0 0  9993
2 62256  59.8108  88.9509 7995072 208.4075  61.7922  1.22076111  8071
PSLV R/B                
1 62257U 24233B   26276.28663307  .00000021  00000+0  00000+0 0  9995
2 62257  59.9423  89.6576 8010441 207.9657  62.4827  1.20451987  8038
PROBA-3 OSC             
1 62258U 24233C   26276.42246615  .00000025  00000+0  00000+0 0  9995
2 62258  59.8270  88.4804 7995011 208.5643  61.3746  1.22077733  8139
SXM-9                   
1 62259U 24234A   26275.09262854 -.00000210  00000+0  00000+0 0  9999
2 62259   0.0169 267.8886 0004349  38.8726  12.2643  1.00270064  6645
GAOFEN-13 01 DEB        
1 62337U 20071C   26275.90909806 -.00000378  00000+0  00000+0 0  9991
2 62337   3.1845  79.1215 0553802  64.1971 301.7071  1.00204443  7307
TJS-12                  
1 62374U 24246A   26277.34191655 -.00000246  00000+0  00000+0 0  9999
2 62374   0.4621 315.9100 0000740 187.8630 138.8992  1.00271044  6656
ASTRANIS UTILITYSAT     
1 62454U 24252A   26276.75383092 -.00000263  00000+0  00000+0 0  9996
2 62454   9.1412 323.8008 7555766 264.9263  13.7017  1.00306158  6512
NUVIEW ALPHA            
1 62455U 24252B   26277.18794461 -.00000229  00000+0  00000+0 0  9993
2 62455   0.0485  29.5115 0000204 248.3910  79.5857  1.00270388  4911
AGILA                   
1 62456U 24252C   26272.28030791 -.00000080  00000+0  00000+0 0  9994
2 62456   0.0398 117.8550 0001367 162.1062 345.9734  1.00525745  6209
NUVIEW BRAVO            
1 62457U 24252D   26276.50060286 -.00000226  00000+0  00000+0 0  9998
2 62457   0.0651 155.2757 0001644  33.9444 280.1317  1.00271126  4873
THURAYA-4               
1 62483U 25001A   26276.11607178  .00000130  00000+0  00000+0 0  9997
2 62483   0.0275  92.6191 0000306 170.2727 195.0135  1.00272740  5262
FALCON 9 R/B            
1 62484U 25001B   26276.84328846  .00000081  00000+0  14688-2 0  9995
2 62484  24.2908 188.2075 7967465  40.5160 356.8636  1.41773288  9043
SHIJIAN-25 (SJ-25)      
1 62485U 25002A   26274.78856884 -.00000351  00000+0  00000+0 0  9997
2 62485   5.3622  60.4265 0046500 179.8963 181.4155  1.00277174  6433
BREEZE-M DEB            
1 62722U 08003D   26276.18822098 -.00000259  00000+0  00000+0 0  9996
2 62722  11.4931  25.6534 0901602 185.3533 173.6469  1.01930716 13874
TJS-14                  
1 62804U 25017A   26277.10879168  .00000101  00000+0  00000+0 0  9999
2 62804   0.5579 307.4818 0003947 327.4987 155.3855  1.00269565  6363
NVS-02 (IRNSS-1K)       
1 62850U 25020A   26276.74602009  .00000762  00000+0  11765-3 0  9998
2 62850  20.2856 219.2497 7368146 221.1598  50.0229  2.18097297 13369
SPAINSAT NG I           
1 62852U 25021A   26275.17892230  .00000000  00000+0  00000+0 0  9995
2 62852   0.0132 185.1554 0000397  86.6080 192.5321  1.00269798  5063
FALCON 9 R/B            
1 62853U 25021B   26276.78820847 -.00000080  00000+0  11399-2 0  9994
2 62853  24.2100 243.5089 8282584 346.9067   0.3566  1.11113818  6795
QZS-6 (MICHIBIKI-6)     
1 62876U 25023A   26277.06433941 -.00000246  00000+0  00000+0 0  9996
2 62876   0.0019 109.9197 0002186 102.8172 273.7233  1.00269198  6048
ZHONGXING-10R           
1 63075U 25036A   26277.15461441 -.00000366  00000+0  00000+0 0  9991
2 63075   0.0370 236.1732 0004955 308.6695 354.1862  1.00274410  6056
TJS-15                  
1 63157U 25045A   26276.81382571 -.00000230  00000+0  00000+0 0  9990
2 63157   0.4826  84.3437 0001590 200.6968 109.1565  1.00273461  5847
TIANLIAN 2-04           
1 63361U 25062A   26277.00241759 -.00000154  00000+0  00000+0 0  9995
2 63361   4.1024 272.9496 0034018   8.2501 172.4270  1.00272179  5695
TJS-16                  
1 63397U 25064A   26274.69426394 -.00000107  00000+0  00000+0 0  9996
2 63397   1.3657  80.4832 0002278 225.8394 114.7497  1.00271193  5450
TJS-17                  
1 63524U 25073A   26274.78026909 -.00000238  00000+0  00000+0 0  9991
2 63524   1.3322  81.5227 0021951  97.1854 272.9778  0.99556086  5364
TIANLIAN 2-05           
1 63662U 25084A   26277.10922501  .00000105  00000+0  00000+0 0  9990
2 63662   4.1827 278.6773 0000635 272.6760 241.1249  1.00270099  5478
TJS-19                  
1 63924U 25097A   26276.82082830 -.00000290  00000+0  00000+0 0  9991
2 63924   3.1161 319.4068 0006796 275.0971 214.7730  1.00272251  5232
CHINASAT 3B             
1 64062U 25106A   26277.27197541 -.00000059  00000+0  00000+0 0  9995
2 64062   0.0451  21.8611 0002906 191.9403  64.3701  1.00271191  5157
SXM-10                  
1 64290U 25122A   26275.23100410 -.00000023  00000+0  00000+0 0  9990
2 64290   0.0157  82.0224 0001692 249.2927   6.6562  1.00271424  4759
INTELSAT 33E DEB        
1 64394U 16053Y   26277.14311380 -.00000102  00000+0  00000+0 0  9998
2 64394   1.5287  48.4300 0618885 336.9062  20.7497  1.08361131  7623
INTELSAT 33E DEB        
1 64395U 16053Z   26276.26983442 -.00000097  00000+0  00000+0 0  9998
2 64395   2.6236 106.8108 0064284 123.5785 237.4870  0.99834683  7005
INTELSAT 33E DEB        
1 64396U 16053AA  26276.87710235 -.00000253  00000+0  00000+0 0  9998
2 64396   1.8578  81.1181 0119709  67.3510 294.4628  0.98613504  7051
INTELSAT 33E DEB        
1 64397U 16053AB  26276.73635691 -.00000236  00000+0  00000+0 0  9997
2 64397   1.8174  79.4759 0052137  97.2880 263.8557  0.99476905  6983
INTELSAT 33E DEB        
1 64398U 16053AC  26276.95081178 -.00000128  00000+0  00000+0 0  9997
2 64398   1.6444  56.5828 0090810 332.9561  27.0037  1.00981766  7118
INTELSAT 33E DEB        
1 64399U 16053AD  26261.31017005 -.00000318  00000+0  00000+0 0  9991
2 64399   1.8986  64.0300 0500484  49.7732 315.0204  0.98815936  6742
INTELSAT 33E DEB        
1 64400U 16053AE  26276.06591054 -.00000169  00000+0  00000+0 0  9997
2 64400   1.7556  79.3080 0361551 327.1309  31.1574  1.03351238  7276
INTELSAT 33E DEB        
1 64402U 16053AG  26275.69187346 -.00000228  00000+0  00000+0 0  9998
2 64402   1.7853  75.3305 0131999 106.1541 255.8310  0.98356931  6920
INTELSAT 33E DEB        
1 64403U 16053AH  26275.79137343 -.00000273  00000+0  00000+0 0  9992
2 64403   1.6776  67.3758 0054540 350.7824   9.5933  1.00715962  7040
INTELSAT 33E DEB        
1 64404U 16053AJ  26276.82832185 -.00000393  00000+0  00000+0 0  9997
2 64404   1.6768  63.1200 0108312  33.2248 327.9237  0.99871076  6991
INTELSAT 33E DEB        
1 64405U 16053AK  26276.53779840  .00000050  00000+0  00000+0 0  9993
2 64405   2.0027  89.8065 0077793  34.3849 326.6472  0.99500443  6989
INTELSAT 33E DEB        
1 64406U 16053AL  26251.61593988  .00000017  00000+0  00000+0 0  9996
2 64406   1.6743  70.8331 0132199  50.6126 311.3761  0.98886758  6669
INTELSAT 33E DEB        
1 64407U 16053AM  26273.70309974 -.00000194  00000+0  00000+0 0  9998
2 64407   1.7573  67.3834 0326766 113.4843 250.5467  0.96099251  6670
INTELSAT 33E DEB        
1 64408U 16053AN  26275.13849626 -.00000073  00000+0  00000+0 0  9997
2 64408   3.2025  84.8772 0502216   0.2160   0.0762  1.03193090  7184
INTELSAT 33E DEB        
1 64409U 16053AP  26276.75596574 -.00000287  00000+0  00000+0 0  9995
2 64409   1.8006  78.1618 0054253  84.0661 277.0999  0.99473746  6946
INTELSAT 33E DEB        
1 64410U 16053AQ  26276.95176779 -.00000053  00000+0  00000+0 0  9991
2 64410   1.7216  71.3098 0062739  10.6371 350.0212  0.99984690  6976
COSMOS 2589             
1 64467U 25131A   26274.71126249 -.00000347  00000+0  00000+0 0  9995
2 64467   0.2059  87.6937 0006889  42.4763 264.4167  1.00273495  4625
CHINASAT 9C             
1 64470U 25132A   26277.06433941 -.00000261  00000+0  00000+0 0  9996
2 64470   0.0242 235.1937 0003144 320.8561 292.1094  1.00270736  5242
COSMOS 2590             
1 64527U 25131D   26275.83442529 -.00000141  00000+0  00000+0 0  9990
2 64527   0.8820  82.9806 3638201  20.0544 288.8751  1.00210765  4684
MTG-S1                  
1 64723U 25143A   26277.10515166 -.00000019  00000+0  00000+0 0  9995
2 64723   0.6131 344.8552 0004247 257.6961 167.9520  1.00274571  4516
DROR 1                  
1 64784U 25148A   26277.17561198 -.00000048  00000+0  00000+0 0  9992
2 64784   0.0471  78.0827 0001429 173.2870 180.7273  1.00271121  4387
NTS-3                   
1 65160U 25173A   26277.24338562 -.00000115  00000+0  00000+0 0  9999
2 65160   3.5088  70.5864 0001613 157.7164 210.5297  1.00653947  1132
SHIYAN-29               
1 65486U 25196A   26276.88017270 -.00000279  00000+0  00000+0 0  9995
2 65486  28.9356  17.1695 0015719 180.4256 227.1407  1.00281065  3977
NUSANTARA LIMA (NUSANT*)
1 65588U 25205A   26275.49601843 -.00000364  00000+0  00000+0 0  9995
2 65588   0.0047  55.2191 0000654 208.2223  39.2138  1.00270265  3790
TJS-20                  
1 66142U 25238A   26277.24280987  .00000006  00000+0  00000+0 0  9997
2 66142   5.2348 299.1986 0003352 266.5737 317.0010  1.00274036  3420
SPAINSAT NG II          
1 66144U 25239A   26276.41042589  .00000097  00000+0  00000+0 0  9992
2 66144  12.6859 211.3182 7651228 234.9517  29.1108  0.96596097  3380
CMS-03 (GSAT-7R)        
1 66311U 25249B   26276.97723106  .00000000  00000+0  00000+0 0  9995
2 66311   0.0192 171.9322 0000732  55.6049 210.9387  1.00270526  3430
VIASAT-3 F2             
1 66454U 25261A   26275.02254794 -.00000238  00000+0  00000+0 0  9998
2 66454   0.0153 245.3060 0001399  17.3124  37.2813  1.00271622  3868
SHIJIAN-28 (SJ-28)      
1 66549U 25277A   26276.96691956 -.00000379  00000+0  00000+0 0  9995
2 66549   4.2649 270.4642 0001466  67.7780 139.3917  1.00270750  3248
TJS-22                  
1 66990U 25290A   26277.22614139 -.00000022  00000+0  00000+0 0  9993
2 66990   1.2721 288.7840 0004918 329.7257 262.3191  1.00270477  3116
TJS-23                  
1 67226U 25306A   26276.30358105  .00000002  00000+0  00000+0 0  9997
2 67226   5.3496 296.9892 0004342 271.9946  87.7968  1.00271139  2975
CZ-5 R/B                
1 67227U 25306B   26276.93449512  .00000753  00000+0  11513-2 0  9997
2 67227  15.7509 202.9988 7537273 357.5661   0.1551  1.93857041  5586
FENGYUN 4C              
1 67246U 25312A   26276.91770142 -.00000336  00000+0  00000+0 0  9993
2 67246   0.0141  76.4080 0001157 211.5314 188.0908  1.00268989  2963
SHIJIAN-29A (SJ-29A)    
1 67302U 25315A   26277.11971172 -.00000080  00000+0  00000+0 0  9994
2 67302   3.6683  92.4670 0006081  80.4641 316.3410  1.00269133  2715
SHIJIAN-29B (SJ-29B)    
1 67403U 25315C   26276.97481412 -.00000081  00000+0  00000+0 0  9993
2 67403   3.6671  92.4665 0007161 101.1426 243.4188  1.00269780  2776
LUCH (OLYMP-K 1) DEB    
1 67745U 14058D   26276.79358812 -.00000287  00000+0  00000+0 0  9999
2 67745   2.8360  88.0498 1566556  71.9724 304.8706  0.98084701  2413
ELEKTRO-L 5             
1 67756U 26028A   26276.75412103 -.00000110  00000+0  00000+0 0  9996
2 67756   0.0533  47.6521 0001590 128.2088 184.1575  1.00271471  2335
JAM-E JAM 1             
1 67757U 26028B   26277.11191169  .00000142  00000+0  00000+0 0  9998
2 67757   0.1630  17.7329 0000655 278.6398 150.6748  1.00275869  2216
ECHOSTAR 25             
1 68126U 26045A   26275.59106740 -.00000064  00000+0  00000+0 0  9993
2 68126   0.0182 154.8065 0001587  47.4428 271.8641  1.00269848  2071
MERIDIAN-M 21L          
1 68571U 26071A   26276.87953629  .00000115  00000+0  00000+0 0  9990
2 68571  62.8371 214.5286 7107073 285.5099  11.5251  2.00607089  3692
VIASAT-3 F3             
1 68893U 26096A   26276.50139785 -.00000135  00000+0  00000+0 0  9996
2 68893   0.0183 225.7878 0000261  56.1582  69.3380  1.00270905  1692
SMILE                   
1 69123U 26109A   26274.95747924  .00000682  00000+0  00000+0 0  9991
2 69123  69.9875 206.2448 8137182 285.3603   5.9010  0.47521504   452
TJS-24                  
1 69235U 26116A   26277.30755796 -.00000246  00000+0  00000+0 0  9998
2 69235   0.2840  87.4432 0002056 184.1275 302.4972  1.00271362  1325
TJS-25                  
1 69474U 26129A   26277.04766889 -.00000384  00000+0  00000+0 0  9996
2 69474   5.8627 330.6990 0005218 287.6025 251.8365  1.00275129  1150
SHIJIAN-31 (SJ-31)      
1 69570U 26136A   26277.22084497 -.00000511  00000+0  00000+0 0  9991
2 69570  63.4820 344.8492 6935891 172.0779 211.1860  1.92227555  2188
TJS-26A                 
1 69674U 26144A   26276.96393316 -.00000365  00000+0  00000+0 0  9995
2 69674   6.8356 323.2178 0006795 342.0944 161.8790  1.00275426  1034
SXM-11                  
1 69728U 26148A   26275.08664852 -.00000027  00000+0  00000+0 0  9992
2 69728   0.0162 147.2378 0000539 132.6747   6.8070  1.00270440  1114
UNKNOWN                 
1 83903U          26275.95643105 -.00000323  00000+0  00000+0 0  9995
2 83903   5.4684 288.1799 0124604 259.7258 125.0826  0.99115879 46587
UNKNOWN                 
1 83934U          26275.95475047 -.00000278  00000+0  00000+0 0  9996
2 83934   5.1308 295.7867 0237146 278.6979 204.6522  1.02664668 48306
UNKNOWN                 
1 84407U          26264.80739277 -.00000294  00000+0 -13873-1 0  9995
2 84407  18.6790 237.8516 7240342 216.8423  59.6797  2.05837669 81701
UNKNOWN                 
1 84575U          26265.34012952  .00000246  00000+0  96340-2 0  9991
2 84575  18.6855  62.5030 7131720 197.2475 112.9008  2.19915006 71705
