SYNCOM 2 (A 26)         
1 00634U 63031A   26276.70299814 -.00000011  00000+0  00000+0 0  9990
2 00634  29.7525 298.8982 0007062 215.6061 176.5573  1.00279772231451
SYNCOM 3                
1 00858U 64047A   26276.74972728 -.00000364  00000+0  00000+0 0  9993
2 00858   7.2256  63.3141 0004764 164.9708 177.2317  1.00354323 54557
INTELSAT 1-F1           
1 01317U 65028A   26277.27670998  .00000118  00000+0  00000+0 0  9993
2 01317   7.4171  62.5549 0008739 149.7877 109.6265  1.00226811128264
ATS 1                   
1 02608U 66110A   26277.29807023 -.00000130  00000+0  00000+0 0  9998
2 02608   5.2401  68.7508 0007200 186.4240  24.0304  1.00287079135891
INTELSAT 2-F2           
1 02639U 67001A   26277.31226361 -.00000125  00000+0  00000+0 0  9999
2 02639   3.5263  75.9371 0007314 192.2676 118.6712  1.00150102120336
INTELSAT 2-F3           
1 02717U 67026A   26276.85271273 -.00000082  00000+0  00000+0 0  9995
2 02717   4.3448  67.1185 0018104 222.2081 100.6060  1.00394197124982
INTELSAT 2-F4           
1 02969U 67094A   26274.31604243 -.00000278  00000+0  00000+0 0  9992
2 02969   4.3398  72.9980 0012867 147.1501 216.2023  1.00325976116381
ATS 3                   
1 03029U 67111A   26277.30959035 -.00000101  00000+0  00000+0 0  9999
2 03029   3.4518  77.0222 0015080  41.0681 261.2505  1.00271950215724
LES-6                   
1 03431U 68081D   26277.22326189 -.00000085  00000+0  00000+0 0  9993
2 03431   1.7448  45.2266 0007977 287.0886  11.1955  1.00351698121875
OPS 0757 (TACSAT)       
1 03691U 69013A   26277.18731204  .00000042  00000+0  00000+0 0  9992
2 03691   3.1199  73.4981 0022818 176.3296 245.5873  1.00446526115202
SKYNET 1A               
1 04250U 69101A   26277.30947684 -.00000104  00000+0  00000+0 0  9997
2 04250   0.7149  80.6284 0026429 161.4268 137.5854  1.00267748135606
NATO 2A                 
1 04353U 70021A   26277.31070660 -.00000128  00000+0  00000+0 0  9992
2 04353   0.3104 347.4758 0003897 241.9893 154.1052  1.00277839126864
INTELSAT 3-F7           
1 04376U 70032A   26276.80999793 -.00000277  00000+0  00000+0 0  9994
2 04376   2.7019  85.6157 0003405 197.9162 162.4584  1.00273849 48455
ATLAS AGENA D R/B       
1 04511U 70046B   26276.51210119 -.00000069  00000+0  00000+0 0  9995
2 04511   1.9721  82.6374 0030662 311.2033  49.0379  1.00443820 26645
NATO 2B                 
1 04902U 71009A   26277.30936578 -.00000104  00000+0  00000+0 0  9991
2 04902   0.8996 237.5376 0003200 287.2564 214.7889  1.00271393119737
OPS 9431 (DSCS 2-1)     
1 05587U 71095A   26277.31014488 -.00000115  00000+0  00000+0 0  9996
2 05587   1.3233 249.1148 0006791   0.1824 132.3825  1.00259993123116
OPS 9432 (DSCS 2-2)     
1 05588U 71095B   26276.98130442 -.00000259  00000+0  00000+0 0  9997
2 05588   1.2832 250.8861 0003105  44.0973 165.7984  1.00153692 48458
INTELSAT 4-F4           
1 05775U 72003A   26277.24459896 -.00000212  00000+0  00000+0 0  9991
2 05775   6.4958 293.5373 0000819 199.7758 311.7256  0.99838239138484
OPS 1570 (DSP 3)        
1 05851U 72010A   26277.24338562 -.00000237  00000+0  00000+0 0  9997
2 05851   0.6870  91.5409 0010465 179.0809 168.1865  0.99782505 27010
INTELSAT 4-F5           
1 06052U 72041A   26276.41565121 -.00000375  00000+0  00000+0 0  9999
2 06052   5.4708 285.8026 0005139 303.4898  56.2872  1.00114889 47747
OPS 6063                
1 06380U 73013A   26277.04890473 -.00000109  00000+0  00000+0 0  9999
2 06380   0.1877 184.7716 0022172 356.4994 285.1281  1.00268068 27513
ANIK A2 (TELESAT 2)     
1 06437U 73023A   26277.28498581  .00000003  00000+0  00000+0 0  9995
2 06437   6.6844 295.0664 0008772  75.6876 293.3176  0.99803806 48247
OPS 6157 (DSP 4)        
1 06691U 73040A   26277.21383215  .00000021  00000+0  00000+0 0  9996
2 06691   0.7488 203.6204 0007883  71.7443   3.2598  0.99826117 27032
WESTAR 1                
1 07250U 74022A   26277.28697916  .00000071  00000+0  00000+0 0  9997
2 07250   6.8655 297.2048 0004021  21.0178 356.3650  0.99902675123421
MOLNIYA 1-S             
1 07392U 74060A   26277.05877896 -.00000320  00000+0  00000+0 0  9996
2 07392   1.1182 244.2794 0009044 296.0791 315.0244  1.00230081135260
WESTAR 2                
1 07466U 74075A   26277.18237201  .00000089  00000+0  00000+0 0  9999
2 07466   7.0217 298.9715 0004684 245.8379 283.7542  0.99854214138749
INTELSAT 4-F8           
1 07544U 74093A   26276.93236318  .00000114  00000+0  00000+0 0  9995
2 07544   7.7444 303.8443 0003692 236.6367 214.3185  0.99782948126296
SKYNET 2B               
1 07547U 74094A   26277.27345910 -.00000351  00000+0  00000+0 0  9990
2 07547   3.3026 279.8619 0003085 252.8240  68.6877  1.00322994125853
SYMPHONIE 1             
1 07578U 74101A   26277.25163873 -.00000210  00000+0  00000+0 0  9991
2 07578   4.3026 275.6700 0003635 332.4075  13.5046  0.99966407118281
ANIK A3 (TELESAT 3)     
1 07790U 75038A   26277.29875704 -.00000140  00000+0  00000+0 0  9996
2 07790   7.4681 302.0330 0001497 294.7359 148.2497  1.00035921131058
SYMPHONIE 2             
1 08132U 75077A   26277.10289831 -.00000160  00000+0  00000+0 0  9992
2 08132   3.7645 273.1104 0004359   8.9265 116.1561  0.99982723143547
INTELSAT 4A-F1          
1 08330U 75091A   26277.28645914  .00000063  00000+0  00000+0 0  9996
2 08330   7.6439 303.5908 0006271 270.0992  98.2664  0.99933979122567
COSMOS 775              
1 08357U 75097A   26276.97003770  .00000139  00000+0  00000+0 0  9998
2 08357   2.0879 257.9357 0009869 200.3109 301.2269  1.00298376132854
GOES 1 (SMS-C)          
1 08366U 75100A   26277.30108845  .00000013  00000+0  00000+0 0  9991
2 08366   4.3356 276.1167 0005580 335.6691 104.6369  1.00296798186160
OPS 3165 (DSP 5)        
1 08482U 75118A   26277.27197541 -.00000058  00000+0  00000+0 0  9996
2 08482   2.0235 254.6123 0033829  29.5331 349.9830  1.00455104 27552
RADUGA 1                
1 08513U 75123A   26277.11789172 -.00000002  00000+0  00000+0 0  9996
2 08513   2.5268 264.2879 0005656 306.6321 268.6793  1.00267290195905
TITAN 3C TRANSTAGE R/B  
1 08516U 75118C   26276.95341673 -.00000165  00000+0  00000+0 0  9994
2 08516   2.0014 254.9780 0011471 227.9387 131.4634  1.00554003 26879
CTS                     
1 08585U 76004A   26277.29584944  .00000094  00000+0  00000+0 0  9993
2 08585   3.6550 270.3678 0017476 288.6246 139.7138  1.00245951123398
INTELSAT 4A-F2          
1 08620U 76010A   26277.11462999 -.00000287  00000+0  00000+0 0  9991
2 08620   7.6718 303.1738 0007566 300.8995 117.4096  0.99689457621701
LES-8                   
1 08746U 76023A   26276.38817532 -.00000102  00000+0  00000+0 0  9995
2 08746  22.5870  35.6439 0032377 162.9037 206.3603  1.00268830130777
LES-9                   
1 08747U 76023B   26277.10559207 -.00000122  00000+0  00000+0 0  9991
2 08747  22.5496  35.6476 0024096 185.7944  85.6160  1.00269615130769
COMSTAR 1               
1 08838U 76042A   26276.81788712 -.00000181  00000+0  00000+0 0  9990
2 08838   7.7452 303.9372 0004842 336.5029  15.6446  0.99830842121651
TITAN 3C TRANSTAGE R/B  
1 08918U 76059C   26277.04707297  .00000022  00000+0  00000+0 0  9995
2 08918   2.4578 258.6833 0009586 285.5559  73.9162  1.00555077 26541
PALAPA 1                
1 09009U 76066A   26276.88702127 -.00000213  00000+0  00000+0 0  9996
2 09009   7.6695 304.3379 0005207 253.5275 112.3530  1.00108061129032
COMSTAR 2               
1 09047U 76073A   26277.29609895  .00000100  00000+0  00000+0 0  9994
2 09047   7.6973 304.4495 0001749 282.6625 108.0158  0.99976732 48305
RADUGA 2                
1 09416U 76092A   26277.12005840 -.00000113  00000+0  00000+0 0  9992
2 09416   3.2019 267.7496 0028318  40.7329 182.8352  1.00298723130437
KIKU-2 (ETS-II)         
1 09852U 77014A   26276.88936128 -.00000142  00000+0  00000+0 0  9997
2 09852   5.0079 282.1147 0001333 275.3875 125.4179  1.00022056128319
TITAN 3C TRANSTAGE R/B  
1 09855U 77007C   26276.96102888 -.00000189  00000+0  00000+0 0  9990
2 09855   3.1184 265.9878 0016144  46.9475 312.8480  1.00337692 26456
PALAPA 2                
1 09862U 77018A   26276.51905911 -.00000222  00000+0  00000+0 0  9997
2 09862   8.4569 309.6336 0002334 156.7776  12.2313  1.00032348144192
RADUGA 3                
1 10159U 77071A   26276.96433580 -.00000307  00000+0  00000+0 0  9998
2 10159   3.8436 271.9301 0010036 306.9920 237.2061  1.00340984178134
SIRIO                   
1 10294U 77080A   26277.11988506 -.00000106  00000+0  00000+0 0  9996
2 10294   6.9853 298.3946 0005733 170.7624  21.4001  1.00270612119014
EKRAN 2                 
1 10365U 77092A   26277.11979839 -.00000085  00000+0  00000+0 0  9993
2 10365   3.9627 273.2017 0038504   7.0328 209.9785  1.00215965135947
METEOSAT-1              
1 10489U 77108A   26277.18869872 -.00000008  00000+0  00000+0 0  9995
2 10489   4.8080 279.9692 0007313  95.5881 127.0765  1.00381800138302
INTELSAT 4A-F3          
1 10557U 78002A   26277.05583810 -.00000334  00000+0  00000+0 0  9998
2 10557   8.7935 312.0199 0005313 294.0139 257.8075  0.99906194 49832
INTELSAT 4A-F6          
1 10778U 78035A   26277.00163903 -.00000377  00000+0  00000+0 0  9998
2 10778   8.5697 311.0247 0008827 309.2525 239.1391  1.00210125123252
OPS 8790                
1 10787U 78038A   26277.28377248  .00000068  00000+0  00000+0 0  9996
2 10787   3.4598 326.5682 0020238 274.8882  55.6001  1.00467138 26353
YURI (BS)               
1 10792U 78039A   26277.04205803  .00000127  00000+0  00000+0 0  9990
2 10792   5.2075 282.8436 0021836 318.2416 187.8160  1.00281656119852
RADUGA 4                
1 10987U 78073A   26277.04604472  .00000032  00000+0  00000+0 0  9994
2 10987   4.5155 277.3004 0010840  30.5416 142.7561  1.00199155120697
EKRAN 3                 
1 11273U 79015A   26277.05341142 -.00000317  00000+0  00000+0 0  9990
2 11273   4.8522 280.4427 0041706   9.3187 200.8544  1.00288101136105
RADUGA 5                
1 11343U 79035A   26276.90825471 -.00000204  00000+0  00000+0 0  9990
2 11343   5.0264 281.2567 0004068 241.1057 262.4755  1.00265963130456
GORIZONT 2              
1 11440U 79062A   26277.18826538  .00000029  00000+0  00000+0 0  9998
2 11440   5.4734 284.8321 0006581 337.6139 237.9358  1.00273566139117
WESTAR 3                
1 11484U 79072A   26276.85984417 -.00000013  00000+0  00000+0 0  9995
2 11484  10.0895 320.4805 0003465 302.0614 130.9076  0.99934950141605
EKRAN 4                 
1 11561U 79087A   26277.05098475 -.00000208  00000+0  00000+0 0  9996
2 11561   5.3298 283.6848 0009690 240.7633 313.1239  1.00228570 48460
SL-12 R/B(2)            
1 11568U 75123F   26277.17101862 -.00000184  00000+0  00000+0 0  9991
2 11568   2.2710 261.3792 0013707 227.0365 278.8743  1.00485356123094
EKRAN 2 DEB             
1 11581U 77092H   26277.05306476 -.00000318  00000+0  00000+0 0  9997
2 11581   3.8666 272.5328 0019452 277.1927 299.3032  1.00368337105456
GORIZONT 3              
1 11648U 79105A   26277.18436536  .00000128  00000+0  00000+0 0  9991
2 11648   5.6682 286.8081 0012681 276.6835 275.8520  1.00258207123579
OPS 6393 (FLTSATCOM 3)  
1 11669U 80004A   26277.29708771  .00000073  00000+0  00000+0 0  9998
2 11669   5.9558 306.5240 0023457 250.4377 147.4176  1.00174425170952
SL-12 R/B(2)            
1 11676U 75097F   26277.27163909 -.00000375  00000+0  00000+0 0  9994
2 11676   2.0842 258.3403 0021638 234.5739  98.4534  1.00112728120229
RADUGA 6                
1 11708U 80016A   26277.11338503  .00000125  00000+0  00000+0 0  9996
2 11708   5.4543 285.6053 0002964 321.2060 208.3159  1.00272980123254
RADUGA 7                
1 12003U 80081A   26276.81494044 -.00000212  00000+0  00000+0 0  9994
2 12003   5.6917 288.2633 0012383 317.5961  34.0298  1.00280880124399
SBS 1                   
1 12065U 80091A   26277.25343900  .00000074  00000+0  00000+0 0  9991
2 12065   9.8119 317.0969 0008521 212.2401 323.6484  0.99822860 47563
EKRAN 6                 
1 12120U 80104A   26277.11815172 -.00000029  00000+0  00000+0 0  9999
2 12120   5.9895 289.7345 0004469  64.0891 126.9256  1.00319507128506
ESIAFI 1 (COMSTAR 4)    
1 12309U 81018A   26276.62924609 -.00000081  00000+0  00000+0 0  9992
2 12309   8.4991 310.5617 0001490  35.7968 324.1465  1.00281970168539
SL-12 R/B(2)            
1 12447U 80081F   26276.50876370 -.00000282  00000+0  00000+0 0  9995
2 12447   5.9167 289.3676 0004539  38.0594 166.0065  0.99963884165461
GOES 5                  
1 12472U 81049A   26277.29831252  .00000061  00000+0  00000+0 0  9999
2 12472   9.1710 315.0241 0004361 311.7014  78.6411  1.00233703123948
APPLE                   
1 12545U 81057B   26276.97733426 -.00000377  00000+0  00000+0 0  9998
2 12545   6.7901 296.0120 0026747 233.6458 320.9871  1.00045460123476
EKRAN 7                 
1 12564U 81061A   26277.04795140 -.00000058  00000+0  00000+0 0  9990
2 12564   6.2777 292.1978 0003800  35.6954 133.0891  1.00215218130605
RADUGA 9                
1 12618U 81069A   26277.18479869  .00000122  00000+0  00000+0 0  9991
2 12618   6.3416 292.6925 0001622 251.6402 297.5748  1.00225222 48433
SBS 2                   
1 12855U 81096A   26276.82239380  .00000030  00000+0  00000+0 0  9994
2 12855  10.0957 320.7939 0007832 251.9210 107.5107  1.00150874119691
RADUGA 10               
1 12897U 81102A   26277.05029141 -.00000189  00000+0  00000+0 0  9992
2 12897   6.4620 294.0292 0003903 269.7982 269.8812  1.00287994118436
SATCOM 3R               
1 12967U 81114A   26276.49717231 -.00000205  00000+0  00000+0 0  9993
2 12967  11.9677 331.1583 0005697 300.0246  75.1631  1.00139863129156
EKRAN 2 DEB             
1 12996U 77092J   26277.28878103  .00000101  00000+0  00000+0 0  9993
2 12996   4.0312 273.4067 0023960 295.5821 108.6590  1.00046986 85602
WESTAR 4                
1 13069U 82014A   26277.11462961 -.00000295  00000+0  00000+0 0  9993
2 13069  12.5277 334.2112 0005772 281.3325 106.1981  0.99772800 47533
INSAT-1A                
1 13129U 82031A   26276.98641778 -.00000383  00000+0  00000+0 0  9996
2 13129   6.8934 297.6453 0007597  67.2570 122.9702  1.00262826167520
COSMOS 1366             
1 13177U 82044A   26277.05011808 -.00000176  00000+0  00000+0 0  9997
2 13177   8.0569 296.3024 0006583 132.6377  43.7153  1.00266220134703
ANIK D1 (TELESAT 6)     
1 13431U 82082A   26276.82577381  .00000109  00000+0  00000+0 0  9994
2 13431  12.0910 332.1854 0006046 321.4690  45.1274  1.00116961 47698
EKRAN 9                 
1 13554U 82093A   26277.11823839 -.00000013  00000+0  00000+0 0  9992
2 13554   6.8500 298.9569 0027060  10.8823 171.4107  1.00208563121093
GORIZONT 6              
1 13624U 82103A   26277.29283795  .00000101  00000+0  00000+0 0  9999
2 13624   7.1095 301.2004 0003427 337.2222  50.9245  1.00345948122045
SL-12 R/B(2)            
1 13630U 82103E   26277.27197541 -.00000029  00000+0  00000+0 0  9997
2 13630   7.0677 301.0774 0011625 201.1810 139.7569  1.00322993122590
SATCOM C5               
1 13631U 82105A   26277.22457742 -.00000118  00000+0  00000+0 0  9996
2 13631  11.9777 331.7520 0001668  55.7732 321.1389  1.00274078127476
SBS 3                   
1 13651U 82110B   26277.28933319 -.00000306  00000+0  00000+0 0  9998
2 13651  12.3906 333.6268 0005159 144.1796 311.8977  0.99932502 47637
ANIK C3 (TELESAT 5)     
1 13652U 82110C   26277.22318684 -.00000043  00000+0  00000+0 0  9993
2 13652  12.3642 333.4433 0001719 262.5934  37.2118  0.99915545 47593
RADUGA 12               
1 13974U 83028A   26277.11823839 -.00000030  00000+0  00000+0 0  9996
2 13974   7.9778 305.5908 0001916 325.1117 210.7106  1.00282199170479
SL-12 R/B(2)            
1 13983U 83028F   26277.22255302 -.00000028  00000+0  00000+0 0  9999
2 13983   8.0063 305.6541 0024238 228.5568 165.3414  1.00035296158905
SATCOM 1R               
1 13984U 83030A   26276.48161037 -.00000317  00000+0  00000+0 0  9992
2 13984  13.1148 337.7387 0006179 159.6064 194.0672  0.99861513131553
GOES 6                  
1 14050U 83041A   26277.29831264  .00000053  00000+0  00000+0 0  9991
2 14050  10.0244 320.5677 0003405 268.3136 117.0551  1.00272476217115
SL-12 R/B(2)            
1 14114U 82044F   26270.83139514 -.00000069  00000+0  00000+0 0  9994
2 14114   7.9545 295.6128 0015518 206.7500 156.3840  1.00275900 48379
PALAPA B1               
1 14134U 83059C   26276.95851097 -.00000197  00000+0  00000+0 0  9991
2 14134  11.4547 328.7794 0001131 170.0160 198.2731  1.00205228121889
GALAXY 1 (G-1)          
1 14158U 83065A   26277.33283362  .00000096  00000+0  00000+0 0  9998
2 14158  13.5221 340.8693 0003934 273.2356  88.5320  1.00125980 47727
SL-12 R/B(2)            
1 14195U 81102F   26276.35077616 -.00000181  00000+0  00000+0 0  9999
2 14195   6.3607 293.5664 0009518 240.6485 119.1215  1.00243519124081
INSAT-1B                
1 14318U 83089B   26277.25352567  .00000114  00000+0  00000+0 0  9998
2 14318  11.0235 326.3302 0014032 249.1810 277.8475  1.00214220126309
GALAXY 2 (G-2)          
1 14365U 83098A   26276.47316116 -.00000072  00000+0  00000+0 0  9997
2 14365  13.5391 341.1740 0002583 141.2694 228.5447  1.00236439133320
EKRAN 11                
1 14377U 83100A   26276.55569627 -.00000252  00000+0  00000+0 0  9990
2 14377   7.5471 303.8542 0004418 319.5806  40.2948  1.00223841 48462
INTELSAT 507            
1 14421U 83105A   26276.47024822 -.00000106  00000+0  00000+0 0  9997
2 14421  11.8432 330.4248 0002216 172.5816 215.3778  0.99701230138318
RADUGA 14               
1 14725U 84016A   26277.12231175 -.00000223  00000+0  00000+0 0  9990
2 14725   8.3653 310.1722 0001753 214.5284 338.6438  1.00275917119192
COSMOS 1540             
1 14783U 84022A   26276.91143443 -.00000162  00000+0  00000+0 0  9999
2 14783   9.0939 303.5614 0008962 294.1290 183.1360  1.00276989122110
COSMOS 1546             
1 14867U 84031A   26276.97053689 -.00000053  00000+0  00000+0 0  9999
2 14867   8.4753 310.8233 0024214  17.5546 102.4578  1.00272246 48469
STTW-T2                 
1 14899U 84035A   26277.05237142 -.00000258  00000+0  00000+0 0  9993
2 14899   9.2754 317.2913 0007114 206.3444 321.0067  1.00165579 48467
GORIZONT 9              
1 14940U 84041A   26277.05237142 -.00000277  00000+0  00000+0 0  9998
2 14940   8.5480 311.7091 0006283 294.8422 238.5722  1.00245936123035
ZHONGXING-5             
1 14985U 84049A   26276.86747984 -.00000132  00000+0  00000+0 0  9993
2 14985  14.3096 347.4807 0012984 241.7973 179.0769  0.99976342132398
RADUGA 15               
1 15057U 84063A   26276.75783275  .00000125  00000+0  00000+0 0  9992
2 15057   8.5303 311.1657 0003616 239.5899 126.5595  1.00210319142191
GORIZONT 10             
1 15144U 84078A   26277.28541914  .00000077  00000+0  00000+0 0  9992
2 15144   8.6916 312.7455 0003739 328.6766  24.4619  1.00283831155669
HIMAWARI-3 (GMS-3)      
1 15152U 84080A   26276.75661350  .00000108  00000+0  00000+0 0  9997
2 15152  10.4695 323.0049 0004904 161.0961 200.2812  0.99830347153730
SL-12 R/B(2)            
1 15181U 84078F   26276.99985803 -.00000379  00000+0  00000+0 0  9995
2 15181   8.7759 313.1094 0022068 219.1762 313.4293  1.00239817124105
TELSTAR 302             
1 15237U 84093D   26276.48076347 -.00000312  00000+0  00000+0 0  9999
2 15237  14.0740 344.5489 0004409 214.1857 134.5822  0.99786424 47519
GALAXY 3 (G-3)          
1 15308U 84101A   26277.30087528  .00000057  00000+0  00000+0 0  9998
2 15308  14.0390 344.2856 0003352  13.2606 355.2123  0.99833108 47574
ZHONGXING-5R            
1 15385U 84114A   26276.89239463 -.00000090  00000+0  00000+0 0  9995
2 15385  14.6406 351.1790 0005685  98.9923 248.5602  0.99764845128050
GORIZONT 11             
1 15484U 85007A   26277.11025676 -.00000310  00000+0  00000+0 0  9997
2 15484   8.9698 314.9270 0004224 266.5949 139.9192  1.00199266153729
ARABSAT-1A              
1 15560U 85015A   26276.87567346  .00000105  00000+0  00000+0 0  9999
2 15560  11.7146 330.5425 0036335 242.3571 140.1260  1.00194602127103
COSMOS 1629             
1 15574U 85016A   26277.29582376  .00000090  00000+0  00000+0 0  9995
2 15574   8.9372 313.8423 0007961 274.8271 104.9537  1.00356640151552
GSTAR 1                 
1 15677U 85035A   26277.22466387 -.00000121  00000+0  00000+0 0  9992
2 15677  14.2810 347.8790 0003951 175.5904 185.0926  1.00272232126303
TELECOM 1B              
1 15678U 85035B   26276.88606794 -.00000221  00000+0  00000+0 0  9993
2 15678   9.9707 320.2437 0002662 296.3234  48.0793  1.00302903138109
ARABSAT-1B              
1 15825U 85048C   26276.49798770 -.00000099  00000+0  00000+0 0  9997
2 15825  12.2656 333.3542 0011409  16.3279   3.4032  1.00384212136521
TELSTAR 303             
1 15826U 85048D   26277.25444164 -.00000004  00000+0  00000+0 0  9994
2 15826  14.1455 345.4534 0005158 252.8018 110.7756  0.99869053 47598
INTELSAT 511            
1 15873U 85055A   26276.99247846  .00000061  00000+0  00000+0 0  9994
2 15873  13.1053 337.9596 0009946 115.0364 334.6359  1.00075546125604
RADUGA 16               
1 15946U 85070A   26277.29269617  .00000100  00000+0  00000+0 0  9990
2 15946   9.2312 316.1709 0003216 299.6055  71.9157  1.00344004123326
OPTUS A1 (AUSSAT 1)     
1 15993U 85076B   26276.50954589 -.00000275  00000+0  00000+0 0  9994
2 15993  13.2010 338.0709 0002886 341.5313 175.5099  0.99762107120673
ASC 1                   
1 15994U 85076C   26277.18694221 -.00000230  00000+0  00000+0 0  9995
2 15994  13.7334 342.5192 0001402 169.1926 201.8117  1.00297951119070
COSMOS 1700             
1 16199U 85102A   26277.06433941 -.00000288  00000+0  00000+0 0  9993
2 16199   9.5350 318.2173 0006430 249.9849 281.5957  1.00283621152764
SL-12 R/B(2)            
1 16214U 85102D   26276.88067957 -.00000357  00000+0  00000+0 0  9997
2 16214   9.2693 317.3821 0019209 164.3530 305.9233  1.00634272125944
RADUGA 17               
1 16250U 85107A   26277.25274567  .00000102  00000+0  00000+0 0  9998
2 16250   9.4279 317.7411 0014165 240.9651 290.8620  1.00157362152768
OPTUS A2 (AUSSAT 2)     
1 16275U 85109C   26276.02793138 -.00000298  00000+0  00000+0 0  9998
2 16275  13.2771 339.3510 0005946 297.3774  64.0856  0.99949531 47617
STTW-1                  
1 16526U 86010A   26276.19025880  .00000039  00000+0  00000+0 0  9991
2 16526  10.4509 322.8808 0003973 295.3873 241.0935  1.00221275156546
GSTAR 2                 
1 16649U 86026A   26273.96806126 -.00000141  00000+0  00000+0 0  9991
2 16649  14.1452 345.0585 0001591  10.0792 358.5259  0.99802765117709
BRASILSAT 2             
1 16650U 86026B   26271.15583058 -.00000204  00000+0  00000+0 0  9998
2 16650  14.5002 349.6314 0004049 306.2407  54.7074  0.99638658 47418
COSMOS 1738             
1 16667U 86027A   26276.81866712 -.00000086  00000+0  00000+0 0  9994
2 16667  10.0784 317.0442 0011626 160.1645 182.8617  1.00275740148437
GORIZONT 12             
1 16769U 86044A   26276.73111852 -.00000361  00000+0  00000+0 0  9991
2 16769   9.8814 320.4965 0005233 309.8669 112.5961  1.00247471148356
SL-12 R/B(2)            
1 17125U 86090D   26276.55572081 -.00000364  00000+0  00000+0 0  9997
2 17125  10.1800 322.0715 0008719 195.1315 164.8080  1.00199308145950
GOES 7                  
1 17561U 87022A   26276.11783853 -.00000293  00000+0  00000+0 0  9991
2 17561  12.8301 336.8835 0001887  16.7852   3.3202  0.99899853128041
AGILA 1 (PALAPA B2P)    
1 17706U 87029A   26277.31918462  .00000080  00000+0  00000+0 0  9991
2 17706  14.3267 347.3463 0000659   3.3616 342.4556  0.99913337 43612
SL-12 R/B(2)            
1 17872U 76092F   26277.04448471  .00000080  00000+0  00000+0 0  9991
2 17872   3.1870 268.3336 0015531 206.1621 327.6888  1.00257846120019
SL-12 R/B(2)            
1 17873U 79035E   26270.39979328 -.00000211  00000+0  00000+0 0  9990
2 17873   4.9688 280.8846 0027200 259.0592 303.5699  1.00187130186193
SL-12 R/B(2)            
1 17874U 84016F   26277.05124475 -.00000245  00000+0  00000+0 0  9998
2 17874   8.3692 310.2524 0035292 233.6050 295.3189  1.00319109123944
COSMOS 1888             
1 18384U 87084A   26277.25274567  .00000102  00000+0  00000+0 0  9994
2 18384  10.6496 325.4283 0003328 263.3420 260.1923  1.00199913142783
SL-12 R/B(2)            
1 18387U 87084D   26258.86538581  .00000127  00000+0  00000+0 0  9999
2 18387  10.8304 326.1207 0030138 253.6640 123.3983  1.00040668149689
COSMOS 1894             
1 18443U 87091A   26277.05577784 -.00000293  00000+0  00000+0 0  9995
2 18443  10.6035 324.8744 0003125 356.9549  29.8456  1.00218655121917
SL-12 R/B(2)            
1 18446U 87091D   26276.86757174 -.00000168  00000+0  00000+0 0  9990
2 18446  10.6380 325.0477 0023639 269.1534 174.3268  1.00144371131090
COSMOS 1897             
1 18575U 87096A   26277.05323809 -.00000313  00000+0  00000+0 0  9996
2 18575  10.8807 326.2198 0006101 167.7756 355.4895  1.00273952142285
SL-12 R/B(2)            
1 18578U 87096D   26276.92073477 -.00000181  00000+0  00000+0 0  9990
2 18578  10.6700 325.4859 0023604 252.1502 275.0144  1.00556401139124
RADUGA 21               
1 18631U 87100A   26274.09918850 -.00000298  00000+0  00000+0 0  9994
2 18631  11.1575 324.5488 0001838 292.5684  86.2219  1.00323295142157
STTW-2                  
1 18922U 88014A   26276.87488674 -.00000243  00000+0  00000+0 0  9996
2 18922  13.1761 338.8992 0004671 192.9693 244.3233  1.00281104141208
SPACENET 3R             
1 18951U 88018A   26277.16269858 -.00000235  00000+0  00000+0 0  9997
2 18951  14.7157 358.8452 0005497 253.7451 109.4405  0.99659685125703
SL-12 R/B(2)            
1 19076U 88034D   26277.05687811 -.00000377  00000+0  00000+0 0  9992
2 19076  11.1270 326.8659 0023297 197.4383 345.5336  1.00098271140196
INSAT-1C                
1 19330U 88063A   26276.76042684  .00000029  00000+0  00000+0 0  9990
2 19330  11.1831 327.0778 0007502 181.5316 196.7214  1.00248309121434
COSMOS 1961             
1 19344U 88066A   26276.86085773 -.00000114  00000+0  00000+0 0  9991
2 19344  11.3330 329.0245 0003536 194.1886 234.4340  1.00260064140108
GORIZONT 16             
1 19397U 88071A   26277.04766889 -.00000377  00000+0  00000+0 0  9991
2 19397  11.3996 329.1192 0010692  88.0973 100.7853  0.99981141139324
SL-12 R/B(2)            
1 19400U 88071D   26259.40399766  .00000064  00000+0  00000+0 0  9994
2 19400  11.1424 328.4632 0020504 244.4181 147.0401  1.00550750133627
GSTAR 3                 
1 19483U 88081A   26277.21563045 -.00000117  00000+0  00000+0 0  9998
2 19483  10.9096 317.5149 0006973 225.8821 161.8204  1.00272403135690
SBS 5                   
1 19484U 88081B   26274.89844073 -.00000017  00000+0  00000+0 0  9992
2 19484  14.6287   0.1060 0006270 309.8301  37.8439  0.99795665 47520
TDRS 3                  
1 19548U 88091B   26276.23012117 -.00000304  00000+0  00000+0 0  9999
2 19548  12.5226 340.2797 0039155 350.5450  75.0526  1.00266750126476
RADUGA 22               
1 19596U 88095A   26276.87422315  .00000099  00000+0  00000+0 0  9991
2 19596  11.4195 329.4405 0005770 214.7747 166.7466  1.00216751122746
SKYNET 4B               
1 19687U 88109A   26277.33569465 -.00000280  00000+0  00000+0 0  9991
2 19687  13.0001 336.1259 0006952 279.7437 181.5968  0.99671311119251
STTW-3                  
1 19710U 88111A   26276.82742049  .00000117  00000+0  00000+0 0  9993
2 19710  13.9948 344.7392 0004808 202.1152 160.7679  1.00278677131930
IUS R/B(2)              
1 19913U 89021D   26275.39041559 -.00000126  00000+0  00000+0 0  9999
2 19913   8.5424 320.0825 0023204 197.9488 332.5014  1.00601193126733
RADUGA 23               
1 19928U 89030A   26276.85984407 -.00000063  00000+0  00000+0 0  9995
2 19928  11.6809 331.2722 0020509 214.2163 208.4114  1.00179897135945
SUPERBIRD-A             
1 20040U 89041A   26276.88936128 -.00000189  00000+0  00000+0 0  9993
2 20040  12.0559 331.5790 0004319 206.0106 145.0525  0.99756421135543
DFS 1                   
1 20041U 89041B   26275.96093773 -.00000114  00000+0  00000+0 0  9990
2 20041  13.9394 345.7244 0014579 300.5704  51.7115  1.00652382125579
TVSAT 2                 
1 20168U 89062A   26276.72175910  .00000105  00000+0  00000+0 0  9991
2 20168  14.6889 354.9435 0010075 215.0676 105.6208  0.99844437135580
FLTSATCOM 8 (USA 46)    
1 20253U 89077A   26276.74779137 -.00000375  00000+0  00000+0 0  9995
2 20253  12.3936 350.4970 0003393 238.0339 178.6179  1.00263421261650
GORIZONT 19             
1 20263U 89081A   26276.75781861  .00000110  00000+0  00000+0 0  9995
2 20263  11.9612 332.7739 0006229 284.8436  72.0950  1.00221863 48427
RADUGA 24               
1 20367U 89098A   26276.88057233 -.00000288  00000+0  00000+0 0  9998
2 20367  12.3886 333.0258 0003748 294.2610 157.9619  1.00224682134065
COSMOS 2054             
1 20391U 89101A   26276.62970250  .00000074  00000+0  00000+0 0  9997
2 20391  12.1287 333.5055 0004131 239.7559 214.6810  1.00309108134957
LEASAT 5                
1 20410U 90002B   26276.02749803 -.00000292  00000+0  00000+0 0  9996
2 20410  11.0771 352.3529 0001918  58.8851 287.1998  0.99597512119494
STTW-4                  
1 20473U 90011A   26276.87840576 -.00000278  00000+0  00000+0 0  9991
2 20473  14.1029 345.5853 0003006 188.7957 248.0884  1.00242502134134
RADUGA 25               
1 20499U 90016A   26277.25387458 -.00000026  00000+0  00000+0 0  9993
2 20499  12.2108 333.9620 0006349 226.0967 146.9142  1.00166962134006
INSAT-1D                
1 20643U 90051A   26276.86273223 -.00000145  00000+0  00000+0 0  9995
2 20643  14.5959 353.1152 0017408 201.7567 206.5420  1.00258864119844
GORIZONT 20             
1 20659U 90054A   26276.87840605 -.00000286  00000+0  00000+0 0  9996
2 20659  12.5774 335.3039 0006537 250.9403 196.0516  1.00299175132783
SL-12 R/B(2)            
1 20662U 90054D   26276.74749983  .00000026  00000+0  00000+0 0  9994
2 20662  12.4162 334.7170 0012537 108.8638 251.2760  1.00516958132881
COSMOS 2085             
1 20693U 90061A   26276.99222487 -.00000075  00000+0  00000+0 0  9993
2 20693  12.5692 335.7384 0012949  28.2015  76.6042  1.00277971132592
SL-12 R/B(2)            
1 20696U 90061D   26276.71794238 -.00000360  00000+0  00000+0 0  9991
2 20696  12.5324 335.6041 0033399 223.5924 180.2675  1.00208177131491
SL-12 R/B(2)            
1 20836U 74060F   26277.15461441 -.00000349  00000+0  00000+0 0  9991
2 20836   1.1042 242.0844 0014851 243.7655  50.0670  1.00207560 47093
GALAXY 6 (G-6)          
1 20873U 90091B   26277.26599384  .00000071  00000+0  00000+0 0  9995
2 20873  14.0983   9.1773 0006813 232.9491  73.3952  0.99762566 47530
GORIZONT 21             
1 20923U 90094A   26276.85746125 -.00000016  00000+0  00000+0 0  9995
2 20923  12.6349 336.0048 0007526 271.4306 140.7022  1.00150665131544
GORIZONT 22             
1 20953U 90102A   26277.04766889 -.00000369  00000+0  00000+0 0  9990
2 20953  12.6262 336.4703 0004752 344.5893 197.1079  1.00217804131462
RADUGA 26               
1 21016U 90112A   26276.81574514  .00000046  00000+0  00000+0 0  9999
2 21016  12.7419 337.1487 0002602 129.3927 255.2336  1.00295784131357
SL-12 R/B(2)            
1 21019U 90112D   26276.86747986 -.00000131  00000+0  00000+0 0  9998
2 21019  12.8020 337.3161 0025900 189.1771 241.1473  1.00009747121028
RADUGA-1 2              
1 21038U 90116A   26276.99247892  .00000038  00000+0  00000+0 0  9993
2 21038  12.7823 337.1702 0003895 147.9512 302.9499  1.00229213 48431
ITALSAT 1               
1 21055U 91003A   26276.88177128 -.00000261  00000+0  00000+0 0  9999
2 21055  14.5233 350.6600 0008819  55.2982  22.6949  0.99956240118174
COSMOS 2133             
1 21111U 91010A   26276.86400691 -.00000119  00000+0  00000+0 0  9994
2 21111  13.1736 341.9961 0006371 210.9417 206.3555  1.00259939130539
SL-12 R/B(2)            
1 21129U 91010F   26276.74295184 -.00000379  00000+0  00000+0 0  9997
2 21129  13.0798 341.5986 0018632 236.4467 180.1783  1.00122773130761
RADUGA 27               
1 21132U 91014A   26277.04766889 -.00000367  00000+0  00000+0 0  9991
2 21132  13.2378 336.0343 0001686 281.3703 259.6925  1.00295182130406
TDRS 5                  
1 21639U 91054B   26276.50247199  .00000078  00000+0  00000+0 0  9993
2 21639  14.0591 352.9651 0009838 252.3521 140.1554  1.00269520128806
IUS R/B(2)              
1 21641U 91054D   26273.96424791 -.00000196  00000+0  00000+0 0  9990
2 21641  13.6312 332.0883 0036077 349.8742  10.3540  1.00312048 48429
COSMOS 2155             
1 21702U 91064A   26277.22362528  .00000005  00000+0  00000+0 0  9999
2 21702  13.0332 338.4867 0003975 245.8174  47.5944  1.00248554128429
SL-12 R/B(2)            
1 21703U 91064B   26277.29395595  .00000091  00000+0  00000+0 0  9992
2 21703  13.2393 339.1568 0002219 345.4311   8.9721  0.99890343121237
SL-12 R/B(2)            
1 21762U 91074D   26261.92518206 -.00000048  00000+0  00000+0 0  9990
2 21762  13.3815 340.6954 0003002 245.5791 115.1363  0.99708786120614
COSMOS 2172             
1 21789U 91079A   26275.03121464 -.00000266  00000+0  00000+0 0  9999
2 21789  13.1665 339.5836 0003081 343.0510  24.2327  1.00225994 48437
RADUGA 28               
1 21821U 91087A   26276.86981551 -.00000236  00000+0  00000+0 0  9995
2 21821  13.2853 340.2631 0005270 204.6899 226.6329  1.00359809127419
PALAPA B4               
1 21964U 92027A   26277.31293551 -.00000128  00000+0  00000+0 0  9995
2 21964  13.3475  16.4680 0000653 285.8904  87.7103  0.99931205 48288
INSAT-2A                
1 22027U 92041A   26276.54759377 -.00000237  00000+0  00000+0 0  9990
2 22027  14.4678 350.9834 0011110 276.2602  91.9602  1.00228577125148
COSMOS 2209             
1 22112U 92059A   26277.18763708 -.00000222  00000+0  00000+0 0  9992
2 22112  13.5120 341.8368 0011528 343.0842  30.3306  1.00167028124711
HELLAS-SAT 1 (DFS 3)    
1 22175U 92066A   26276.59023529 -.00000358  00000+0  00000+0 0  9993
2 22175  14.3000   6.2359 0002366 218.5864 136.4377  0.99735269121626
GALAXY 7 (G-7)          
1 22205U 92072A   26277.22404225 -.00000031  00000+0  00000+0 0  9999
2 22205  14.5503   2.4467 0003977  45.3460 298.4621  0.99700022117967
EKRAN 20                
1 22210U 92074A   26276.86411435 -.00000154  00000+0  00000+0 0  9993
2 22210  13.6253 343.5015 0005276 229.4964 188.3442  1.00327503 48469
GORIZONT 27             
1 22245U 92082A   26274.24677889 -.00000220  00000+0  00000+0 0  9991
2 22245  13.6522 343.1931 0011380  27.8598  62.1116  1.00208129128182
COSMOS 2224             
1 22269U 92088A   26277.05902117 -.00000311  00000+0  00000+0 0  9991
2 22269  13.5957 347.1814 0007968 266.7534  88.7419  1.00200164123179
SL-12 R/B(2)            
1 22272U 92088D   26268.27128192  .00000081  00000+0  00000+0 0  9995
2 22272  13.7052 347.7134 0009092 175.6450 133.2019  1.00069805 48282
TDRS 6                  
1 22314U 93003B   26277.05460726 -.00000303  00000+0  00000+0 0  9996
2 22314  14.1861 356.2372 0009852 206.5893 143.7204  1.00268027123496
RADUGA 29               
1 22557U 93013A   26276.65185894 -.00000341  00000+0  00000+0 0  9993
2 22557  13.7790 344.3003 0004057 204.0860 192.0782  1.00290529122779
HGS-4 (GALAXY 4)        
1 22694U 93039A   26276.99219635 -.00000087  00000+0  00000+0 0  9998
2 22694  14.5611 354.2941 0010912  49.2229  38.1507  1.00270741120090
HISPASAT 1B             
1 22723U 93048A   26276.86440691 -.00000069  00000+0  00000+0 0  9995
2 22723  13.8116  12.2759 0004115 278.3028 115.3835  0.99715932120920
INSAT-2B                
1 22724U 93048B   26276.57967677 -.00000148  00000+0  00000+0 0  9990
2 22724  14.4844   1.7574 0018139 227.9024 156.9584  0.99990249121661
UFO 2 (USA 95)          
1 22787U 93056A   26275.84686353  .00000120  00000+0  00000+0 0  9995
2 22787  11.9335   2.9445 0002599 215.2248 126.9784  1.00270897119623
RADUGA 30               
1 22836U 93062A   26276.86400687 -.00000123  00000+0  00000+0 0  9998
2 22836  13.9665 346.3321 0005311 318.2078  95.0477  1.00258809 47099
SL-12 R/B(2)            
1 22839U 93062D   26258.93154807  .00000049  00000+0  00000+0 0  9995
2 22839  13.9116 346.1862 0007379  96.3783 258.4172  1.00316718119769
GORIZONT 29             
1 22907U 93072A   26274.89766073  .00000021  00000+0  00000+0 0  9999
2 22907  13.9426 346.5414 0010699 358.0669 359.3233  1.00155229120237
SOLIDARIDAD 1           
1 22911U 93073A   26277.31036534 -.00000143  00000+0  00000+0 0  9993
2 22911  14.4122   1.5375 0010581 246.5389 134.7949  1.00276444118964
TELSTAR 401             
1 22927U 93077A   26277.22520071 -.00000142  00000+0  00000+0 0  9997
2 22927  14.4228 350.0181 0008068 176.9199 184.8121  1.00286196119679
GALS 1                  
1 22963U 94002A   26276.87298147 -.00000251  00000+0  00000+0 0  9993
2 22963  14.5163 353.0038 0013117 230.4515 191.0190  1.00353890119808
RADUGA-1 3              
1 22981U 94008A   26276.79139576 -.00000325  00000+0  00000+0 0  9992
2 22981  14.1266 347.3893 0002319 244.9825 164.2892  1.00292767119579
TITAN 4 CENTAUR R/B     
1 22989U 94009B   26261.10796957 -.00000082  00000+0  00000+0 0  9992
2 22989  16.9533  21.7660 0014845 240.2443 119.6257  1.00583799 26227
RADUGA 31               
1 23010U 94012A   26276.82872049  .00000103  00000+0  00000+0 0  9997
2 23010  14.0931 347.4158 0001400 185.0666 182.4774  1.00264799119445
GORIZONT 30             
1 23108U 94030A   26277.25239354 -.00000016  00000+0  00000+0 0  9993
2 23108  14.0161 347.3710 0005731 281.1204  75.6659  1.00161485118541
UFO 3 (USA 104)         
1 23132U 94035A   26272.97006156 -.00000102  00000+0  00000+0 0  9997
2 23132  12.4157   5.0554 0004834 243.6346  98.7679  1.00271491132747
COSMOS 2282             
1 23168U 94038A   26277.26959248  .00000087  00000+0  00000+0 0  9996
2 23168  13.8504 351.9037 0005461 145.3663 167.4748  1.00318285118099
COSMOS 2291             
1 23267U 94060A   26276.96171766 -.00000067  00000+0  00000+0 0  9997
2 23267  14.1154 348.8044 0008590 237.5650 128.1800  1.00288817117294
SL-12 R/B(2)            
1 23270U 94060D   26261.71539561 -.00000014  00000+0  00000+0 0  9991
2 23270  14.2276 349.3755 0007630 161.5310 173.7447  1.00053610116475
EXPRESS 1               
1 23319U 94067A   26276.68031127 -.00000369  00000+0  00000+0 0  9992
2 23319  14.5492   1.1777 0006777 248.2270 138.4450  0.99830265116667
SL-12 R/B(2)            
1 23322U 94067D   26277.18787255 -.00000232  00000+0  00000+0 0  9991
2 23322  13.8041 344.0670 0006573 160.7891 212.4533  1.00165345117103
ELEKTRO (GOMS 1)        
1 23327U 94069A   26276.86992318 -.00000185  00000+0  00000+0 0  9997
2 23327  14.4396 348.4502 0009776 267.4810 152.0567  1.00272004116964
SL-12 R/B(2)            
1 23330U 94069D   26276.49168549 -.00000108  00000+0  00000+0 0  9996
2 23330  14.4406 348.4961 0021287 160.3172 207.1342  1.00143147116746
LUCH                    
1 23426U 94082A   26276.34551624  .00000084  00000+0  00000+0 0  9993
2 23426  14.7365 353.7453 0007564 221.2642 138.6945  1.00180954116345
RADUGA 32               
1 23448U 94087A   26276.86400676 -.00000128  00000+0  00000+0 0  9999
2 23448  14.2786 350.1523 0009547 266.4248 143.4377  1.00261226133979
SL-12 R/B(2)            
1 23451U 94087D   26267.18075628 -.00000194  00000+0  00000+0 0  9996
2 23451  14.3031 350.2391 0008466 152.2643 200.1960  1.00062318 48268
UFO 4 (USA 108)         
1 23467U 95003A   26276.57698025 -.00000029  00000+0  00000+0 0  9994
2 23467   9.7143  12.7178 0002986 179.9442 199.6240  1.00272420116046
TITAN 4 CENTAUR R/B     
1 23568U 95022B   26276.78978651 -.00000119  00000+0  00000+0 0  9996
2 23568  18.3488   5.0894 0006912 341.5617  18.4296  1.00563499 26992
TDRS 7                  
1 23613U 95035B   26276.87488661 -.00000246  00000+0  00000+0 0  9999
2 23613  13.2932 347.4325 0010234  98.4799 330.7633  1.00268350114344
KOREASAT 1              
1 23639U 95041A   26276.87488670 -.00000119  00000+0  00000+0 0  9993
2 23639  14.7288 357.7785 0005867 242.0369 176.6472  0.99662490113619
COSMOS 2319             
1 23653U 95045A   26274.83360748  .00000106  00000+0  00000+0 0  9997
2 23653  14.3303 351.9103 0006960 261.1547 104.3530  1.00168100113866
SL-12 R/B(2)            
1 23656U 95045D   26276.55228683 -.00000256  00000+0  00000+0 0  9999
2 23656  14.3925 352.1892 0017092  58.2617 309.0840  1.00185965113752
TELSTAR 4 (TELSTAR 402R)
1 23670U 95049A   26277.33455073 -.00000202  00000+0  00000+0 0  9992
2 23670  13.6703  11.8572 0002194 258.0180 132.6075  1.00258352113605
LUCH-1                  
1 23680U 95054A   26276.99219627 -.00000096  00000+0  00000+0 0  9994
2 23680  15.0503 358.3637 0006477 163.5395 280.5890  1.00272086113447
USA 115 (MILSTAR-1 2)   
1 23712U 95060A   26277.12532527 -.00000210  00000+0  00000+0 0  9998
2 23712  14.1123   2.9236 0005692 171.4400 153.6319  1.00271206 33979
GALS 2                  
1 23717U 95063A   26277.32139896  .00000087  00000+0  00000+0 0  9991
2 23717  14.5163   1.7584 0006465 314.9737  24.3200  0.99885068112718
INSAT-2C                
1 23731U 95067B   26276.50400881  .00000044  00000+0  00000+0 0  9998
2 23731  14.3688   7.4240 0001411  20.3734   3.8145  0.99786581112492
GALAXY 3R (G-3R)        
1 23741U 95069A   26277.26380117 -.00000221  00000+0  00000+0 0  9992
2 23741  13.3918  15.4040 0003654 160.3442 203.5671  1.00319535112911
ABS-1A                  
1 23768U 96003A   26276.60808569 -.00000272  00000+0  00000+0 0  9999
2 23768  12.7525  24.7008 0003880 172.8107 187.3408  0.99802421112253
GORIZONT 31             
1 23775U 96005A   26273.96797458 -.00000135  00000+0  00000+0 0  9997
2 23775  14.3958 353.7988 0022218 251.0126 107.6605  0.99900292112101
INMARSAT 3-F1           
1 23839U 96020A   26277.20698546 -.00000232  00000+0  00000+0 0  9992
2 23839  10.8253  45.5972 0007524 165.7596  30.3685  1.00003374111348
GORIZONT 32             
1 23880U 96034A   26277.13780831 -.00000382  00000+0  00000+0 0  9990
2 23880  14.3771 354.1451 0008475 358.8249 187.3640  1.00170199111125
TURKSAT 1C              
1 23949U 96040B   26276.63405227 -.00000358  00000+0  00000+0 0  9993
2 23949  12.2226  29.2940 0008301 185.9232 153.9078  1.00293143110763
UFO 7 (USA 127)         
1 23967U 96042A   26277.23204391 -.00000262  00000+0  00000+0 0  9995
2 23967  11.2231  16.4636 0005926 139.6838 224.5329  1.00173176110583
INMARSAT 3-F2           
1 24307U 96053A   26276.96995103  .00000127  00000+0  00000+0 0  9992
2 24307  10.0990  52.8022 0005647 139.7154 206.2048  0.99986025110000
ECHOSTAR 2              
1 24313U 96055A   26277.23577962 -.00000304  00000+0  00000+0 0  9999
2 24313  12.1365  30.6708 0010668 106.5888 259.2957  1.00291702110119
EXPRESS 2               
1 24435U 96058A   26276.62753259 -.00000339  00000+0  00000+0 0  9992
2 24435  14.5558 353.5068 0009161 350.7612 356.4463  1.00260905109890
INMARSAT 3-F3           
1 24674U 96070A   26277.23501668 -.00000268  00000+0  00000+0 0  9995
2 24674  10.5502  48.5741 0006709 168.0286 174.2842  0.99985263108996
DFH 3-2                 
1 24798U 97021A   26276.87278181 -.00000226  00000+0  00000+0 0  9993
2 24798  13.5948  12.9804 0007197 139.5118 263.5594  1.00174103107614
USA 134                 
1 25019U 97065A   26277.25838097 -.00000070  00000+0  00000+0 0  9996
2 25019  12.9139  20.8841 0003953 263.6241  69.0576  1.00269920 34044
KUPON                   
1 25045U 97070A   26276.72881629 -.00000146  00000+0  00000+0 0  9995
2 25045  14.5409 353.7885 0005184 298.6893  61.2743  1.00233283105734
INDOSTAR 1              
1 25050U 97071B   26276.85397281 -.00000044  00000+0  00000+0 0  9999
2 25050  13.0765  19.2056 0003018 263.4750 102.8532  1.00359963105898
GALAXY 8 (G-8)          
1 25086U 97078A   26271.87183818  .00000017  00000+0  00000+0 0  9990
2 25086  14.1175   9.1104 0003823  75.1331 257.0323  0.99703545104978
INTELSAT 804 (IS-804)   
1 25110U 97083A   26276.58068203 -.00000104  00000+0  00000+0 0  9995
2 25110  13.2610  16.7928 0005992  20.7399 347.5825  1.00271998105425
INMARSAT 3-F5           
1 25153U 98006B   26276.80930708 -.00000299  00000+0  00000+0 0  9996
2 25153   9.9317  52.1438 0004768 142.6433  55.0903  1.00274640104986
UFO 8 (USA 138)         
1 25258U 98016A   26276.61919538 -.00000236  00000+0  00000+0 0  9991
2 25258  11.2641  22.0685 0006070 232.4777 129.6256  1.00249841104956
COSMOS 2350             
1 25315U 98025A   26276.86588191 -.00000174  00000+0  00000+0 0  9990
2 25315  14.0025   3.0391 0006928 183.1705 218.9986  1.00277059104106
SL-12 R/B(2)            
1 25318U 98025D   26258.87136583  .00000000  00000+0  00000+0 0  9995
2 25318  14.0202   3.2071 0029859 138.4254 234.4909  1.00032727103684
TITAN 4B CENTAUR R/B    
1 25337U 98029B   26276.53151122 -.00000312  00000+0  00000+0 0  9996
2 25337   7.5575 342.3117 0046765 181.1790 178.7751  1.00265204 26933
BADR-3 (ARABSAT-3A)     
1 25638U 99009A   26276.64439707 -.00000233  00000+0  00000+0 0  9991
2 25638  12.1101  31.5875 0001454 318.6401  44.7334  1.00177810101055
RADUGA-1 4              
1 25642U 99010A   26276.85766074 -.00000049  00000+0  00000+0 0  9996
2 25642  15.6650   0.6987 0006532 278.4239 111.4855  1.00190871101043
TELKOM 1                
1 25880U 99042A   26276.90400802  .00000009  00000+0  00000+0 0  9990
2 25880   7.9426  64.9801 0014869 257.0898  79.6228  1.00256121 99479
ABS-7                   
1 25894U 99046A   26277.24217228 -.00000247  00000+0  00000+0 0  9990
2 25894   6.7479  69.4035 0004486 161.0162 201.8001  0.99975274 98178
YAMAL 102               
1 25897U 99047B   26276.60827461 -.00000247  00000+0  00000+0 0  9999
2 25897  13.7772  11.8731 0001253 327.6743  45.1490  1.00001252 99084
ABS-6                   
1 25924U 99053A   26277.27197541 -.00000133  00000+0  00000+0 0  9994
2 25924   0.0389  92.5180 0001360 123.7895  53.6022  1.00271581 98936
UFO 10 (USA 146)        
1 25967U 99063A   26275.94483475 -.00000193  00000+0  00000+0 0  9994
2 25967   9.9447  26.6257 0004671 203.5503  98.8105  1.00273302 98420
GARUDA 1                
1 26089U 00011A   26277.14628196 -.00000169  00000+0  00000+0 0  9993
2 26089   9.9147  62.5015 0004791 167.8115 182.6364  0.99922219 42746
SL-12 R/B(2)            
1 26101U 00013D   26260.52822500  .00000097  00000+0  00000+0 0  9998
2 26101  14.3504   0.0814 0005814  79.6760 305.1231  1.00755925 97572
ASIASTAR                
1 26107U 00016A   26276.82624502 -.00000342  00000+0  00000+0 0  9993
2 26107   9.3796  56.9607 0004268 145.3772 212.6672  1.00271736 97003
GALAXY 4R (G-4R)        
1 26298U 00020A   26277.16937194 -.00000290  00000+0  00000+0 0  9993
2 26298  12.8850  23.2117 0008056 212.7674 162.6834  0.99841082 96711
IUS R/B(2)              
1 26359U 00024D   26276.68745168 -.00000303  00000+0  00000+0 0  9994
2 26359  13.4095  11.8100 0005563 188.0978 171.9042  0.99705767 26451
GORIZONT 33             
1 26372U 00029A   26273.98389257  .00000075  00000+0  00000+0 0  9992
2 26372  13.9318   6.0117 0003515 241.8155 133.1791  1.00212828 96499
FENGYUN 2B              
1 26382U 00032A   26277.31070573 -.00000110  00000+0  00000+0 0  9997
2 26382  13.3771  16.0740 0003388 286.0325  80.9327  1.00069636 96028
TDRS 8                  
1 26388U 00034A   26276.86460657 -.00000203  00000+0  00000+0 0  9993
2 26388  12.8534  30.3801 0001498 150.9529 227.2039  1.00277041 96271
COSMOS 2371             
1 26394U 00036A   26276.85786154 -.00000090  00000+0  00000+0 0  9998
2 26394  14.0511   6.6864 0003362 195.3960 191.2992  1.00281449 96136
SL-12 R/B(2)            
1 26397U 00036D   26259.13656122 -.00000264  00000+0  00000+0 0  9997
2 26397  14.0108   6.6925 0015839  81.5439 282.3943  1.00196590 48247
FENGYUN 2B AKM          
1 26460U 00032C   26276.63895558 -.00000380  00000+0  00000+0 0  9995
2 26460  14.4804   5.3816 0021685  44.8000 315.3871  1.00167740123271
RADUGA-1 5              
1 26477U 00049A   26276.95443900  .00000034  00000+0  00000+0 0  9991
2 26477  14.0289   7.2433 0000711  94.6181 313.0256  1.00215681 95513
NSS-11                  
1 26554U 00059A   26277.24951844  .00000012  00000+0  00000+0 0  9998
2 26554   2.4017  79.9524 0003207 130.2619  68.5839  1.00272316 42386
USA 153                 
1 26575U 00065A   26276.68853799 -.00000332  00000+0  00000+0 0  9991
2 26575  11.8108  34.4972 0001264 131.3605 228.7238  1.00277392 34018
AMC-6                   
1 26580U 00067A   26277.30767894  .00000074  00000+0  00000+0 0  9991
2 26580   0.4258  83.2925 0004866 127.6046 137.8337  1.00270626 94987
USA 157 (MILSTAR-2 2)   
1 26715U 01009A   26277.25307899  .00000101  00000+0  00000+0 0  9998
2 26715  11.6637  19.0633 0043074 181.6653 113.2789  1.00273452 34032
TITAN 4 CENTAUR R/B     
1 26716U 01009B   26276.71479969 -.00000360  00000+0  00000+0 0  9995
2 26716  12.7108  11.5988 0014695 152.1593 207.9297  1.00487621 27347
IUS R/B(2)              
1 26883U 01033D   26275.84152789  .00000063  00000+0  00000+0 0  9997
2 26883  13.0277  15.9445 0006356  10.3870 349.6353  0.99885986 26863
COSMOS 2379             
1 26892U 01037A   26276.74800645 -.00000379  00000+0  00000+0 0  9993
2 26892  13.3544  13.4640 0007310 239.9127 151.8454  1.00219913 91959
SL-12 R/B(2)            
1 26895U 01037D   26258.93983348  .00000120  00000+0  00000+0 0  9992
2 26895  13.3383  13.8405 0019264  85.6746 274.4291  1.00219829 91700
INTELSAT 902 (IS-902)   
1 26900U 01039A   26277.33540234 -.00000294  00000+0  00000+0 0  9992
2 26900   6.3863  70.4028 0003985 124.9354 248.3665  1.00273497 91792
ECHOSTAR 7              
1 27378U 02006A   26277.31762943 -.00000083  00000+0  00000+0 0  9994
2 27378   4.2890  75.9831 0002504 134.9189  90.9266  0.99849525 51628
INTELSAT 904 (IS-904)   
1 27380U 02007A   26276.74257344 -.00000234  00000+0  00000+0 0  9996
2 27380   7.1857  67.8347 0003594 137.4952  42.9707  1.00271570 52859
DIRECTV 5 (TEMPO 1)     
1 27426U 02023A   26277.26689855 -.00000069  00000+0  00000+0 0  9995
2 27426   5.1505  73.8906 0003333 129.3742 155.7037  1.00271277 89217
INTELSAT 905 (IS-905)   
1 27438U 02027A   26277.19362778  .00000083  00000+0  00000+0 0  9991
2 27438   7.0218  68.4374 0003836 158.6024  78.3693  1.00271517 52458
GALAXY 3C (G-3C)        
1 27445U 02030A   26277.33547413 -.00000165  00000+0  00000+0 0  9992
2 27445   4.0190  76.6062 0001125  60.7906 261.5838  1.00271218 47581
INTELSAT 906 (IS-906)   
1 27513U 02041A   26276.90409469  .00000003  00000+0  00000+0 0  9990
2 27513   6.0725  71.5323 0003523 139.4140 191.3144  1.00271519 88113
EUTELSAT 33B            
1 27554U 02051A   26277.06780978  .00000106  00000+0  00000+0 0  9995
2 27554   9.2335  58.6554 0008558 329.2978  28.5415  1.00292053 49882
NIMIQ 2                 
1 27632U 02062A   26276.86980069 -.00000078  00000+0  00000+0 0  9993
2 27632   9.6936  55.7139 0005817 137.0573  23.7690  1.00272477 45277
USA 167                 
1 27691U 03008A   26277.29003690 -.00000003  00000+0  00000+0 0  9991
2 27691  11.1752  42.3996 0003582 275.3161  37.6422  1.00271802  7866
TITAN 4 CENTAUR R/B     
1 27712U 03012B   26268.89295803  .00000006  00000+0  00000+0 0  9997
2 27712  11.2903  22.6096 0023425 278.7603  81.0144  1.00596009 26805
INSAT-3A                
1 27714U 03013A   26276.77654692 -.00000335  00000+0  00000+0 0  9997
2 27714   9.0862  59.7705 0003744 324.4687  48.2192  0.99810261 85817
ASIASAT 4               
1 27718U 03014A   26277.32099845 -.00000233  00000+0  00000+0 0  9994
2 27718   4.9768  74.3183 0002758 122.7190  79.1093  1.00272198 46392
SL-12 R/B(2)            
1 27780U 03015F   26276.76900689 -.00000324  00000+0  00000+0 0  9999
2 27780  12.8712  19.5710 0009146  42.6010 329.4908  1.00180983 85595
GSAT-2                  
1 27807U 03018A   26276.70348659 -.00000362  00000+0  00000+0 0  9991
2 27807  11.3838  40.7120 0009919 344.7728  11.2536  0.99853812 85519
HELLAS-SAT 2            
1 27811U 03020A   26277.14628196 -.00000093  00000+0  00000+0 0  9996
2 27811   7.6202  66.5368 0009021 153.9426 195.0807  1.00271342 43933
THURAYA-2               
1 27825U 03026A   26276.97125104  .00000116  00000+0  00000+0 0  9993
2 27825   9.0072  31.4281 0000191 155.4835 219.4331  1.00272936 85449
OPTUS C1                
1 27831U 03028B   26277.25163873 -.00000162  00000+0  00000+0 0  9991
2 27831   7.1571  68.0411 0005588 127.7673  63.4771  1.00270015 54152
USA 170                 
1 27875U 03040A   26276.95851464  .00000118  00000+0  00000+0 0  9999
2 27875  10.7278  46.8876 0002395 185.1575 149.8785  1.00276139 34082
GALAXY 13 (HORIZONS-1)  
1 27954U 03044A   26277.28969369  .00000119  00000+0  00000+0 0  9993
2 27954   1.6945  82.2926 0002289 132.5299 112.4586  1.00271624 47668
YAMAL 202               
1 28089U 03053A   26277.19211183 -.00000090  00000+0  00000+0 0  9996
2 28089   6.6105  69.5659 0004945 132.7502  43.3265  1.00272444 83793
YAMAL 201               
1 28094U 03053B   26276.86807943 -.00000251  00000+0  00000+0 0  9999
2 28094   9.8568  54.3782 0006940 140.7758 220.7089  1.00288283 85970
UFO 11 (USA 174)        
1 28117U 03057A   26276.85652434 -.00000111  00000+0  00000+0 0  9996
2 28117   9.0577  33.2418 0003986 170.1307 192.9167  1.00271383 83545
SL-12 R/B(2)            
1 28139U 03060D   26258.87110583 -.00000033  00000+0  00000+0 0  9993
2 28139  13.6376  13.0472 0019232 236.7153 124.0090  1.00322021 82942
IUS R/B(2)              
1 28161U 04004D   26276.52973773 -.00000036  00000+0  00000+0 0  9990
2 28161  12.3265  25.4631 0004264  25.8793 334.1535  0.99828306 26478
ABS-4 (MOBISAT-1)       
1 28184U 04007A   26277.04595806  .00000028  00000+0  00000+0 0  9993
2 28184   6.3105  70.6326 0005249 126.3970 253.2697  1.00272148 53436
RADUGA-1 7              
1 28194U 04010A   26273.97239461  .00000082  00000+0  00000+0 0  9998
2 28194  13.8001  19.8831 0005579 234.3854 122.3077  1.00262676 82477
SL-12 R/B(2)            
1 28240U 04015D   26276.60840916 -.00000092  00000+0  00000+0 0  9993
2 28240  13.4133  13.5380 0016526 331.2524  41.8565  1.00706508 82504
INTELSAT 10-02          
1 28358U 04022A   26276.89118130 -.00000024  00000+0  00000+0 0  9993
2 28358   0.0138 239.6951 0000421  34.3240  58.4177  1.00271832 81643
ANIK F2                 
1 28378U 04027A   26277.28253559 -.00000062  00000+0  00000+0 0  9991
2 28378   3.5618  77.9979 0003064 104.9349 180.6789  1.00271402 42354
AMC-15                  
1 28446U 04041A   26277.26014606 -.00000103  00000+0  00000+0 0  9995
2 28446   0.0450  32.7708 0002069 180.4317 148.3639  1.00270863 80394
SL-12 R/B(2)            
1 28466U 04043D   26258.87119250  .00000005  00000+0  00000+0 0  9996
2 28466  13.3012  15.7798 0007982 170.6799 187.7780  1.00105889 80019
NSS-10                  
1 28526U 05003A   26277.24026560 -.00000262  00000+0  00000+0 0  9999
2 28526   6.7178  69.0853 0003450 128.0522 224.8718  1.00270946 54243
INMARSAT 4-F1           
1 28628U 05009A   26277.17961481  .00000022  00000+0  00000+0 0  9993
2 28628   5.3209  42.8179 0003099 165.7776  47.0762  1.00271424 78763
SL-12 R/B(2)            
1 28634U 05010F   26260.99618221  .00000102  00000+0  00000+0 0  9994
2 28634  13.2218  17.7021 0022343 268.8101 115.6527  1.00291006 78630
DIRECTV 8               
1 28659U 05019A   26276.48721926 -.00000010  00000+0  00000+0 0  9997
2 28659   0.0142 123.0928 0003025  71.4226 234.0486  1.00271463 78158
GALAXY 28 (G-28)        
1 28702U 05022A   26277.09977830 -.00000212  00000+0  00000+0 0  9999
2 28702   3.5726  77.5100 0001742 118.5819 185.5504  1.00270718 53069
SL-12 R/B(2)            
1 28704U 05023H   26274.91544594  .00000012  00000+0  00000+0 0  9994
2 28704  13.0180  18.0203 0011146 329.3379  41.1821  1.00814947 78285
THAICOM 4               
1 28786U 05028A   26277.27137909 -.00000376  00000+0  00000+0 0  9993
2 28786   0.5209  84.1687 0000502 168.3446 337.6705  1.00271570 53341
ANIK F1R                
1 28868U 05036A   26277.30847668 -.00000087  00000+0  00000+0 0  9996
2 28868   4.5866  75.1560 0002372  73.5067 228.1079  1.00271249 47544
SYRACUSE 3A             
1 28885U 05041B   26254.51939881  .00000114  00000+0  00000+0 0  9998
2 28885   4.8548  74.7263 0002457 106.5771  42.9291  1.00275934 76614
INMARSAT 4-F2           
1 28899U 05044A   26276.70591326 -.00000269  00000+0  00000+0 0  9991
2 28899   5.2367  43.7243 0002820 165.6494 200.6850  1.00271954 76611
METEOSAT-9 (MSG-2)      
1 28912U 05049B   26276.71978767  .00000116  00000+0  00000+0 0  9991
2 28912   9.6037  53.0646 0001359   3.3230 260.8558  1.00270622  8082
EUTELSAT 174A           
1 28924U 05052A   26277.17961481 -.00000003  00000+0  00000+0 0  9990
2 28924   4.4891  75.1108 0006158 119.7438  56.6862  1.00271250 53423
ECHOSTAR 10             
1 28935U 06003A   26277.25574072 -.00000069  00000+0  00000+0 0  9996
2 28935   0.0460  25.3960 0001554 144.9176 184.5122  1.00271294 75552
SPAINSAT                
1 28945U 06007A   26277.04836868 -.00000230  00000+0  00000+0 0  9992
2 28945   0.8382  84.5202 0005147 118.6983 156.7754  1.00271175 75309
EKRAN 2 DEB             
1 29014U 77092K   26277.27224576 -.00000377  00000+0  00000+0 0  9996
2 29014   3.8592 272.7776 0020641 349.0901 333.1670  1.00134199 48364
JCSAT-5A                
1 29045U 06010A   26277.27389243 -.00000341  00000+0  00000+0 0  9996
2 29045   1.3835  82.7107 0001168  77.6126  83.2989  1.00268113 74868
ASTRA 1KR               
1 29055U 06012A   26276.96639767  .00000106  00000+0  00000+0 0  9991
2 29055   0.7486  82.4083 0003634 116.2344 180.9393  1.00269919 46785
GALAXY 16 (G-16)        
1 29236U 06023A   26277.31148287 -.00000141  00000+0  00000+0 0  9996
2 29236   0.0132 169.5228 0002717  26.7986 189.8424  1.00270976 74063
EUTELSAT 33F            
1 29270U 06032A   26277.18297868  .00000143  00000+0  00000+0 0  9990
2 29270   1.9371  80.8362 0003421 115.0960 275.9267  1.00270602 48404
JCSAT-3A                
1 29272U 06033A   26277.04766889 -.00000358  00000+0  00000+0 0  9991
2 29272   0.0206 268.9735 0002390 290.9360 318.0099  1.00273104 48836
KOREASAT 5 (MUGUNGWHA 5)
1 29349U 06034A   26276.95877830 -.00000370  00000+0  00000+0 0  9999
2 29349   2.0583  81.4322 0002218 167.7835 221.6891  1.00271794 42418
ZHONGXING-22A           
1 29398U 06038A   26276.72188131 -.00000321  00000+0  00000+0 0  9997
2 29398  11.6857  36.4145 0004424 169.5906 171.5289  1.00074544 73462
OPTUS D1                
1 29495U 06043B   26277.25511378 -.00000195  00000+0  00000+0 0  9992
2 29495   3.3092  78.2087 0003729 113.5049  65.0846  1.00272767 73218
BADR-4                  
1 29526U 06051A   26277.18323868  .00000143  00000+0  00000+0 0  9995
2 29526   2.2797  79.7642 0004964 117.5144 276.0862  1.00273302 52369
MEASAT-3                
1 29648U 06056A   26277.27501911 -.00000346  00000+0  00000+0 0  9998
2 29648   5.0034  74.7138 0004972 178.5114 356.4719  0.99751362 51476
SKYNET 5A               
1 30794U 07007B   26276.98130442 -.00000282  00000+0  00000+0 0  9992
2 30794   5.5713  72.3588 0003538 130.7622 258.0657  1.00270910 71796
ANIK F3                 
1 31102U 07009A   26277.30411079 -.00000014  00000+0  00000+0 0  9996
2 31102   1.4734  82.3298 0002696 107.8541 173.6184  1.00270533 47652
ASTRA 1L                
1 31306U 07016A   26276.95781764 -.00000196  00000+0  00000+0 0  9992
2 31306   1.5959  80.4299 0004838 116.9412 135.6182  1.00271926 46074
GALAXY 17 (G-17)        
1 31307U 07016B   26277.20319219 -.00000218  00000+0  00000+0 0  9999
2 31307   3.2409  78.4341 0004479 149.0553 133.5916  1.00270660 70896
NIGCOMSAT 1             
1 31395U 07018A   26276.81384190  .00000065  00000+0  00000+0 0  9993
2 31395  12.0418  31.9718 0006016 131.4627 197.4144  1.00213852 71140
WGS F1 (USA 195)        
1 32258U 07046A   26276.81164708 -.00000280  00000+0  00000+0 0  9994
2 32258   0.0429  91.1666 0000725 153.0580  17.9796  1.00271292 53429
SKYNET 5B               
1 32294U 07056B   26277.18133201  .00000129  00000+0  00000+0 0  9991
2 32294   5.5219  72.1422 0003731 126.0149 265.0944  1.00272871 69293
ASTRA 4A                
1 32299U 07057A   26277.13517197  .00000019  00000+0  00000+0 0  9990
2 32299   0.0458  51.6108 0002749 157.8896 216.8171  1.00270560 52735
HORIZONS-2              
1 32388U 07063B   26277.23314685 -.00000266  00000+0  00000+0 0  9999
2 32388   2.8767  79.1768 0002042 142.3610 161.5585  1.00269800 68909
THURAYA-3               
1 32404U 08001A   26276.90392135  .00000000  00000+0  00000+0 0  9995
2 32404   6.1731  35.8284 0003174 200.6903 165.2193  1.00269857 68580
EXPRESS-AM33            
1 32478U 08003A   26277.24754565 -.00000024  00000+0  00000+0 0  9992
2 32478   5.0740  73.9093 0015178 173.5102 214.2235  1.00247414 54836
THOR 5                  
1 32487U 08006A   26277.24754565 -.00000023  00000+0  00000+0 0  9994
2 32487   0.0096 202.8702 0002533   3.7564 254.6966  1.00271155 68408
KIZUNA (WINDS)          
1 32500U 08007A   26277.10948501  .00000122  00000+0  00000+0 0  9990
2 32500   8.7889  60.9076 0003204 142.4996 230.9703  1.00339107 67993
AMC-14                  
1 32708U 08011A   26276.74685429 -.00000354  00000+0  00000+0 0  9999
2 32708  24.1340  19.2072 0034883 359.9850  25.6937  1.00430306 69264
DIRECTV 11              
1 32729U 08013A   26277.31148325 -.00000140  00000+0  00000+0 0  9990
2 32729   0.0413  23.7604 0000138 264.7618  97.4541  1.00269862 46689
ICO G1                  
1 32763U 08016A   26277.31405447 -.00000183  00000+0  00000+0 0  9999
2 32763   5.5454  35.7878 0002570 137.2926 220.1609  1.00272539 67639
VINASAT-1               
1 32767U 08018A   26277.27380576 -.00000342  00000+0  00000+0 0  9992
2 32767   0.0179  87.4516 0002041 131.4588  24.5983  1.00271681 67686
STAR ONE C2             
1 32768U 08018B   26277.23493545 -.00000290  00000+0  00000+0 0  9992
2 32768   1.5125  81.1777 0002567 126.0337 185.3353  1.00270437 67741
AMOS-3                  
1 32794U 08022A   26277.04933807 -.00000129  00000+0  00000+0 0  9996
2 32794   0.7293  84.3405 0001476  83.8988 300.3025  1.00270879 83439
GALAXY 18 (G-18)        
1 32951U 08024A   26276.58189271  .00000013  00000+0  00000+0 0  9990
2 32951   0.0175 169.8383 0003086  30.8821 258.0699  1.00273868 46949
ZHONGXING-9             
1 33051U 08028A   26277.05219809 -.00000262  00000+0  00000+0 0  9997
2 33051   1.0388  83.6507 0008151 147.9191 252.3989  1.00270400 67139
SKYNET 5C               
1 33055U 08030A   26277.14628196 -.00000151  00000+0  00000+0 0  9994
2 33055   4.0623  75.6603 0003641 120.0435 212.0528  1.00270256 67049
TURKSAT 3A              
1 33056U 08030B   26276.82837382  .00000134  00000+0  00000+0 0  9998
2 33056   0.0573  74.6950 0004074 107.6445 170.4195  1.00268684 53445
COSMOS 2440             
1 33108U 08033A   26276.90634803 -.00000115  00000+0  00000+0 0  9991
2 33108  10.7869  40.1834 0005783 197.1096 177.7608  1.00260584 66884
SL-12 R/B(2)            
1 33111U 08033D   26276.90678137 -.00000143  00000+0  00000+0 0  9994
2 33111  10.7688  40.3146 0030299 341.1622  35.5842  1.00307868 66902
ECHOSTAR 11             
1 33207U 08035A   26277.25563506 -.00000071  00000+0  00000+0 0  9994
2 33207   1.2807  82.6730 0002442 114.7323 157.7943  1.00271354 52303
SUPERBIRD-C2            
1 33274U 08038A   26276.81642087 -.00000317  00000+0  00000+0 0  9997
2 33274   2.6348  79.7959 0005243  82.9278 279.7471  1.00272170106824
INMARSAT 4-F3           
1 33278U 08039A   26277.33693825 -.00000152  00000+0  00000+0 0  9993
2 33278   4.3993  31.8045 0003105 177.9588 186.5961  1.00271366 47641
NIMIQ 4                 
1 33373U 08044A   26277.18841862 -.00000234  00000+0  00000+0 0  9995
2 33373   0.0672  83.6736 0002349  88.8384 186.2283  1.00273064 66078
GALAXY 19 (G-19)        
1 33376U 08045A   26277.31214933 -.00000154  00000+0  00000+0 0  9998
2 33376   0.0124 222.4828 0002535 332.7105 193.2169  1.00271632 65997
ASTRA 1M                
1 33436U 08057A   26277.25153234  .00000107  00000+0  00000+0 0  9994
2 33436   0.5715  82.3851 0003672 116.3322 284.2079  1.00273887 46831
FENGYUN 2D DEB          
1 33458U 06053D   26276.85368104 -.00000049  00000+0  00000+0 0  9997
2 33458  11.8554  36.2143 0023192  24.9976 326.9466  1.00293889 66460
EUTELSAT HOTBIRD 13C    
1 33459U 08065A   26277.23775226 -.00000295  00000+0  00000+0 0  9996
2 33459   3.2247  77.7973 0003887 125.4657 204.9962  1.00270856 48430
EXPRESS-AM44            
1 33595U 09007A   26277.17422530 -.00000101  00000+0  00000+0 0  9990
2 33595   3.7362  76.9729 0003629 121.4413 226.2093  1.00271505 53377
NSS-9                   
1 33749U 09008A   26277.12197568  .00000059  00000+0  00000+0 0  9998
2 33749   1.5364  81.3354 0002175 106.9978  51.4936  1.00269710 64617
TELSTAR 11N             
1 34111U 09009A   26277.24026560 -.00000265  00000+0  00000+0 0  9999
2 34111   0.0372  84.3576 0002654 115.7515 221.7921  1.00271689 47334
RADUGA-1 8              
1 34264U 09010A   26276.87173744 -.00000164  00000+0  00000+0 0  9993
2 34264  12.3230  40.6585 0010148  29.4216 348.1152  0.99816388 64262
SL-12 R/B(2)            
1 34265U 09010B   26276.87726904 -.00000230  00000+0  00000+0 0  9990
2 34265  12.3151  40.5880 0002363 290.3356  92.5206  0.99994812 64287
WGS F2 (USA 204)        
1 34713U 09017A   26277.24280987  .00000000  00000+0  00000+0 0  9997
2 34713   0.0158 184.0323 0000360  47.9749 285.8590  1.00270985 46711
SES-7 (PROTOSTAR 2)     
1 34941U 09027A   26276.95877830 -.00000358  00000+0  00000+0 0  9994
2 34941   0.0491  66.6274 0001812 185.3924 214.0722  1.00270617 63722
MEASAT-3A               
1 35362U 09032A   26277.31905853 -.00000124  00000+0  00000+0 0  9997
2 35362   0.0434  10.9992 0002953 184.8314  92.0913  1.00271502  9124
EWS-G3 (GOES 14)        
1 35491U 09033A   26277.22614139 -.00000002  00000+0  00000+0 0  9990
2 35491   1.9651  81.4783 0002270 117.4563 324.4963  1.00070174  7687
FM-5                    
1 35493U 09034A   26277.18756182 -.00000214  00000+0  00000+0 0  9998
2 35493   0.0222 254.6864 0000065 185.7870 273.8111  1.00271926 47736
TERRESTAR-1             
1 35496U 09035A   26277.10234962 -.00000067  00000+0  00000+0 0  9997
2 35496   5.2503  48.6354 0001730 119.1652 130.8639  1.00272431 63223
ASIASAT 5               
1 35696U 09042A   26277.05375809 -.00000321  00000+0  00000+0 0  9990
2 35696   0.0431  93.2313 0001738  88.8950 310.5152  1.00271263 62813
JCSAT-12 (JCSAT-RA)     
1 35755U 09044A   26277.27389243 -.00000342  00000+0  00000+0 0  9992
2 35755   0.0132 122.4700 0001842 108.4851  12.6848  1.00271552 62708
OPTUS D3                
1 35756U 09044B   26277.33359376 -.00000161  00000+0  00000+0 0  9993
2 35756   0.7693 267.8225 0004314 289.8499  91.6219  1.00271398 62665
NIMIQ 5                 
1 35873U 09050A   26277.23299564 -.00000271  00000+0  00000+0 0  9993
2 35873   0.0391  83.1869 0002788 110.8362 190.1058  1.00271708 62437
AMAZONAS 2              
1 35942U 09054A   26277.23307323 -.00000272  00000+0  00000+0 0  9998
2 35942   2.0907  81.4943 0003353 113.1394 190.2394  1.00271023 62279
COMSATBW-1              
1 35943U 09054B   26277.11763172  .00000011  00000+0  00000+0 0  9994
2 35943   0.0137 175.8866 0003323  31.5062 270.8066  1.00269338 62409
NSS-12                  
1 36032U 09058A   26277.24280987  .00000058  00000+0  00000+0 0  9991
2 36032   0.0651  74.7887 0002526  86.6983 355.8784  1.00270727 62019
THOR 6                  
1 36033U 09058B   26276.89118130 -.00000023  00000+0  00000+0 0  9995
2 36033   0.0127 173.4888 0001840  12.0310 147.0840  1.00270357 62092
INTELSAT 14 (IS-14)     
1 36097U 09064A   26277.23879227 -.00000287  00000+0  00000+0 0  9994
2 36097   0.1901  83.6754 0002622 123.4244 206.8213  1.00271086 61692
EUTELSAT 36B            
1 36101U 09065A   26277.18644537  .00000099  00000+0  00000+0 0  9999
2 36101   0.7601  80.9856 0005859 115.5451 293.9825  1.00272735 61802
INTELSAT 15 (IS-15)     
1 36106U 09067A   26277.06433941 -.00000198  00000+0  00000+0 0  9999
2 36106   0.0216  93.3633 0002718 121.5210 266.2034  1.00270571 42321
WGS F3 (USA 211)        
1 36108U 09068A   26277.07168437  .00000008  00000+0  00000+0 0  9997
2 36108   0.3032  84.4275 0000478 165.8179  26.0733  1.00270703 47680
DIRECTV 12              
1 36131U 09075A   26277.31014582  .00000000  00000+0  00000+0 0  9991
2 36131   0.0096  82.2629 0000231  98.9856 200.6749  1.00270168 47645
BEIDOU-2 G1             
1 36287U 10001A   26277.33739745 -.00000291  00000+0  00000+0 0  9994
2 36287   4.5459  59.9265 0002629 241.9394 333.1309  1.00272382 61264
SDO                     
1 36395U 10005A   26277.11916721 -.00000067  00000+0  00000+0 0  9996
2 36395  34.8784  84.6865 0001795  82.2635 147.2172  1.00273214 61154
EWS-G2 (GOES 15)        
1 36411U 10008A   26277.24280987  .00000008  00000+0  00000+0 0  9994
2 36411   1.5722  81.7392 0004800  93.6919 348.2543  1.00272449 60737
ECHOSTAR 14             
1 36499U 10010A   26277.01033789 -.00000013  00000+0  00000+0 0  9991
2 36499   0.0339  81.7905 0002202  91.3796  84.4035  1.00272105 47642
SES-1                   
1 36516U 10016A   26277.32956500 -.00000129  00000+0  00000+0 0  9994
2 36516   0.0327 283.2921 0002602 274.7787 192.6152  1.00270968 60122
ASTRA 3B                
1 36581U 10021A   26277.10669667  .00000125  00000+0  00000+0 0  9998
2 36581   1.7438  82.0360 0002950  85.2506 267.4729  1.00275119 59950
COMSATBW-2              
1 36582U 10021B   26276.86086704  .00000076  00000+0  00000+0 0  9991
2 36582   0.0403  99.2049 0003171 118.9795 117.5214  1.00272903 60043
BEIDOU-2 G3             
1 36590U 10024A   26276.91662228 -.00000146  00000+0  00000+0 0  9999
2 36590   4.7690  60.9188 0003793 354.3004   7.0459  1.00271027 59867
BADR-5                  
1 36592U 10025A   26276.75717345  .00000141  00000+0  00000+0 0  9999
2 36592   0.0516 119.3465 0008436 102.6080  93.6121  1.00268902 54308
ARABSAT-5A              
1 36745U 10032B   26277.18245868  .00000140  00000+0  00000+0 0  9990
2 36745   0.3126  77.7538 0003648 109.9578 281.3653  1.00271984 59741
ECHOSTAR 15             
1 36792U 10034A   26277.29547252 -.00000015  00000+0  00000+0 0  9990
2 36792   0.0404  56.8846 0002408 106.5071 197.1833  1.00271943 59416
NILESAT 201             
1 36830U 10037A   26277.17500531 -.00000071  00000+0  00000+0 0  9994
2 36830   0.0221 144.5320 0005608  46.0839 238.2768  1.00272049 59460
RASCOM-QAF 1R           
1 36831U 10037B   26277.24823898  .00000005  00000+0  00000+0 0  9993
2 36831   0.0285 114.8954 0005270  83.1943 267.1294  1.00272600 59409
AEHF-1 (USA 214)        
1 36868U 10039A   26276.99435699  .00000138  00000+0  00000+0 0  9991
2 36868   8.4925  66.6187 0004070 131.4908 202.5068  1.00273027 54747
ZHONGXING-6A            
1 37150U 10042A   26277.14146516 -.00000040  00000+0  00000+0 0  9998
2 37150   4.5006  75.7982 0002917 180.3887 350.9263  0.99704652 58963
XM-5                    
1 37185U 10053A   26276.65469304 -.00000036  00000+0  00000+0 0  9991
2 37185   0.0691 269.7036 0000311 292.2433 290.9399  1.00275815 58570
BSAT-3B                 
1 37207U 10056B   26277.26938575 -.00000364  00000+0  00000+0 0  9992
2 37207   0.0134 194.3676 0004568  22.9442   2.4909  1.00271848 53194
BEIDOU-2 G4             
1 37210U 10057A   26277.30380183 -.00000124  00000+0  00000+0 0  9992
2 37210   3.9123  68.1477 0009060 181.6726  32.5633  1.00272625 58383
SKYTERRA 1              
1 37218U 10061A   26277.31092552 -.00000129  00000+0  00000+0 0  9991
2 37218   5.3561  50.5760 0002791 132.6443 200.4209  1.00271056 58280
HYLAS 1                 
1 37237U 10065A   26277.20334544 -.00000318  00000+0  00000+0 0  9994
2 37237   5.9134  71.6214 0001603 110.4052  39.8622  1.00270819  7982
INTELSAT 17 (IS-17)     
1 37238U 10065B   26277.11823839 -.00000016  00000+0  00000+0 0  9990
2 37238   0.0215 242.9370 0002412 304.5366 293.9187  1.00274010 54346
EUTELSAT KA-SAT 9A      
1 37258U 10069A   26276.86086704  .00000049  00000+0  00000+0 0  9994
2 37258   0.0779 355.0789 0005237 170.4128 166.0198  1.00270541 45096
HISPASAT 30W-5          
1 37264U 10070A   26277.24173895 -.00000230  00000+0  00000+0 0  9997
2 37264   0.0418 110.5268 0005383  73.5946 245.8595  1.00272221 54276
KOREASAT 6              
1 37265U 10070B   26277.30349493 -.00000126  00000+0  00000+0 0  9998
2 37265   0.0167 156.0646 0002704  65.1962  60.8851  1.00271710 57862
ELEKTRO-L 1 (GOMS 2)    
1 37344U 11001A   26276.64843131  .00000116  00000+0  00000+0 0  9993
2 37344   9.9287  53.3660 0002907  47.3359 353.7701  1.00189879 57573
BEIDOU-2 IGSO-3         
1 37384U 11013A   26277.26912575 -.00000176  00000+0  00000+0 0  9995
2 37384  62.5682  39.1344 0034854 185.0232 352.6809  1.00286657 56756
INTELSAT 28 (IS-28)     
1 37392U 11016A   26277.24139228 -.00000238  00000+0  00000+0 0  9990
2 37392   2.0813  81.1288 0003701 121.6149 225.4108  1.00270989 54370
YAHSAT 1A               
1 37393U 11016B   26277.11555171  .00000087  00000+0  00000+0 0  9997
2 37393   0.0112 205.8733 0001925 352.3133 268.7427  1.00272313 43503
SBIRS GEO-1 (USA 230)   
1 37481U 11019A   26276.78107247  .00000090  00000+0  00000+0 0  9991
2 37481   4.7746  52.9543 0001826 145.4373 147.1019  1.00271820 56482
GSAT-8                  
1 37605U 11022A   26277.18731204  .00000072  00000+0  00000+0 0  9994
2 37605   2.4057  80.3431 0007250 163.3529 251.7277  1.00270463 54310
ST-2                    
1 37606U 11022B   26277.06433941 -.00000225  00000+0  00000+0 0  9990
2 37606   0.0171 191.5582 0002080  32.7099 259.6737  1.00273333 56376
SES-3                   
1 37748U 11035A   26277.31003103 -.00000115  00000+0  00000+0 0  9990
2 37748   1.6022  81.6590 0002743 134.6417 165.3342  1.00271520 55689
KAZSAT-2                
1 37749U 11035B   26277.12231175 -.00000212  00000+0  00000+0 0  9990
2 37749   0.0399 337.2830 0001426 269.6665 256.4422  1.00271894 54491
ASTRA 1N                
1 37775U 11041A   26276.11711588  .00000110  00000+0  00000+0 0  9991
2 37775   0.1020  44.9672 0003991 127.5287 260.7294  1.00269332 45601
BSAT-3C (JCSAT-110R)    
1 37776U 11041B   26277.26938575 -.00000365  00000+0  00000+0 0  9999
2 37776   0.0490  37.7098 0000150 250.6055 291.5973  1.00272375 51568
ZHONGXING-1A            
1 37804U 11047A   26277.04223137  .00000138  00000+0  00000+0 0  9991
2 37804   3.9922  76.9267 0002089 214.1575 139.1673  1.00027508 28418
COSMOS 2473             
1 37806U 11048A   26277.07265152  .00000113  00000+0  00000+0 0  9993
2 37806   5.8485  72.0731 0007047 145.2256  17.1294  1.00299428  8567
SES-2                   
1 37809U 11049A   26277.18709771 -.00000209  00000+0  00000+0 0  9996
2 37809   0.3320  86.5514 0002963 111.8347 154.8729  1.00271273 55055
ARABSAT-5C              
1 37810U 11049B   26277.18037867  .00000110  00000+0  00000+0 0  9998
2 37810   0.0556  12.2252 0003960 191.2454 254.3572  1.00270971 55134
EUTELSAT 7 WEST A       
1 37816U 11051A   26277.24624564 -.00000074  00000+0  00000+0 0  9990
2 37816   0.0680 346.8088 0006517 202.8556 264.6331  1.00270914 54979
QUETZSAT 1              
1 37826U 11054A   26277.31576279 -.00000256  00000+0  00000+0 0  9993
2 37826   0.0425  45.4644 0002877 161.5441 202.6956  1.00270303 50968
INTELSAT 18 (IS-18)     
1 37834U 11056A   26277.17961481  .00000039  00000+0  00000+0 0  9999
2 37834   0.0238 255.5385 0002265 314.0213  47.9919  1.00269807 54902
EUTELSAT 16A            
1 37836U 11057A   26277.13517197 -.00000013  00000+0  00000+0 0  9992
2 37836   0.1400  69.8921 0005614 118.9646 239.0798  1.00022930  8429
VIASAT-1                
1 37843U 11059A   26277.07183738 -.00000037  00000+0  00000+0 0  9991
2 37843   0.0196 215.0305 0002215 340.9178  87.5990  1.00271671 48411
ASIASAT 7               
1 37933U 11069A   26277.26851907 -.00000348  00000+0  00000+0 0  9998
2 37933   0.0541  78.1196 0001537  95.3178  41.7189  1.00272983 45953
AMOS-5                  
1 37950U 11074A   26277.04162470  .00000136  00000+0  00000+0 0  9993
2 37950   9.0759  59.5182 0002069 119.9514 247.6644  1.00195142 54097
LUCH-5A                 
1 37951U 11074B   26277.20949881 -.00000057  00000+0  00000+0 0  9994
2 37951   9.0248  72.1810 0004573 140.7097  42.5326  1.00274298 54145
NIGCOMSAT 1R            
1 38014U 11077A   26277.18488536  .00000131  00000+0  00000+0 0  9992
2 38014   0.0137 187.0311 0003149 136.6916 158.2176  1.00270657 54051
WGS F4 (USA 233)        
1 38070U 12003A   26277.06433941 -.00000227  00000+0  00000+0 0  9998
2 38070   0.0166 184.2837 0000275 156.8949 143.1798  1.00267361 45246
SES-4                   
1 38087U 12007A   26277.24338562 -.00000182  00000+0  00000+0 0  9993
2 38087   0.0209 330.7109 0002393 217.5968 250.2836  1.00270675 53313
BEIDOU-2 G5             
1 38091U 12008A   26277.11676505  .00000045  00000+0  00000+0 0  9994
2 38091   3.8394  68.8832 0007741 233.0600 171.6196  1.00273996 53464
INTELSAT 22 (IS-22)     
1 38098U 12011A   26277.22614139 -.00000073  00000+0  00000+0 0  9994
2 38098   0.0179 230.6707 0001606 313.1474 342.6396  1.00271102  8283
COSMOS 2479             
1 38101U 12012A   26276.87800666 -.00000318  00000+0  00000+0 0  9994
2 38101   9.0971  55.2346 0005530 216.4297 154.5476  1.00390952 53188
SL-12 R/B(2)            
1 38104U 12012D   26277.31372326 -.00000182  00000+0  00000+0 0  9993
2 38104   9.0869  55.4242 0011213 300.8423  34.6049  1.00385478 53156
APSTAR-7                
1 38107U 12013A   26277.04899140 -.00000115  00000+0  00000+0 0  9991
2 38107   0.0112 200.6863 0002847   0.5966 265.6060  1.00271949 52912
YAHSAT 1B               
1 38245U 12016A   26276.89015608  .00000114  00000+0  00000+0 0  9996
2 38245   0.1056  86.4318 0001424 135.8093 158.4405  1.00271778 46691
AEHF-2 (USA 235)        
1 38254U 12019A   26277.24442562 -.00000145  00000+0  00000+0 0  9997
2 38254   6.8983  56.6117 0002801 151.5535 236.2601  1.00270267  8081
JCSAT-13                
1 38331U 12023A   26277.27224576 -.00000370  00000+0  00000+0 0  9994
2 38331   0.0359  82.6188 0002347 113.4618  38.9217  1.00272790 52645
VINASAT-2               
1 38332U 12023B   26277.27380576 -.00000343  00000+0  00000+0 0  9998
2 38332   0.0162  14.0085 0002102 179.4383  49.9618  1.00272029 47751
NIMIQ 6                 
1 38342U 12026A   26277.31639412 -.00000188  00000+0  00000+0 0  9990
2 38342   0.0411  65.3466 0002982 134.8599 195.6239  1.00270779 51518
ZHONGXING-2A            
1 38352U 12028A   26277.05332476 -.00000305  00000+0  00000+0 0  9995
2 38352   1.7282  82.2907 0002089 175.8056 232.1341  1.00271269 52395
INTELSAT 19 (IS-19)     
1 38356U 12030A   26277.32315558 -.00000071  00000+0  00000+0 0  9994
2 38356   0.0148 258.6387 0003102 302.6229  94.1099  1.00269860 51548
ECHOSTAR 17             
1 38551U 12035A   26277.13992213 -.00000089  00000+0  00000+0 0  9993
2 38551   0.0147 137.7888 0002069  58.1277 120.2088  1.00270503 52157
METEOSAT-10 (MSG-3)     
1 38552U 12035B   26277.24771898 -.00000017  00000+0  00000+0 0  9991
2 38552   4.9260  60.3975 0000987 148.2528 253.6166  1.00274089 51950
SES-5                   
1 38652U 12036A   26276.89230796  .00000000  00000+0  00000+0 0  9991
2 38652   0.0141 353.2306 0002334 206.8140 138.7568  1.00269504 45540
INTELSAT 20 (IS-20)     
1 38740U 12043A   26277.22614139 -.00000038  00000+0  00000+0 0  9994
2 38740   0.0232 132.7833 0001429  45.6286 344.4240  1.00271163 51845
HYLAS 2                 
1 38741U 12043B   26277.24702565  .00000001  00000+0  00000+0 0  9997
2 38741   2.7009  79.5994 0004909 167.3118 211.4404  1.00521713 51872
INTELSAT 21 (IS-21)     
1 38749U 12045A   26277.28647253 -.00000299  00000+0  00000+0 0  9993
2 38749   0.0192 223.9556 0002202 335.2659 218.9128  1.00271020 51613
ASTRA 2F                
1 38778U 12051A   26276.96042573  .00000137  00000+0  00000+0 0  9990
2 38778   0.0620 256.0845 0004232 315.4451 175.1039  1.00268917 42227
GSAT-10                 
1 38779U 12051B   26276.90782138 -.00000178  00000+0  00000+0 0  9999
2 38779   0.0182 142.6863 0004116 339.9412 299.8404  1.00270447 51186
INTELSAT 23 (IS-23)     
1 38867U 12057A   26277.28375500 -.00000299  00000+0  00000+0 0  9990
2 38867   0.0204 262.3085 0002310 352.3991 167.4316  1.00268548 51046
BEIDOU-2 G6             
1 38953U 12059A   26276.88760065 -.00000186  00000+0  00000+0 0  9992
2 38953   4.6904  72.2706 0006463 318.5920  25.3174  1.00273336 50994
LUCH-5B                 
1 38977U 12061A   26277.17318530 -.00000146  00000+0  00000+0 0  9996
2 38977  10.7150  48.7696 0006869 173.3385 196.8067  1.00271241 50706
YAMAL 300K              
1 38978U 12061B   26276.78504030  .00000059  00000+0  00000+0 0  9997
2 38978   0.0109 218.6389 0000414 252.8697   6.5522  1.00272291 50720
STAR ONE C3             
1 38991U 12062A   26277.23289890 -.00000263  00000+0  00000+0 0  9996
2 38991   0.0583  77.6739 0002070 121.8997 182.2241  1.00269870 50854
EUTELSAT 21B            
1 38992U 12062B   26277.25196567  .00000116  00000+0  00000+0 0  9993
2 38992   0.0703   7.0158 0002886 181.4922 296.7609  1.00273347 50927
ECHOSTAR 16             
1 39008U 12065A   26276.43713728 -.00000293  00000+0  00000+0 0  9995
2 39008   0.0175 181.6893 0002036   7.2999 279.0436  1.00270588 50735
ZHONGXING-12            
1 39017U 12067A   26277.05124475 -.00000220  00000+0  00000+0 0  9991
2 39017   0.0035 165.0002 0002877  28.7450 284.9632  1.00272595 50600
EUTELSAT 70B            
1 39020U 12069A   26277.11910506 -.00000057  00000+0  00000+0 0  9990
2 39020   0.0652 358.5854 0003781 193.3592 294.2691  1.00271399 50604
YAMAL 402               
1 39022U 12070A   26277.24280987  .00000073  00000+0  00000+0 0  9998
2 39022   1.5389  82.5865 0003631 112.7482 319.9327  1.00270681 50493
SKYNET 5D               
1 39034U 12075A   26276.97307104  .00000086  00000+0  00000+0 0  9990
2 39034   0.0761 345.5695 0004141 220.7370 209.4498  1.00268788 50240
MEXSAT 3                
1 39035U 12075B   26277.25372682 -.00000039  00000+0  00000+0 0  9995
2 39035   0.0174 162.3851 0001401  41.8782 145.2584  1.00267372  8146
TDRS 11                 
1 39070U 13004A   26277.21322549  .00000068  00000+0  00000+0 0  9991
2 39070   3.6885  32.8366 0002692  37.5043 204.9718  1.00275154 47782
AMAZONAS 3              
1 39078U 13006A   26277.23631800 -.00000296  00000+0  00000+0 0  9990
2 39078   0.0239 214.9389 0005295 347.6871 194.3909  1.00273624 46017
AZERSPACE 1             
1 39079U 13006B   26276.04517813  .00000123  00000+0  00000+0 0  9994
2 39079   0.0186 144.9046 0002265  85.9398 203.2174  1.00274749 49882
SBIRS GEO-2 (USA 241)   
1 39120U 13011A   26277.31259315 -.00000157  00000+0  00000+0 0  9996
2 39120   4.7237  52.4233 0002492 148.3856 187.9538  1.00271744 49629
EUTELSAT 117 WEST A     
1 39122U 13012A   26277.29590586 -.00000027  00000+0  00000+0 0  9990
2 39122   0.0450  39.2035 0002916 156.4833 167.0450  1.00270670 49524
ANIK G1                 
1 39127U 13014A   26277.25697236 -.00000088  00000+0  00000+0 0  9990
2 39127   0.0415  81.8108 0003233 127.9435 148.4242  1.00271465 49343
ZHONGXING-11            
1 39157U 13020A   26277.05323809 -.00000304  00000+0  00000+0 0  9991
2 39157   0.0196  78.9245 0000643  92.3668 318.5499  1.00270214 48991
EUTELSAT 7B             
1 39163U 13022A   26277.25092566  .00000090  00000+0  00000+0 0  9996
2 39163   0.0688   9.5334 0002938 105.0012   4.7624  1.00272803 49044
WGS F5 (USA 243)        
1 39168U 13024A   26276.80965375  .00000000  00000+0  00000+0 0  9991
2 39168   0.0183 186.1658 0000528  29.4721  35.8668  1.00268693 48267
SES-6                   
1 39172U 13026A   26276.95461096 -.00000274  00000+0  00000+0 0  9999
2 39172   0.0144  71.4620 0002047 119.6114 124.7686  1.00272214 48813
IRNSS-1A                
1 39199U 13034A   26274.47906318  .00000078  00000+0  00000+0 0  9994
2 39199  35.9548  62.3510 0021227 181.6443 353.8436  1.00269028 48434
ALPHASAT                
1 39215U 13038A   26277.18133201  .00000123  00000+0  00000+0 0  9992
2 39215   3.0052   0.5925 0003960 207.6273 254.8193  1.00273078 45119
INSAT-3D                
1 39216U 13038B   26277.27337243 -.00000352  00000+0  00000+0 0  9990
2 39216   2.2013  81.0310 0001958 135.1092  24.7761  1.00272770 48171
WGS F6 (USA 244)        
1 39222U 13041A   26277.21678662  .00000000  00000+0  00000+0 0  9997
2 39222   0.0206 186.5316 0000449  96.2480  32.9787  1.00270567 47155
ES'HAIL 1               
1 39233U 13044A   26276.88218630  .00000131  00000+0  00000+0 0  9994
2 39233   0.0540   8.6610 0002354 192.6884 154.3293  1.00273766 47712
GSAT-7                  
1 39234U 13044B   26277.11979839 -.00000090  00000+0  00000+0 0  9992
2 39234   0.3549  86.1306 0006272 169.1923 234.6521  1.00270978 46351
AMOS-4                  
1 39237U 13045A   26276.97549773 -.00000006  00000+0  00000+0 0  9996
2 39237   0.0213 128.2065 0001068  69.8764 230.7969  1.00271733 48047
ASTRA 2E                
1 39285U 13056A   26276.11295177  .00000141  00000+0  00000+0 0  9992
2 39285   0.0884 306.3728 0002365 250.6328 244.0237  1.00275269 47500
FM-6                    
1 39360U 13058A   26277.25395192 -.00000030  00000+0  00000+0 0  9990
2 39360   0.0259 253.0410 0000290 214.9894 240.0344  1.00274341 47169
RADUGA-1M 3             
1 39375U 13062A   26277.11208502  .00000143  00000+0  00000+0 0  9998
2 39375   6.2332  70.9485 0001877 288.7512  88.4199  1.00270502 47203
SES-8                   
1 39460U 13071A   26277.05877896 -.00000283  00000+0  00000+0 0  9990
2 39460   0.0257 300.5827 0001805 213.4206 334.9308  1.00270200 45523
INMARSAT 5-F1           
1 39476U 13073A   26276.40484641  .00000000  00000+0  00000+0 0  9995
2 39476   0.0186 166.1749 0000687  77.1548 337.1450  1.00272295 46666
TKSAT-1 (TUPAC KATARI)  
1 39481U 13075A   26277.26435992 -.00000209  00000+0  00000+0 0  9995
2 39481   0.0579  56.5929 0002029 134.7050 189.6648  1.00271239 46699
EXPRESS-AM5             
1 39487U 13077A   26277.32802716 -.00000294  00000+0  00000+0 0  9996
2 39487   0.0235 248.0510 0002182 242.4302 140.6792  1.00269286 47456
GSAT-14                 
1 39498U 14001A   26277.11979839 -.00000091  00000+0  00000+0 0  9999
2 39498   0.0356  87.8525 0006196 141.7052 260.4200  1.00271168 46477
THAICOM 6               
1 39500U 14002A   26277.12075174 -.00000135  00000+0  00000+0 0  9993
2 39500   0.0607 107.1719 0003192  65.8293 321.8431  1.00271665 46556
TDRS 12                 
1 39504U 14004A   26277.23957227 -.00000281  00000+0  00000+0 0  9991
2 39504   4.0942  20.7409 0006729 224.6136 172.7865  1.00276917 45370
ABS-2                   
1 39508U 14006A   26277.22614139 -.00000100  00000+0  00000+0 0  9998
2 39508   0.0417  78.4252 0003537 119.4928 331.3564  1.00271514 46375
ATHENA-FIDUS            
1 39509U 14006B   26274.83561179  .00000150  00000+0  00000+0 0  9992
2 39509   0.0111 203.8766 0001727  14.2746 131.0700  1.00274040 46150
TURKSAT 4A              
1 39522U 14007A   26277.18471203  .00000132  00000+0  00000+0 0  9997
2 39522   0.0543 293.4858 0004426 318.7759 229.1172  1.00272526 46065
EXPRESS-AT1             
1 39612U 14010A   26277.12066507 -.00000141  00000+0  00000+0 0  9993
2 39612   0.5311  84.0824 0004844  95.0458 315.2861  1.00314044 45912
EXPRESS-AT2             
1 39613U 14010B   26277.11624505  .00000065  00000+0  00000+0 0  9995
2 39613   0.0016 166.3195 0000111 263.8336  40.5293  1.00273124 45592
AMAZONAS 4A             
1 39616U 14011A   26277.23260017 -.00000266  00000+0  00000+0 0  9990
2 39616   0.0523 195.1466 0006576   4.4607 183.0879  1.00270327 45809
ASTRA 5B                
1 39617U 14011B   26277.10669667  .00000124  00000+0  00000+0 0  9993
2 39617   0.0784 303.6925 0003590 272.6389 218.3924  1.00272390 45753
IRNSS-1B                
1 39635U 14017A   26274.47888985  .00000108  00000+0  00000+0 0  9994
2 39635  28.7451 238.5781 0019588 191.5696 167.5751  1.00275866 45856
CTS DEB [ARRAY COVER]   
1 39688U 76004E   26277.31457668 -.00000201  00000+0  00000+0 0  9997
2 39688   2.9563 263.9547 0042212 212.7294 279.4613  1.00306381 43871
LUCH-5V                 
1 39727U 14023A   26276.98130442 -.00000279  00000+0  00000+0 0  9999
2 39727   5.3992  68.5425 0003019 160.4043 231.7835  1.00272646 45454
KAZSAT-3                
1 39728U 14023B   26274.10059635  .00000059  00000+0  00000+0 0  9991
2 39728   0.0154 248.1111 0000292 292.5437 283.9386  1.00272154 43529
EUTELSAT 3B             
1 39773U 14030A   26277.24832565  .00000006  00000+0  00000+0 0  9990
2 39773   0.0645   1.1908 0004302 192.3545 271.9112  1.00270595 45161
ASIASAT 8 (AMOS-7)      
1 40107U 14046A   26277.26843241 -.00000347  00000+0  00000+0 0  9994
2 40107   0.0514  77.7581 0001794 130.6060   6.5694  1.00271374103241
ASIASAT 6               
1 40141U 14052A   26277.27146575 -.00000376  00000+0  00000+0 0  9998
2 40141   0.0389  71.4815 0000869 109.1779  49.9709  1.00272535 44174
OPTUS 10                
1 40146U 14054A   26276.35858128 -.00000158  00000+0  00000+0 0  9995
2 40146   0.0555 296.7171 0002257 252.3060 108.1572  1.00270791 44110
MEASAT-3B               
1 40147U 14054B   26276.12543183 -.00000252  00000+0  00000+0 0  9998
2 40147   0.0493  46.3344 0000787  82.7136  19.4657  1.00272352 44009
HIMAWARI-8              
1 40267U 14060A   26277.27553911 -.00000289  00000+0  00000+0 0  9995
2 40267   0.0105 134.7531 0001392  97.8909  20.1815  1.00273359 43855
IRNSS-1C                
1 40269U 14061A   26277.05029141 -.00000170  00000+0  00000+0 0  9996
2 40269   6.7896  86.8361 0019477  10.7335  16.1704  1.00267822 43787
INTELSAT 30 (IS-30)     
1 40271U 14062A   26274.06478271 -.00000151  00000+0  00000+0 0  9999
2 40271   0.0128 111.5670 0001080 287.1053 259.4305  1.00269785  7859
ARSAT 1                 
1 40272U 14062B   26277.23352626 -.00000274  00000+0  00000+0 0  9993
2 40272   0.0343 283.7186 0001773 272.9438 188.5539  1.00271866 43710
EUTELSAT 53A            
1 40277U 14064A   26276.56005392  .00000087  00000+0  00000+0 0  9991
2 40277   0.0189 215.1633 0002164 344.2966  67.4313  1.00269708 42652
GSAT-16                 
1 40332U 14078A   26276.73239155  .00000072  00000+0  00000+0 0  9997
2 40332   0.0412  85.9113 0004556  37.5794 207.7170  1.00273609 43204
DIRECTV 14              
1 40333U 14078B   26277.31148372  .00000000  00000+0  00000+0 0  9994
2 40333   0.0103 170.1224 0000295 289.8078 285.9651  1.00268307 43138
YAMAL 401               
1 40345U 14082A   26276.98745937 -.00000241  00000+0  00000+0 0  9992
2 40345   0.0148 233.0989 0000320  33.7643 191.2886  1.00270482 43002
ASTRA 2G                
1 40364U 14089A   26275.75479953  .00000142  00000+0  00000+0 0  9995
2 40364   0.0497 359.0869 0001617 104.2286 208.1026  1.00274709 43047
FENGYUN 2G              
1 40367U 14090A   26276.89628128 -.00000311  00000+0  00000+0 0  9995
2 40367   5.9072  71.4419 0004438 186.2285 177.2018  1.00264867 43098
INMARSAT 5-F2           
1 40384U 15005A   26276.45277329 -.00000296  00000+0  00000+0 0  9998
2 40384   0.0172 160.5029 0000861  23.3290 296.2904  1.00271806 42089
ABS-3A                  
1 40424U 15010A   26276.25044811 -.00000037  00000+0  00000+0 0  9998
2 40424   0.0063 182.4320 0001844 304.6571 332.0307  1.00271018 42462
EUTELSAT 115 WEST B     
1 40425U 15010B   26276.15585196 -.00000035  00000+0  00000+0 0  9992
2 40425   0.0113  56.2375 0000412  44.5882 212.2694  1.00272143 42460
EXPRESS-AM7             
1 40505U 15012A   26276.82802715  .00000138  00000+0  00000+0 0  9999
2 40505   0.0195 219.5820 0003375 339.2803 151.7706  1.00269313 42091
BEIDOU-3S IGSO-1S       
1 40549U 15019A   26277.00113421 -.00000163  00000+0  00000+0 0  9993
2 40549  48.9898 294.1397 0039026 201.4028 334.2533  1.00283571 42165
THOR 7                  
1 40613U 15022A   26277.24754565 -.00000022  00000+0  00000+0 0  9999
2 40613   0.0134 138.4117 0002879  63.5999 259.4051  1.00271434 41919
TURKMENALEM52E/MONACOSAT
1 40617U 15023A   26276.90166801  .00000091  00000+0  00000+0 0  9991
2 40617   0.0145 133.8633 0003135  63.9032 191.4806  1.00268796 41937
DIRECTV 15              
1 40663U 15026A   26276.49411794 -.00000114  00000+0  00000+0 0  9990
2 40663   0.0293  92.6371 0000228 157.0288 197.5624  1.00271740 41546
SKY MEXICO-1            
1 40664U 15026B   26277.23165447 -.00000248  00000+0  00000+0 0  9993
2 40664   0.0128 251.6654 0002227 312.6921 173.1839  1.00271414 41545
METEOSAT-11 (MSG-4)     
1 40732U 15034A   26277.13517197  .00000053  00000+0  00000+0 0  9993
2 40732   3.4691  70.3107 0000476  95.5639 265.1646  1.00279114  8309
STAR ONE C4             
1 40733U 15034B   26277.23385225  .00000000  00000+0  00000+0 0  9992
2 40733   0.0201  74.9171 0001049 140.0414 172.1806  1.00269400 41102
WGS F7 (USA 263)        
1 40746U 15036A   26276.78348029  .00000006  00000+0  00000+0 0  9994
2 40746   0.0106 200.3150 0000190 181.9143  87.3637  1.00270737 40968
INTELSAT 34 (IS-34)     
1 40874U 15039A   26276.30741582 -.00000296  00000+0  00000+0 0  9990
2 40874   0.0206 298.5049 0000269 308.1521 180.5605  1.00271761 40719
EUTELSAT 8 WEST B       
1 40875U 15039B   26277.24615897 -.00000079  00000+0  00000+0 0  9993
2 40875   0.0681   7.0779 0003620 185.8540 260.6372  1.00271870 40751
GSAT-6                  
1 40880U 15041A   26276.97896441 -.00000172  00000+0  00000+0 0  9991
2 40880   2.1935  81.0895 0002948 114.1797 252.3890  1.00271348 40690
INMARSAT 5-F3           
1 40882U 15042A   26277.17961481  .00000037  00000+0  00000+0 0  9993
2 40882   0.0179 165.2237 0001196 212.9196 238.9904  1.00272416 40668
TJS-1                   
1 40892U 15046A   26277.34337782 -.00000170  00000+0  00000+0 0  9997
2 40892   0.5985  83.6674 0002970  98.4036 109.6035  1.00269950 40666
EXPRESS-AM8             
1 40895U 15048A   26276.95981098 -.00000124  00000+0  00000+0 0  9992
2 40895   0.0177 207.5307 0000350  66.8463  69.8316  1.00271006 40439
COSMOS 1700 DEB         
1 40924U 85102G   26277.18644537  .00000080  00000+0  00000+0 0  9993
2 40924   9.5155 318.1490 0022052 143.7429  28.2870  1.00295485 68525
SKY MUSTER 1 (NBN1A)    
1 40940U 15054A   26276.99031780 -.00000292  00000+0  00000+0 0  9994
2 40940   0.0125 242.2226 0001887 313.5335 313.7133  1.00270863 40354
ARSAT 2                 
1 40941U 15054B   26277.18887508 -.00000239  00000+0  00000+0 0  9995
2 40941   0.0329 278.5642 0002099 277.4848 163.8491  1.00271135 40396
MORELOS 3               
1 40946U 15056A   26277.25428635 -.00000055  00000+0  00000+0 0  9998
2 40946   3.2884  17.7031 0003407 182.9038 150.7996  1.00272279 40375
APSTAR-9                
1 40982U 15059A   26277.32802716 -.00000280  00000+0  00000+0 0  9995
2 40982   0.0368 320.0206 0002889 236.5510  76.5559  1.00270066 40209
TURKSAT 4B              
1 40984U 15060A   26277.11503170  .00000102  00000+0  00000+0 0  9990
2 40984   0.0155 114.5992 0001900  80.8508 268.7406  1.00270492 40190
ZHONGXING-2C            
1 41021U 15063A   26277.26817241 -.00000337  00000+0  00000+0 0  9990
2 41021   0.5478  86.1144 0009979 124.7916   2.0686  1.00270052 40072
GSAT-15                 
1 41028U 15065A   26277.06433941 -.00000271  00000+0  00000+0 0  9995
2 41028   0.0237 102.7720 0002083  91.2313 295.4475  1.00270407 39896
BADR-7 (ARABSAT-6B)     
1 41029U 15065B   26277.15252925  .00000131  00000+0  00000+0 0  9991
2 41029   0.0207 210.3169 0007173  18.3923 225.0680  1.00273361 39854
LAOSAT 1                
1 41034U 15067A   26277.27319910 -.00000357  00000+0  00000+0 0  9991
2 41034   0.0327 294.4926 0002052 205.2172 100.1473  1.00269529 39956
TELSTAR 12V             
1 41036U 15068A   26277.24477230 -.00000133  00000+0  00000+0 0  9993
2 41036   0.0193 220.1721 0002235 335.4591 250.4490  1.00271330 39717
ELEKTRO-L 2             
1 41105U 15074A   26277.24477230 -.00000128  00000+0  00000+0 0  9991
2 41105   6.9614  69.1338 0002601 193.7681 183.6465  1.00270776 39604
COSMOS 2513             
1 41121U 15075A   26274.48102932 -.00000141  00000+0  00000+0 0  9992
2 41121   0.0507 100.2141 0002089 130.0890  33.3640  1.00271137 39612
EXPRESS-AMU1            
1 41191U 15082A   26277.25482568  .00000142  00000+0  00000+0 0  9991
2 41191   0.0160 150.9132 0002634  59.1085 290.7701  1.00272391 39361
GAOFEN-4                
1 41194U 15083A   26276.98355777 -.00000348  00000+0  00000+0 0  9994
2 41194   0.6306  82.9841 0003485 143.5625 245.9445  1.00272593 39626
BELINTERSAT-1           
1 41238U 16001A   26275.68983172  .00000098  00000+0  00000+0 0  9997
2 41238   0.0300 272.0218 0000267 118.9841 280.2851  1.00275030 39312
IRNSS-1E                
1 41241U 16003A   26276.74617836 -.00000295  00000+0  00000+0 0  9992
2 41241  33.4715  58.1834 0022468 180.5004 154.1407  1.00278309 39167
INTELSAT 29E (IS-29E)   
1 41308U 16004A   26276.77620025 -.00000241  00000+0  00000+0 0  9995
2 41308   6.7656  68.9478 0004196 139.0547 222.3113  1.00613257 39370
EUTELSAT 9B             
1 41310U 16005A   26277.24945233  .00000048  00000+0  00000+0 0  9997
2 41310   0.0575  61.3063 0003412 166.1055 244.3454  1.00270514 39212
SES-9                   
1 41380U 16013A   26275.49420645 -.00000352  00000+0  00000+0 0  9992
2 41380   0.0062 173.3178 0001427 338.3226 145.8080  1.00271275 38515
EUTELSAT 65 WEST A      
1 41382U 16014A   26277.23485221 -.00000290  00000+0  00000+0 0  9991
2 41382   0.0791 307.6680 0002293 251.0168 193.6205  1.00270400 38614
IRNSS-1F                
1 41384U 16015A   26277.11156502  .00000147  00000+0  00000+0 0  9998
2 41384   5.6174  94.2742 0020789 173.0882 178.0250  1.00267971 38757
IRNSS-1G                
1 41469U 16027A   26276.37892076 -.00000343  00000+0  00000+0 0  9994
2 41469   5.4590  94.9520 0002427  48.2424 134.8624  1.00271293 38269
JCSAT-2B                
1 41471U 16028A   26276.74836444 -.00000178  00000+0  00000+0 0  9992
2 41471   0.0176 164.0116 0001145  49.1903 222.6801  1.00269689 38215
THAICOM 8               
1 41552U 16031A   26277.12075174 -.00000135  00000+0  00000+0 0  9997
2 41552   0.0912  42.6126 0000330 126.9718 325.2390  1.00272990 37815
INTELSAT 31 (IS-31)     
1 41581U 16035A   26275.13266138 -.00000156  00000+0  00000+0 0  9997
2 41581   0.0104 215.5746 0002143  22.1481  85.8641  1.00270316 37758
BEIDOU-2 G7             
1 41586U 16037A   26276.98451111 -.00000365  00000+0  00000+0 0  9997
2 41586   1.9842  69.6602 0004832 348.4910  59.5099  1.00274806  7984
ABS-2A (MONGOLSAT-1)    
1 41588U 16038A   26274.54938551  .00000000  00000+0  00000+0 0  9993
2 41588   0.0171 216.1217 0001505 295.9787 130.7022  1.00269461 37773
EUTELSAT 117 WEST B     
1 41589U 16038B   26277.13862251 -.00000026  00000+0  00000+0 0  9994
2 41589   0.0115  51.1488 0000237  56.5693 198.0398  1.00274196 37759
BRISAT                  
1 41591U 16039A   26274.48169638 -.00000199  00000+0  00000+0 0  9993
2 41591   0.0169 230.3210 0002248 321.2387 142.5882  1.00270951 37679
ECHOSTAR 18             
1 41592U 16039B   26277.23578124  .00000000  00000+0  00000+0 0  9994
2 41592   0.0208 176.0235 0001536  29.4953 190.9492  1.00266350 37719
TIANTONG-1 1            
1 41725U 16048A   26276.91137472 -.00000328  00000+0  00000+0 0  9997
2 41725   4.0606  44.1053 0001146 103.8856 294.1446  1.00271148 37360
JCSAT-16                
1 41729U 16050A   26277.27623244 -.00000265  00000+0  00000+0 0  9991
2 41729   0.0032  90.3138 0001007 121.1698  44.9127  1.00271866 37176
USA 270                 
1 41744U 16052A   26275.89399934 -.00000359  00000+0  00000+0 0  9996
2 41744   4.4671  75.7590 0008442 119.5156 264.1131  1.00260866 29214
INTELSAT 36 (IS-36)     
1 41747U 16053A   26275.62197142 -.00000032  00000+0  00000+0 0  9996
2 41747   0.0030 170.2773 0001937 168.7684 324.7063  1.00270681 37038
INTELSAT 33E (IS-33E)   
1 41748U 16053B   26277.25196567  .00000113  00000+0  00000+0 0  9997
2 41748   1.8511  82.5532 0024512 191.0893 211.7796  1.00231334 37349
INSAT-3DR               
1 41752U 16054A   26277.11979839 -.00000090  00000+0  00000+0 0  9994
2 41752   0.0834  86.9338 0012612 177.9137 225.1122  1.00270863 36911
GSAT-18                 
1 41793U 16060A   26276.97723106 -.00000089  00000+0  00000+0 0  9991
2 41793   0.0579  85.8467 0001875  50.9772 301.6120  1.00271028 36616
SKY MUSTER 2 (NBN1B)    
1 41794U 16060B   26276.81086318 -.00000257  00000+0  00000+0 0  9999
2 41794   0.0128 237.0970 0001435 324.0025 248.1545  1.00270219 36601
HIMAWARI-9              
1 41836U 16064A   26272.99142235 -.00000271  00000+0  00000+0 0  9992
2 41836   0.0105  72.2386 0002065 171.6417 262.5744  1.00273774 36266
SHIJIAN-17 (SJ-17)      
1 41838U 16065A   26275.88336537 -.00000029  00000+0  00000+0 0  9997
2 41838   6.0205  71.2502 0001551 100.5277 235.1501  0.99850775 36275
GOES 16                 
1 41866U 16071A   26277.30947663 -.00000105  00000+0  00000+0 0  9997
2 41866   0.6053  83.9994 0002277 148.9944 146.7397  1.00270957 36197
WGS F8 (USA 272)        
1 41879U 16075A   26276.81086318 -.00000215  00000+0  00000+0 0  9993
2 41879   0.0105 144.2839 0000221 207.5014 102.4560  1.00269992 35905
FENGYUN 4A              
1 41882U 16077A   26276.81847670 -.00000369  00000+0  00000+0 0  9995
2 41882   2.5912  78.8843 0008602 168.1521 183.2641  1.00272543 36011
ECHOSTAR 19             
1 41893U 16079A   26277.31215020 -.00000153  00000+0  00000+0 0  9994
2 41893   0.0180 171.5880 0001590  32.1275 184.5798  1.00271863 35795
JCSAT-110A (JCSAT-15)   
1 41903U 16082A   26273.92333174 -.00000351  00000+0  00000+0 0  9994
2 41903   0.0181 197.2090 0000756  32.9097 222.0431  1.00270319 35819
STAR ONE D1             
1 41904U 16082B   26277.18803212 -.00000225  00000+0  00000+0 0  9992
2 41904   0.0234 106.3061 0002147  84.3381 165.9620  1.00270881 35865
TJS-2                   
1 41911U 17001A   26276.85249806 -.00000019  00000+0  00000+0 0  9999
2 41911   1.1069  83.5876 0002251 167.3721 135.0631  1.00270489 35805
SBIRS GEO-4 (USA 273)   
1 41937U 17004A   26277.14628196 -.00000179  00000+0  00000+0 0  9993
2 41937   2.4570  45.7181 0001879 148.7540 209.8529  1.00271075 35684
HISPASAT 36W-1          
1 41942U 17006A   26276.67029311 -.00000256  00000+0  00000+0 0  9998
2 41942   0.0197  13.8415 0000884 172.6079  31.2531  1.00270433 35332
TELKOM 3S               
1 41944U 17007A   26277.14350215 -.00000376  00000+0  00000+0 0  9997
2 41944   0.0167 157.0194 0002424  45.8199 339.6861  1.00272071 35232
INTELSAT 32E (IS-32E)   
1 41945U 17007B   26276.17006536 -.00000279  00000+0  00000+0 0  9996
2 41945   0.0189 216.6572 0000314 340.2269 193.0673  1.00271972 35305
ECHOSTAR 23             
1 42070U 17014A   26277.18109538  .00000000  00000+0  00000+0 0  9993
2 42070   0.0202 176.4197 0002075  11.2538 140.5045  1.00269715 35017
WGS F9 (USA 275)        
1 42075U 17016A   26277.17405197  .00000000  00000+0  00000+0 0  9999
2 42075   0.0153 205.1206 0000483  72.3150 146.0887  1.00266164 34982
SES-10                  
1 42432U 17017A   26275.50797072 -.00000280  00000+0  00000+0 0  9999
2 42432   0.0034 114.3624 0002782  89.2955 283.5671  1.00271459 34831
CHINASAT 16 (SJ-13)     
1 42662U 17018A   26276.82177793 -.00000365  00000+0  00000+0 0  9997
2 42662   0.0926  87.1266 0007656 146.6677 185.1329  1.00270972 34835
KOREASAT 7              
1 42691U 17023A   26277.27059909 -.00000376  00000+0  00000+0 0  9995
2 42691   0.0261  56.6943 0000904 157.2142  12.3965  1.00272355 34469
SGDC                    
1 42692U 17023B   26275.17759697 -.00000255  00000+0  00000+0 0  9990
2 42692   0.0353  68.5445 0002580 139.6148 151.8493  1.00270820 34474
GSAT-9                  
1 42695U 17024A   26276.96433580 -.00000299  00000+0  00000+0 0  9990
2 42695   0.0731  87.5668 0002676  98.2616 271.3654  1.00270174 34391
INMARSAT 5-F4           
1 42698U 17025A   26276.61742620  .00000000  00000+0  00000+0 0  9993
2 42698   0.0186 172.2690 0000635  54.8853  63.9519  1.00271323 34368
SES-15                  
1 42709U 17026A   26277.30008714  .00000046  00000+0  00000+0 0  9993
2 42709   0.0364 333.6502 0000494 252.8464 125.3880  1.00267983  8525
VIASAT-2                
1 42740U 17029A   26277.10269943 -.00000279  00000+0  00000+0 0  9991
2 42740   0.0174 246.5757 0001377 280.6138 172.6741  1.00271688 34281
EUTELSAT 172B           
1 42741U 17029B   26276.28394588 -.00000016  00000+0  00000+0 0  9993
2 42741   0.0281 133.9602 0000268 157.7486 354.5368  1.00272399 34834
GSAT-19                 
1 42747U 17031A   26272.98051198  .00000128  00000+0  00000+0 0  9995
2 42747   0.0662  88.1088 0002810  50.2021 271.2804  1.00272341 34195
ECHOSTAR 21             
1 42749U 17032A   26277.17847199  .00000053  00000+0  00000+0 0  9995
2 42749   1.7882   2.6740 0002423 194.5218 250.2137  1.00272596 34193
ZHONGXING-9A            
1 42763U 17035A   26276.89628128 -.00000233  00000+0  00000+0 0  9992
2 42763   5.2568  73.8210 0000977 222.6800 140.3961  0.99779815 34741
BULGARIASAT-1           
1 42801U 17038A   26277.17682531 -.00000002  00000+0  00000+0 0  9992
2 42801   0.0472  89.7792 0002690 107.6989 240.9873  1.00273228 33935
HELLAS-SAT 3            
1 42814U 17040A   26276.20600231  .00000142  00000+0  00000+0 0  9993
2 42814   0.0619  33.9646 0000846  88.7164   2.4090  1.00269514 33896
GSAT-17                 
1 42815U 17040B   26277.06433941 -.00000271  00000+0  00000+0 0  9995
2 42815   0.0569  85.0112 0005422 164.6493 239.7824  1.00271614 33884
INTELSAT 35E (IS-35E)   
1 42818U 17041A   26277.24087228 -.00000252  00000+0  00000+0 0  9991
2 42818   0.0208 104.8674 0002158  98.4815 221.8087  1.00270110 33901
COSMOS 2520             
1 42907U 17046A   26276.80947799  .00000124  00000+0  00000+0 0  9991
2 42907   0.0237 126.3409 0000106  94.9700 127.6398  1.00274374 33489
TDRS 13                 
1 42915U 17047A   26277.10289831 -.00000111  00000+0  00000+0 0  9998
2 42915   3.4930   5.3347 0012477 125.6019 267.5040  1.00271022 33442
QZS-3 (MICHIBIKI-3)     
1 42917U 17048A   26277.20152544 -.00000361  00000+0  00000+0 0  9999
2 42917   0.0545 201.8720 0002112   7.9591   2.6471  1.00275218 33356
AMAZONAS 5              
1 42934U 17053A   26272.38881078 -.00000278  00000+0  00000+0 0  9996
2 42934   0.0466 321.3720 0001989 272.9722 212.7957  1.00256662 33081
ASIASAT 9               
1 42942U 17057A   26276.91553475 -.00000372  00000+0  00000+0 0  9994
2 42942   0.0091 195.8721 0001737 356.1049 272.3636  1.00269928 32979
INTELSAT 37E (IS-37E)   
1 42950U 17059A   26276.81650044 -.00000153  00000+0  00000+0 0  9991
2 42950   0.0169 204.0891 0002908 358.7567  85.6384  1.00271001 33150
BSAT-4A                 
1 42951U 17059B   26277.26938575 -.00000364  00000+0  00000+0 0  9994
2 42951   0.0641  44.3455 0000574  64.0321 111.4028  1.00269349 32894
SES-11 (ECHOSTAR 105)   
1 42967U 17063A   26277.30936578 -.00000104  00000+0  00000+0 0  9994
2 42967   0.0345 296.1354 0002935 253.3664 189.9453  1.00271357 32819
KOREASAT 5A             
1 42984U 17067A   26277.15461441  .00000000  00000+0  00000+0 0  9996
2 42984   0.0133 170.4986 0001498  65.5478 305.6275  1.00269469 32626
ALCOMSAT 1              
1 43039U 17078A   26276.74387345 -.00000198  00000+0  00000+0 0  9993
2 43039   0.0481 321.0310 0001990 248.9077  45.5225  1.00272086 32385
SBIRS GEO-3 (USA 282)   
1 43162U 18009A   26277.28914002  .00000116  00000+0  00000+0 0  9990
2 43162   2.2771  16.9161 0002002 186.1567 114.6209  1.00271642 31931
AL YAH 3                
1 43174U 18012A   26277.14628196 -.00000168  00000+0  00000+0 0  9996
2 43174   1.8269  81.6057 0003629 117.3854 206.4467  1.00271215 31937
SES-14                  
1 43175U 18012B   26276.88190792 -.00000291  00000+0  00000+0 0  9990
2 43175   0.0390  18.1224 0001136 178.7536  85.7168  1.00271581  8110
GOES 17                 
1 43226U 18022A   26277.31639499 -.00000196  00000+0  00000+0 0  9993
2 43226   1.2122  83.8371 0001267 159.5559 154.0304  1.00272363 31513
HISPASAT 30W-6          
1 43228U 18023A   26276.88537461 -.00000228  00000+0  00000+0 0  9999
2 43228   0.0561  25.2050 0002453 143.3476 132.8153  1.00273037 31492
SUPERBIRD-B3            
1 43271U 18033A   26277.31915499 -.00000106  00000+0  00000+0 0  9993
2 43271   0.0321  82.5294 0001223 107.7946  99.6264  1.00271180 31153
HYLAS 4                 
1 43272U 18033B   26276.88468126 -.00000246  00000+0  00000+0 0  9990
2 43272   0.0848 269.6673 0001493 303.0036  84.9246  1.00269622 31152
IRNSS-1I                
1 43286U 18035A   26273.82550137  .00000090  00000+0  00000+0 0  9998
2 43286  28.9997  72.5521 0021176 177.3911 111.9514  1.00269041 31130
USA 283                 
1 43339U 18036A   26272.42746426  .00000000  00000+0  00000+0 0  9992
2 43339   0.0163 203.0759 0000091  72.9988  20.0874  1.00270528 26333
FENGYUN 2A DEB          
1 43355U 97029D   26275.66877837 -.00000345  00000+0  00000+0 0  9992
2 43355  14.8541 356.1080 0044702  42.5190 317.8412  1.00251784 43681
COSMOS 2526             
1 43432U 18037A   26276.80374148 -.00000357  00000+0  00000+0 0  9997
2 43432   0.0247 120.6760 0000132 178.4508 130.7995  1.00268300 31044
APSTAR-6C               
1 43450U 18041A   26275.86054495 -.00000326  00000+0  00000+0 0  9993
2 43450   0.0433   9.3957 0002392 235.1360 210.8825  1.00270640 30893
BANGABANDHUSAT-1        
1 43463U 18044A   26273.80733111 -.00000362  00000+0  00000+0 0  9991
2 43463   0.0144 209.7945 0002946 352.3930 217.1216  1.00270082 30769
SES-12                  
1 43488U 18049A   26277.05877896 -.00000283  00000+0  00000+0 0  9995
2 43488   0.0430  24.5941 0002246 223.2999 241.0442  1.00271405 30517
FENGYUN 2H              
1 43491U 18050A   26277.04959808 -.00000140  00000+0  00000+0 0  9996
2 43491   3.3039  77.6839 0003144 155.4410 236.7773  1.00269925 30533
TELSTAR 19V             
1 43562U 18059A   26276.22185970 -.00000290  00000+0  00000+0 0  9990
2 43562   0.0167 187.2564 0002563   9.5287 192.0151  1.00269238 30223
TELKOM 4 (MERAH PUTIH)  
1 43587U 18064A   26274.60023920 -.00000347  00000+0  00000+0 0  9992
2 43587   0.0179 164.2365 0001741  60.7991 109.4005  1.00269397 29948
TELSTAR 18V             
1 43611U 18069A   26276.81642087 -.00000306  00000+0  00000+0 0  9996
2 43611   0.0158 250.5095 0001878 310.7134 243.2223  1.00270207 29727
AZERSPACE 2 (IS-38)     
1 43632U 18074A   26276.04500479  .00000127  00000+0  00000+0 0  9998
2 43632   0.0186 154.1784 0001432  52.8548 226.0643  1.00270759 29529
HORIZONS-3E             
1 43633U 18074B   26276.85350728 -.00000043  00000+0  00000+0 0  9996
2 43633   0.0028 188.3307 0000717  20.4621 280.0382  1.00269565 29436
BEIDOU-3 G1             
1 43683U 18085A   26277.33673554 -.00000121  00000+0  00000+0 0  9999
2 43683   2.6637  94.2741 0005109  28.3654 171.6871  1.00270691 29154
GSAT-29                 
1 43698U 18089A   26277.18731204  .00000071  00000+0  00000+0 0  9992
2 43698   0.0176 151.7818 0002509  56.6075 286.9696  1.00272239 28880
ES'HAIL 2               
1 43700U 18090A   26277.10669667  .00000131  00000+0  00000+0 0  9990
2 43700   0.0054 161.8512 0001398  64.7127 210.4457  1.00271028 28764
GEO-KOMPSAT-2A          
1 43823U 18100A   26277.20169877 -.00000358  00000+0  00000+0 0  9999
2 43823   0.0579  31.6245 0001310 111.1314  71.0335  1.00271327 28722
GSAT-11                 
1 43824U 18100B   26277.22614139 -.00000091  00000+0  00000+0 0  9992
2 43824   0.0253 261.0277 0005511 225.8006  41.5117  1.00271345 28577
GSAT-7A                 
1 43864U 18105A   26277.11763172  .00000013  00000+0  00000+0 0  9994
2 43864   0.0778  84.6481 0002466 121.4694 271.8259  1.00271812 28540
COSMOS 2533             
1 43867U 18107A   26276.85495657 -.00000051  00000+0  00000+0 0  9992
2 43867   0.0216 124.1599 0000714 108.1662 158.0342  1.00270964 28536
TJS-3                   
1 43874U 18110A   26274.77321470  .00000017  00000+0  00000+0 0  9995
2 43874   2.8122  79.0873 0003228  30.6222 354.6367  1.00268386 28498
ZHONGXING-2D            
1 43920U 19001A   26277.27345910 -.00000351  00000+0  00000+0 0  9992
2 43920   0.0531  24.7892 0001981 268.3668 308.2789  1.00268689 55174
HELLAS-SAT 4 & SGS-1    
1 44034U 19007A   26277.25543235  .00000138  00000+0  00000+0 0  9995
2 44034   0.0623 128.0774 0005915  37.2858 338.5611  1.00272161 28478
GSAT-31                 
1 44035U 19007B   26275.83170569  .00000117  00000+0  00000+0 0  9991
2 44035   0.0488  80.2049 0005424 158.9757 119.6687  1.00270589 28042
NUSANTARA SATU          
1 44048U 19009A   26273.49900400 -.00000233  00000+0  00000+0 0  9992
2 44048   0.0249 146.3105 0004315  12.7849 175.8225  1.00270431 27828
ZHONGXING-6C            
1 44067U 19012A   26277.27354576 -.00000349  00000+0  00000+0 0  9992
2 44067   0.0627 292.7582 0013009 131.8154 177.3418  1.00271824 27835
WGS 10 (USA 291)        
1 44071U 19014A   26275.77996155  .00000038  00000+0  00000+0 0  9991
2 44071   0.0033 187.0856 0000453  79.1141  86.4102  1.00272487 27690
TIANLIAN 2-01           
1 44076U 19017A   26276.97783774 -.00000119  00000+0  00000+0 0  9994
2 44076   0.8141  82.2682 0003854 141.2918 218.1643  1.00271148 27739
ARABSAT-6A              
1 44186U 19021A   26277.18245868  .00000000  00000+0  00000+0 0  9990
2 44186   0.0179 350.8409 0004566 274.8920 203.3540  1.00271501 27254
BEIDOU-3 IGSO-1         
1 44204U 19023A   26276.74233656 -.00000212  00000+0  00000+0 0  9992
2 44204  58.8494  36.5415 0028278 224.4771 136.5121  1.00259561  8301
BEIDOU-2 G8             
1 44231U 19027A   26277.34191655 -.00000260  00000+0  00000+0 0  9998
2 44231   1.9284  74.1930 0008897 275.2359 291.2447  1.00274287 27176
YAMAL 601               
1 44307U 19031A   26276.90620354  .00000107  00000+0  00000+0 0  9990
2 44307   0.0156 200.8889 0002584 355.1357 191.8356  1.00270470 27019
AT&T T-16               
1 44333U 19034A   26277.32956561 -.00000130  00000+0  00000+0 0  9998
2 44333   0.0131 120.4016 0000284 283.4318 347.0033  1.00271687 26720
EUTELSAT 7C             
1 44334U 19034B   26275.94836456  .00000039  00000+0  00000+0 0  9992
2 44334   0.0663 184.1341 0003546 357.5110 178.4437  1.00270245  7919
BEIDOU-3 IGSO-2         
1 44337U 19035A   26276.88461395 -.00000146  00000+0  00000+0 0  9996
2 44337  55.2496 157.9072 0038654 210.3956  82.2484  1.00266463 26753
COSMOS 2539             
1 44457U 19048A   26276.86086704  .00000067  00000+0  00000+0 0  9999
2 44457   0.0195 125.2123 0002063  35.5913 173.6594  1.00265881 26312
EDRS-C                  
1 44475U 19049A   26277.27597244 -.00000276  00000+0  00000+0 0  9995
2 44475   0.0150 213.1511 0001171 347.9190  53.7683  1.00271488 26303
INTELSAT 39 (IS-39)     
1 44476U 19049B   26276.69329635  .00000021  00000+0  00000+0 0  9995
2 44476   0.0191 219.4184 0000519 251.5647 212.9631  1.00271120 26211
AMOS-17                 
1 44479U 19050A   26277.25109899  .00000095  00000+0  00000+0 0  9992
2 44479   0.0397 355.0143 0001661 204.9208 280.4244  1.00269783 26287
AEHF-5 (USA 292)        
1 44481U 19051A   26277.06433941 -.00000271  00000+0  00000+0 0  9990
2 44481   1.3837 345.3619 0029347   7.2828 136.3325  1.00274952 26357
COSMOS 1897 DEB         
1 44572U 87096G   26276.82170046  .00000052  00000+0  00000+0 0  9998
2 44572  10.7226 325.6420 0025050 285.3132  65.2665  1.00456391 72075
LUCH DEB                
1 44582U 94082G   26276.82828715  .00000066  00000+0  00000+0 0  9990
2 44582  14.5824 353.1541 0015882 118.9936 240.1466  1.00694974 47332
EUTELSAT 5 WEST B       
1 44624U 19067A   26277.24667897 -.00000056  00000+0  00000+0 0  9996
2 44624   0.0643   5.4206 0003215 192.2973 259.0486  1.00271766 25524
MEV-1                   
1 44625U 19067B   26275.77594102 -.00000154  00000+0  00000+0 0  9990
2 44625   0.7738 267.8398 0004338 288.6346 250.5309  1.00271524 62493
TJS-4                   
1 44637U 19070A   26276.90790804 -.00000182  00000+0  00000+0 0  9991
2 44637   0.0836 287.9044 0004837  20.3677 114.6948  1.00271356 25627
TIBA-1                  
1 44800U 19080A   26277.11217169  .00000142  00000+0  00000+0 0  9991
2 44800   0.0536   5.4160 0002172 197.2413 246.0465  1.00269685 25143
INMARSAT GX5            
1 44801U 19080B   26277.17864532  .00000000  00000+0  00000+0 0  9993
2 44801   0.0251  49.0496 0002136 171.6830 227.4553  1.00271561  7881
JCSAT-18 (KACIFIC 1)    
1 44868U 19091A   26277.25511378 -.00000215  00000+0  00000+0 0  9993
2 44868   0.0433 351.2589 0000404 266.4111 357.1391  1.00270843 25106
SHIJIAN-20 (SJ-20)      
1 44910U 19097A   26272.55148483  .00000154  00000+0  00000+0 0  9999
2 44910   5.1799  73.7154 0003308 168.5682   4.8149  1.00269312 24745
TJS-5                   
1 44978U 20002A   26275.86793676 -.00000350  00000+0  00000+0 0  9997
2 44978   0.2637  82.6298 0006587 353.8984 355.0333  1.00269214 24781
GSAT-30                 
1 45026U 20005A   26277.05029141 -.00000178  00000+0  00000+0 0  9995
2 45026   0.0654  85.7662 0001595  83.9276 304.1756  1.00272005 24608
EUTELSAT KONNECT        
1 45027U 20005B   26277.17786532  .00000036  00000+0  00000+0 0  9995
2 45027   0.0691  95.4103 0001736 147.9787 200.7522  1.00268746 25423
JCSAT-17                
1 45245U 20013A   26277.18586449 -.00000328  00000+0  00000+0 0  9997
2 45245   5.4002 357.8842 0004400 196.8775  21.0386  1.00271096 24328
GEO-KOMPSAT-2B          
1 45246U 20013B   26277.20169877 -.00000358  00000+0  00000+0 0  9996
2 45246   0.0431   6.5331 0001874 238.7005 328.5628  1.00271382 24378
BEIDOU-3 G2             
1 45344U 20017A   26276.90540752 -.00000151  00000+0  00000+0 0  9991
2 45344   2.6258  48.7083 0002665 157.0423 212.8758  1.00272143 24353
AEHF-6 (USA 298)        
1 45465U 20022B   26277.20360545 -.00000314  00000+0  00000+0 0  9996
2 45465   2.3245 302.8622 0043631   9.0904 272.0126  1.00272762 24108
BEIDOU-3 G3             
1 45807U 20040A   26277.05575144 -.00000365  00000+0  00000+0 0  9998
2 45807   2.7092  67.3456 0003093 274.4106 161.6248  1.00268250 23160
APSTAR-6D               
1 45863U 20045A   26276.98919113 -.00000331  00000+0  00000+0 0  9997
2 45863   0.0471  94.1534 0002736 356.4500  52.2337  1.00271159 22953
KOREASAT 116            
1 45920U 20048A   26277.27059909  .00000000  00000+0  00000+0 0  9997
2 45920   0.0152 170.7826 0001260  49.0228   6.8018  1.00267797 22731
EXPRESS 103             
1 45985U 20053A   26277.05877896 -.00000293  00000+0  00000+0 0  9998
2 45985   0.0261 251.4339 0000158 225.7454  13.2623  1.00268611 22749
BSAT-4B                 
1 46112U 20056A   26277.26938575 -.00000364  00000+0  00000+0 0  9998
2 46112   0.0514 109.6087 0003716  57.7756  52.4018  1.00269884 22485
MEV-2                   
1 46113U 20056B   26276.89118130 -.00000024  00000+0  00000+0 0  9997
2 46113   0.0138 239.6951 0000421  34.3240  58.4177  1.00271832 81642
GALAXY 30 (G-30)        
1 46114U 20056C   26277.30141973  .00000000  00000+0  00000+0 0  9999
2 46114   0.0194 184.2183 0002504  18.7733 153.5141  1.00270572 22388
TIANTONG-1 2            
1 46916U 20082A   26276.98737112 -.00000369  00000+0  00000+0 0  9996
2 46916   0.6995 345.8257 0001587 267.9625 239.3051  1.00269304 21741
LUCAS (JDRS-1)          
1 47202U 20089A   26277.06433941 -.00000249  00000+0  00000+0 0  9992
2 47202   0.0169 204.4662 0002651  12.0044 270.2586  1.00271312 21518
SXM-7                   
1 47240U 20096A   26273.12475093 -.00000203  00000+0  00000+0 0  9999
2 47240   0.0209 131.0187 0004384 358.5719 199.0698  1.00270796  8493
CMS-01                  
1 47256U 20099A   26277.05029141 -.00000178  00000+0  00000+0 0  9995
2 47256   0.0931  86.3134 0006177 170.3166 217.2417  1.00271225 21297
TURKSAT 5A              
1 47306U 21001A   26276.05947285  .00000145  00000+0  00000+0 0  9995
2 47306   0.0152 134.5292 0000367 166.9817 122.6175  1.00269340 21046
TIANTONG-1 3            
1 47321U 21003A   26276.97879108 -.00000167  00000+0  00000+0 0  9998
2 47321   1.6957 346.3128 0003830 226.7787 233.4877  1.00270404 21057
TJS-6                   
1 47613U 21010A   26277.28307913  .00000029  00000+0  00000+0 0  9991
2 47613   0.0281 132.4844 0003610  69.2699  91.6608  1.00269297 20908
SHIYAN-9 (SY-9)         
1 47851U 21019A   26276.92021477 -.00000245  00000+0  00000+0 0  9993
2 47851  16.2938 301.0276 0015189  18.9244 170.3120  1.00263666 25222
SBIRS GEO-5 (USA 315)   
1 48618U 21042A   26277.06433941 -.00000282  00000+0  00000+0 0  9991
2 48618   4.9765 329.9979 0002058 237.9902 281.7433  1.00270959 19860
FENGYUN 4B              
1 48808U 21047A   26277.05462477 -.00000343  00000+0  00000+0 0  9990
2 48808   0.4223  81.0165 0008255 277.6040 138.4954  1.00268827 19668
SXM-8                   
1 48838U 21049A   26275.31393870 -.00000211  00000+0  00000+0 0  9996
2 48838   0.0423  38.9498 0005293 355.3501   4.6289  1.00270310 19658
TIANLIAN 1-05           
1 49011U 21063A   26277.25101233  .00000095  00000+0  00000+0 0  9990
2 49011   1.8686  79.5510 0004454 154.0344 246.5343  1.00269789 19178
STAR ONE D2             
1 49055U 21069A   26277.23385225 -.00000279  00000+0  00000+0 0  9992
2 49055   0.0105 200.9571 0002571 342.3548 203.8319  1.00272214 19048
EUTELSAT QUANTUM        
1 49056U 21069B   26276.47314005  .00000115  00000+0  00000+0 0  9994
2 49056   0.0076 108.3398 0002375  91.3196  30.5668  1.00271096 19012
ZHONGXING-2E            
1 49062U 21071A   26277.05877896 -.00000305  00000+0  00000+0 0  9993
2 49062   0.0472 324.1929 0001286 278.9152 248.8935  1.00272175 19135
TJS-7                   
1 49115U 21077A   26277.33762774 -.00000139  00000+0  00000+0 0  9992
2 49115   0.0817 257.5308 0001834  78.8344  58.7922  1.00271527 10647
CHINASAT 9B             
1 49125U 21080A   26276.96433580 -.00000325  00000+0  00000+0 0  9992
2 49125   0.0137 178.8309 0003437  28.3215 254.1015  1.00270066 18748
SES-17                  
1 49332U 21095A   26277.23446370 -.00000286  00000+0  00000+0 0  9996
2 49332   0.0430  20.3879 0001094 183.7438 186.1210  1.00269216 18945
SYRACUSE 4A             
1 49333U 21095B   26274.91229990  .00000131  00000+0  00000+0 0  9994
2 49333   0.0185 224.1620 0001524 319.1637 201.2682  1.00270525 19011
ZHONGXING-1D            
1 49505U 21114A   26277.27345910 -.00000351  00000+0  00000+0 0  9995
2 49505   0.0441   8.8299 0001981 254.9945 337.7634  1.00268437 17919
STPSAT-6                
1 49817U 21118A   26277.25506826 -.00000058  00000+0  00000+0 0  9992
2 49817   0.5965  83.8490 0001591 199.5325  69.4875  1.00272222 17665
EXPRESS AMU-7           
1 50001U 21123A   26276.78980922 -.00000255  00000+0  00000+0 0  9994
2 50001   0.0152 243.3792 0000203   3.3898 195.0835  1.00271233 17628
EXPRESS AMU-3           
1 50002U 21123B   26276.67947381 -.00000334  00000+0  00000+0 0  9993
2 50002   0.0215 243.9663 0000495 204.9244 271.1324  1.00272374  8119
TIANLIAN 2-02           
1 50005U 21124A   26277.29402156 -.00000028  00000+0  00000+0 0  9992
2 50005   1.0770  84.2004 0004461 160.3621  45.2520  1.00270940 17716
TURKSAT 5B              
1 50212U 21126A   26277.11347170  .00000132  00000+0  00000+0 0  9994
2 50212   0.0770 338.1010 0002753 309.4637 168.1160  1.00272599 17399
INMARSAT 6-F1           
1 50319U 21128A   26275.69624508 -.00000181  00000+0  00000+0 0  9993
2 50319   0.0161 152.9495 0000094 221.3935 331.4737  1.00276362 17330
SHIYAN-12 01 (SY-12 01) 
1 50321U 21129A   26274.69247645  .00000054  00000+0  00000+0 0  9997
2 50321   3.9422  78.3926 0002507 177.4940  57.8717  1.00483291 17566
SHIYAN-12 02 (SY-12 02) 
1 50322U 21129B   26274.77755961 -.00000054  00000+0  00000+0 0  9993
2 50322   3.9407  78.3843 0004142 108.1457 266.5987  1.00439959 17570
TJS-9                   
1 50574U 21135A   26277.27484578 -.00000313  00000+0  00000+0 0  9998
2 50574   0.0621  86.4656 0005669 243.6054 279.0859  1.00271397 17522
GOES 18                 
1 51850U 22021A   26277.32227709  .00000082  00000+0  00000+0 0  9990
2 51850   0.0395   1.6401 0000617 260.9864  89.4276  1.00270861  7681
ZHONGXING-6D            
1 52255U 22038A   26276.61829168 -.00000365  00000+0  00000+0 0  9991
2 52255   0.0379 237.7793 0002564 350.0442 132.1724  1.00274285 16515
NILESAT 301             
1 52817U 22061A   26277.17500531 -.00000072  00000+0  00000+0 0  9998
2 52817   0.0560  21.6261 0001599 193.8730 213.3288  1.00271439 15829
CMS-02 (GSAT-24)        
1 52903U 22067A   26273.34390684 -.00000163  00000+0  00000+0 0  9992
2 52903   0.0296  98.9294 0002977 160.9239 316.0576  1.00272252 15661
MEASAT 3D               
1 52904U 22067B   26277.06433941 -.00000255  00000+0  00000+0 0  9992
2 52904   0.0448 343.7655 0002364 265.4535 238.2384  1.00272712 15745
SES-22                  
1 52933U 22071A   26277.32123420  .00000090  00000+0  00000+0 0  9992
2 52933   0.0135 124.6872 0001015  67.7756 157.2039  1.00270309  8612
WFOV (USA 332)          
1 52940U 22073A   26277.27137909 -.00000374  00000+0  00000+0 0  9999
2 52940   3.9847  77.0621 0002998 171.8160 341.0469  1.00266757 15465
TIANLIAN 2-03           
1 53100U 22078A   26277.24979899  .00000058  00000+0  00000+0 0  9990
2 53100   0.9439  77.8050 0002001 157.6700 237.9782  1.00272785 15648
SBIRS GEO-6 (USA 336)   
1 53355U 22092A   26276.99014447 -.00000306  00000+0  00000+0 0  9995
2 53355   3.0871 319.4757 0001942 242.0762 306.6015  1.00270969 15323
EUTELSAT KONNECT VHTS   
1 53765U 22110A   26277.17699866  .00000002  00000+0  00000+0 0  9998
2 53765   0.0547 101.7742 0002154  76.9570 260.5700  1.00265308  7925
ZHONGXING-1E            
1 53813U 22112A   26276.97870441 -.00000162  00000+0  00000+0 0  9999
2 53813   0.0261  19.6308 0003941 248.2990 178.5138  1.00270180 14938
SES-20                  
1 53960U 22123A   26275.65923826 -.00000109  00000+0  00000+0 0  9995
2 53960   0.0411  74.6475 0001339  41.9166  29.0647  1.00270234 14616
SES-21                  
1 53961U 22123B   26275.93875994  .00000060  00000+0  00000+0 0  9994
2 53961   0.0374  61.6646 0000982 123.2035  33.7534  1.00270847  8297
GALAXY 33 (G-33)        
1 54026U 22128A   26277.29919841  .00000065  00000+0  00000+0 0  9998
2 54026   0.0170 245.6058 0001965 312.3643 149.7532  1.00271607 14831
GALAXY 34 (G-34)        
1 54027U 22128B   26277.10672649  .00000000  00000+0  00000+0 0  9990
2 54027   0.0174 189.2221 0001467   1.8854  91.1811  1.00269405 15005
ANGOSAT 2               
1 54033U 22131A   26276.90519409  .00000000  00000+0  00000+0 0  9992
2 54033   0.0200 181.9386 0000362 119.7951  59.7401  1.00271951 14567
EUTELSAT HOTBIRD 13F    
1 54048U 22134A   26275.75353200  .00000079  00000+0  00000+0 0  9994
2 54048   0.0572 286.5368 0001987  64.5181 304.6992  1.00271778 14455
EUTELSAT HOTBIRD 13G    
1 54225U 22146A   26277.13517197  .00000073  00000+0  00000+0 0  9999
2 54225   0.0481 237.1675 0001968 311.9219 245.4205  1.00269158  8556
ZHONGXING-19            
1 54230U 22148A   26277.31931383 -.00000096  00000+0  00000+0 0  9990
2 54230   0.0276 250.7319 0005060 304.6692  95.7489  1.00271334 14478
GALAXY 31 (G-31)        
1 54243U 22153A   26277.30343718 -.00000001  00000+0  00000+0 0  9994
2 54243   0.0182 200.4087 0001382   1.1883 159.6526  1.00270521  8221
GALAXY 32 (G-32)        
1 54244U 22153B   26276.50227301 -.00000185  00000+0  00000+0 0  9998
2 54244   0.0096 147.6732 0000735 128.7223 185.6487  1.00270829 14234
EUTELSAT 10B            
1 54259U 22157A   26277.17838532  .00000054  00000+0  00000+0 0  9990
2 54259   0.0557  98.1018 0001224  33.8486 315.1909  1.00267643 14116
GALAXY 35 (G-35)        
1 54741U 22170A   26277.31416647 -.00000176  00000+0  00000+0 0  9992
2 54741   0.0104 224.2290 0002078 337.4490 191.3465  1.00271155 13988
GALAXY 36 (G-36)        
1 54742U 22170B   26277.31538917 -.00000199  00000+0  00000+0 0  9993
2 54742   0.0216 144.0867 0001469   2.3516 251.1310  1.00270909 13870
METEOSAT-12 (MTG-I1)    
1 54743U 22170C   26277.10506499 -.00000020  00000+0  00000+0 0  9994
2 54743   0.7542  22.3084 0003059  96.2392 291.7250  1.00274474 14077
SHIJIAN-23 (SJ-23)      
1 55131U 23002A   26274.79050654  .00000055  00000+0  00000+0 0  9997
2 55131   3.9848  76.9000 0003494 222.3548  59.8761  1.00025067 13570
APSTAR-6E               
1 55239U 23005A   26276.98910447 -.00000331  00000+0  00000+0 0  9995
2 55239   0.0214 227.4329 0004459 354.3273 281.0400  1.00271492 19798
USA 342                 
1 55263U 23008A   26272.19181660  .00000143  00000+0  00000+0 0  9991
2 55263   0.0113 237.6551 0000132  26.2045 196.9971  1.00272856 13560
ELEKTRO-L 4             
1 55506U 23016A   26276.50566111 -.00000070  00000+0  00000+0 0  9997
2 55506   0.0948  66.6523 0002247 133.7904 159.5663  1.00271459 13428
AMAZONAS NEXUS          
1 55508U 23017A   26276.46438921 -.00000294  00000+0  00000+0 0  9990
2 55508   0.0560  28.4506 0001952 132.1162 317.8050  1.00269245  8139
ZHONGXING-26            
1 55686U 23023A   26277.27250576 -.00000368  00000+0  00000+0 0  9994
2 55686   0.0631  64.5316 0001978  66.9998 104.6021  1.00274442 13326
LUCH-5X (OLYMP-K 2)     
1 55841U 23031A   26274.60667912  .00000030  00000+0  00000+0 0  9991
2 55841   0.0212 112.1406 0000999  20.1946 158.4011  1.00272641 13001
GAOFEN-13 02            
1 55912U 23036A   26277.34191655 -.00000232  00000+0  00000+0 0  9990
2 55912   1.0222  14.5995 0003917 295.6554 334.1309  1.00271516 13189
SES-18                  
1 55970U 23038A   26277.31014539 -.00000115  00000+0  00000+0 0  9998
2 55970   0.0207 266.8477 0002475 329.7359 144.9909  1.00271116 13192
SES-19                  
1 55971U 23038B   26277.30918565  .00000073  00000+0  00000+0 0  9992
2 55971   0.0234 278.0829 0001617 289.1990 142.1448  1.00271704 13186
INTELSAT 40E (IS-40E)   
1 56174U 23052A   26276.50227328 -.00000185  00000+0  00000+0 0  9990
2 56174   0.0105 176.2987 0002747  24.5251 261.2279  1.00270997 12917
VIASAT-3 F1             
1 56370U 23060A   26277.26380066 -.00000200  00000+0  00000+0 0  9998
2 56370   0.0206 242.4178 0000277 297.8435 198.7362  1.00272170 12529
ARCTURUS                
1 56371U 23060B   26276.98633111 -.00000374  00000+0  00000+0 0  9991
2 56371   3.0477  78.5174 0000847 209.6370 199.3675  1.00274283 12553
GS-1                    
1 56372U 23060C   26276.86157980 -.00000188  00000+0  00000+0 0  9997
2 56372   2.9989  78.4440 0003069 264.1778  64.8973  1.00246821  8629
BEIDOU-3 G4             
1 56564U 23066A   26277.34191655 -.00000295  00000+0  00000+0 0  9996
2 56564   0.4455   3.6252 0005810 209.7951  62.7846  1.00272617 12485
ARABSAT-7B (BADR-8)     
1 56757U 23075A   26277.18159201  .00000130  00000+0  00000+0 0  9990
2 56757   0.0782  26.5238 0001594 331.9127 105.8339  1.00263253 12217
NVS-01 (IRNSS-1J)       
1 56759U 23076A   26277.27337243 -.00000353  00000+0  00000+0 0  9995
2 56759   1.9162 239.2284 0006685   6.0352 355.5889  1.00265726 12212
NUSANTARA TIGA (SATRIA) 
1 57045U 23086A   26276.27874586 -.00000245  00000+0  00000+0 0  9990
2 57045   0.0581   9.6608 0003185 276.2891 332.4027  1.00268654 10844
H2SAT (HEINRICH HERTZ)  
1 57213U 23093A   26274.96833980 -.00000003  00000+0  00000+0 0  9994
2 57213   0.0475  49.0960 0000586 341.3208 329.6100  1.00267768 11981
SYRACUSE 4B             
1 57214U 23093B   26274.98812277  .00000000  00000+0  00000+0 0  9999
2 57214   0.0206 195.7674 0000162  90.9945  73.2363  1.00269834  8042
JUPITER 3 (ECHOSTAR 24) 
1 57479U 23108A   26275.23409505  .00000000  00000+0  00000+0 0  9994
2 57479   0.0197 167.3497 0001072  16.8751 175.7743  1.00271831 11724
GALAXY 37 (G-37)        
1 57493U 23112A   26276.58111271  .00000037  00000+0  00000+0 0  9994
2 57493   0.0158 145.8753 0002185  60.9382 247.6884  1.00270436 11623
LUDI TANCE-4 01A        
1 57624U 23120A   26276.81280981 -.00000206  00000+0  00000+0 0  9999
2 57624  15.0348 191.2959 0004777  53.0266 150.4772  1.00271703 11638
TJS-10                  
1 58204U 23169A   26274.77875545 -.00000253  00000+0  00000+0 0  9998
2 58204   2.8119  79.0979 0004510 139.5425 164.6715  1.00273547 10608
ZHONGXING-6E            
1 58253U 23172A   26277.14905690 -.00000375  00000+0  00000+0 0  9990
2 58253   0.0104 187.1034 0002541  13.2510 341.6338  1.00266854 10751
YAOGAN-41               
1 58582U 23197A   26277.09350054 -.00000377  00000+0  00000+0 0  9996
2 58582   2.9420 315.0764 0012603 215.1173 359.4102  1.00274855 10417
OVZON-3                 
1 58698U 24003A   26275.19255565  .00000045  00000+0  00000+0 0  9992
2 58698   0.0112 187.2653 0000225  80.9610 231.7539  1.00272476  8521
INSAT-3DS               
1 58990U 24033A   26277.05011808 -.00000169  00000+0  00000+0 0  9995
2 58990   0.0236 113.0382 0001522  97.8229 262.0048  1.00269799 48163
MERAH PUTIH 2           
1 58995U 24035A   26275.65440534 -.00000365  00000+0  00000+0 0  9996
2 58995   0.0171 166.7532 0001343  51.6803 141.5012  1.00272625  9661
TJS-11                  
1 59020U 24037A   26275.87449475 -.00000372  00000+0  00000+0 0  9993
2 59020   4.0678 328.5068 0003607 290.3730 180.0641  1.00268461  9664
HULIANWAN GAOGUI-01 (H*)
1 59069U 24040A   26275.08656030  .00000151  00000+0  00000+0 0  9994
2 59069   0.0973 340.8648 0001873  20.2758  74.4504  1.00267992  8408
EUTELSAT 36D            
1 59346U 24059A   26275.06850512  .00000151  00000+0  00000+0 0  9991
2 59346   0.0155 204.9173 0000461  80.7891 145.6385  1.00270886  9216
PAKSAT-MM1              
1 59915U 24104A   26276.04361811  .00000144  00000+0  00000+0 0  9994
2 59915   0.0192 200.6243 0001913 358.0479 226.9598  1.00270301  8609
EKRAN 2 DEB             
1 59987U 77092N   26276.96951770  .00000137  00000+0  00000+0 0  9999
2 59987   3.8524 272.4125 0013540 235.0847 249.0590  1.00193081 64201
ASTRA 1P (SES-24)       
1 60086U 24115A   26275.23655661  .00000114  00000+0  00000+0 0  9993
2 60086   0.0620   0.1361 0003295 238.7588 236.4491  1.00270587  8277
GOES 19                 
1 60133U 24119A   26277.23281223 -.00000262  00000+0  00000+0 0  9996
2 60133   0.0401  26.0211 0000969 246.3790 109.1645  1.00270062  8054
ZHONGXING-3A            
1 60179U 24122A   26275.87388265 -.00000322  00000+0  00000+0 0  9999
2 60179   0.0408  19.8680 0002933 204.1490 203.7501  1.00270891  8381
TURKSAT 6A              
1 60233U 24127A   26275.06850512  .00000141  00000+0  00000+0 0  9993
2 60233   0.0333 219.1805 0004950 350.5693 227.7344  1.00274267  8084
HULIANWAN GAOGUI-02 (H*)
1 60327U 24135A   26277.16225457 -.00000187  00000+0  00000+0 0  9994
2 60327   0.0700 351.1411 0004491 349.8510 243.3945  1.00271606  8585
ZHONGXING-4A            
1 60606U 24151A   26277.13794720 -.00000377  00000+0  00000+0 0  9994
2 60606   1.0400 269.9014 0001490  19.8673 250.9820  1.00270679  7841
HULIANWAN GAOGUI-03 (H*)
1 61503U 24181A   26277.31576286 -.00000255  00000+0  00000+0 0  9994
2 61503   0.0784 353.5300 0000486  71.4914 344.5620  1.00270321  7916
DSN-3 (KIRAMEKI-3)      
1 61733U 24198A   26277.27623244 -.00000264  00000+0  00000+0 0  9999
2 61733   0.0024 153.3119 0001116  45.6905  57.4877  1.00269942  7018
KOREASAT 6A             
1 61910U 24206A   26277.27059909  .00000000  00000+0  00000+0 0  9994
2 61910   0.0204 173.3545 0000900  33.0229  20.0263  1.00268966  6930
INTELSAT 33E DEB        
1 61994U 16053L   26266.40726513 -.00000284  00000+0  00000+0 0  9997
2 61994   1.8339  83.6670 0024812 215.0437 145.5918  1.00509715  7080
INTELSAT 33E DEB        
1 61998U 16053Q   26277.01715606 -.00000026  00000+0  00000+0 0  9995
2 61998   1.8331  81.6167 0012205  31.0811 329.5486  1.00443051  7196
INTELSAT 33E DEB        
1 62000U 16053S   26274.96859315 -.00000196  00000+0  00000+0 0  9995
2 62000   1.9786  89.0608 0027311   0.1072   0.4343  1.00096173  7150
INTELSAT 33E DEB        
1 62003U 16053V   26276.89439963 -.00000373  00000+0  00000+0 0  9992
2 62003   1.8995  85.5842 0012351 202.1289 158.3715  1.00436422  7170
OPTUS-X (ADS-01)        
1 62006U 24212A   26277.27865912 -.00000157  00000+0  00000+0 0  9991
2 62006   0.0186 256.9864 0002775 301.1091  71.6193  1.00270748  6852
GSAT-N2 (GSAT-20)       
1 62028U 24214A   26277.18991205 -.00000033  00000+0  00000+0 0  9995
2 62028   0.0553  86.1036 0001298 231.8775 191.2529  1.00269734  6995
SXM-9                   
1 62259U 24234A   26275.09262854 -.00000210  00000+0  00000+0 0  9999
2 62259   0.0169 267.8886 0004349  38.8726  12.2643  1.00270064  6645
TJS-12                  
1 62374U 24246A   26277.34191655 -.00000246  00000+0  00000+0 0  9999
2 62374   0.4621 315.9100 0000740 187.8630 138.8992  1.00271044  6656
NUVIEW ALPHA            
1 62455U 24252B   26277.18794461 -.00000229  00000+0  00000+0 0  9993
2 62455   0.0485  29.5115 0000204 248.3910  79.5857  1.00270388  4911
AGILA                   
1 62456U 24252C   26272.28030791 -.00000080  00000+0  00000+0 0  9994
2 62456   0.0398 117.8550 0001367 162.1062 345.9734  1.00525745  6209
NUVIEW BRAVO            
1 62457U 24252D   26276.50060286 -.00000226  00000+0  00000+0 0  9998
2 62457   0.0651 155.2757 0001644  33.9444 280.1317  1.00271126  4873
THURAYA-4               
1 62483U 25001A   26276.11607178  .00000130  00000+0  00000+0 0  9997
2 62483   0.0275  92.6191 0000306 170.2727 195.0135  1.00272740  5262
SHIJIAN-25 (SJ-25)      
1 62485U 25002A   26274.78856884 -.00000351  00000+0  00000+0 0  9997
2 62485   5.3622  60.4265 0046500 179.8963 181.4155  1.00277174  6433
TJS-14                  
1 62804U 25017A   26277.10879168  .00000101  00000+0  00000+0 0  9999
2 62804   0.5579 307.4818 0003947 327.4987 155.3855  1.00269565  6363
SPAINSAT NG I           
1 62852U 25021A   26275.17892230  .00000000  00000+0  00000+0 0  9995
2 62852   0.0132 185.1554 0000397  86.6080 192.5321  1.00269798  5063
QZS-6 (MICHIBIKI-6)     
1 62876U 25023A   26277.06433941 -.00000246  00000+0  00000+0 0  9996
2 62876   0.0019 109.9197 0002186 102.8172 273.7233  1.00269198  6048
ZHONGXING-10R           
1 63075U 25036A   26277.15461441 -.00000366  00000+0  00000+0 0  9991
2 63075   0.0370 236.1732 0004955 308.6695 354.1862  1.00274410  6056
TJS-15                  
1 63157U 25045A   26276.81382571 -.00000230  00000+0  00000+0 0  9990
2 63157   0.4826  84.3437 0001590 200.6968 109.1565  1.00273461  5847
TIANLIAN 2-04           
1 63361U 25062A   26277.00241759 -.00000154  00000+0  00000+0 0  9995
2 63361   4.1024 272.9496 0034018   8.2501 172.4270  1.00272179  5695
TJS-16                  
1 63397U 25064A   26274.69426394 -.00000107  00000+0  00000+0 0  9996
2 63397   1.3657  80.4832 0002278 225.8394 114.7497  1.00271193  5450
TIANLIAN 2-05           
1 63662U 25084A   26277.10922501  .00000105  00000+0  00000+0 0  9990
2 63662   4.1827 278.6773 0000635 272.6760 241.1249  1.00270099  5478
TJS-19                  
1 63924U 25097A   26276.82082830 -.00000290  00000+0  00000+0 0  9991
2 63924   3.1161 319.4068 0006796 275.0971 214.7730  1.00272251  5232
CHINASAT 3B             
1 64062U 25106A   26277.27197541 -.00000059  00000+0  00000+0 0  9995
2 64062   0.0451  21.8611 0002906 191.9403  64.3701  1.00271191  5157
SXM-10                  
1 64290U 25122A   26275.23100410 -.00000023  00000+0  00000+0 0  9990
2 64290   0.0157  82.0224 0001692 249.2927   6.6562  1.00271424  4759
COSMOS 2589             
1 64467U 25131A   26274.71126249 -.00000347  00000+0  00000+0 0  9995
2 64467   0.2059  87.6937 0006889  42.4763 264.4167  1.00273495  4625
CHINASAT 9C             
1 64470U 25132A   26277.06433941 -.00000261  00000+0  00000+0 0  9996
2 64470   0.0242 235.1937 0003144 320.8561 292.1094  1.00270736  5242
MTG-S1                  
1 64723U 25143A   26277.10515166 -.00000019  00000+0  00000+0 0  9995
2 64723   0.6131 344.8552 0004247 257.6961 167.9520  1.00274571  4516
DROR 1                  
1 64784U 25148A   26277.17561198 -.00000048  00000+0  00000+0 0  9992
2 64784   0.0471  78.0827 0001429 173.2870 180.7273  1.00271121  4387
NTS-3                   
1 65160U 25173A   26277.24338562 -.00000115  00000+0  00000+0 0  9999
2 65160   3.5088  70.5864 0001613 157.7164 210.5297  1.00653947  1132
SHIYAN-29               
1 65486U 25196A   26276.88017270 -.00000279  00000+0  00000+0 0  9995
2 65486  28.9356  17.1695 0015719 180.4256 227.1407  1.00281065  3977
NUSANTARA LIMA (NUSANT*)
1 65588U 25205A   26275.49601843 -.00000364  00000+0  00000+0 0  9995
2 65588   0.0047  55.2191 0000654 208.2223  39.2138  1.00270265  3790
TJS-20                  
1 66142U 25238A   26277.24280987  .00000006  00000+0  00000+0 0  9997
2 66142   5.2348 299.1986 0003352 266.5737 317.0010  1.00274036  3420
CMS-03 (GSAT-7R)        
1 66311U 25249B   26276.97723106  .00000000  00000+0  00000+0 0  9995
2 66311   0.0192 171.9322 0000732  55.6049 210.9387  1.00270526  3430
VIASAT-3 F2             
1 66454U 25261A   26275.02254794 -.00000238  00000+0  00000+0 0  9998
2 66454   0.0153 245.3060 0001399  17.3124  37.2813  1.00271622  3868
SHIJIAN-28 (SJ-28)      
1 66549U 25277A   26276.96691956 -.00000379  00000+0  00000+0 0  9995
2 66549   4.2649 270.4642 0001466  67.7780 139.3917  1.00270750  3248
TJS-22                  
1 66990U 25290A   26277.22614139 -.00000022  00000+0  00000+0 0  9993
2 66990   1.2721 288.7840 0004918 329.7257 262.3191  1.00270477  3116
TJS-23                  
1 67226U 25306A   26276.30358105  .00000002  00000+0  00000+0 0  9997
2 67226   5.3496 296.9892 0004342 271.9946  87.7968  1.00271139  2975
FENGYUN 4C              
1 67246U 25312A   26276.91770142 -.00000336  00000+0  00000+0 0  9993
2 67246   0.0141  76.4080 0001157 211.5314 188.0908  1.00268989  2963
SHIJIAN-29A (SJ-29A)    
1 67302U 25315A   26277.11971172 -.00000080  00000+0  00000+0 0  9994
2 67302   3.6683  92.4670 0006081  80.4641 316.3410  1.00269133  2715
SHIJIAN-29B (SJ-29B)    
1 67403U 25315C   26276.97481412 -.00000081  00000+0  00000+0 0  9993
2 67403   3.6671  92.4665 0007161 101.1426 243.4188  1.00269780  2776
ELEKTRO-L 5             
1 67756U 26028A   26276.75412103 -.00000110  00000+0  00000+0 0  9996
2 67756   0.0533  47.6521 0001590 128.2088 184.1575  1.00271471  2335
JAM-E JAM 1             
1 67757U 26028B   26277.11191169  .00000142  00000+0  00000+0 0  9998
2 67757   0.1630  17.7329 0000655 278.6398 150.6748  1.00275869  2216
ECHOSTAR 25             
1 68126U 26045A   26275.59106740 -.00000064  00000+0  00000+0 0  9993
2 68126   0.0182 154.8065 0001587  47.4428 271.8641  1.00269848  2071
VIASAT-3 F3             
1 68893U 26096A   26276.50139785 -.00000135  00000+0  00000+0 0  9996
2 68893   0.0183 225.7878 0000261  56.1582  69.3380  1.00270905  1692
TJS-24                  
1 69235U 26116A   26277.30755796 -.00000246  00000+0  00000+0 0  9998
2 69235   0.2840  87.4432 0002056 184.1275 302.4972  1.00271362  1325
TJS-25                  
1 69474U 26129A   26277.04766889 -.00000384  00000+0  00000+0 0  9996
2 69474   5.8627 330.6990 0005218 287.6025 251.8365  1.00275129  1150
TJS-26A                 
1 69674U 26144A   26276.96393316 -.00000365  00000+0  00000+0 0  9995
2 69674   6.8356 323.2178 0006795 342.0944 161.8790  1.00275426  1034
SXM-11                  
1 69728U 26148A   26275.08664852 -.00000027  00000+0  00000+0 0  9992
2 69728   0.0162 147.2378 0000539 132.6747   6.8070  1.00270440  1114
