OPS 6582 (TRANSIT 5B-5) 
1 00965U 64083D   26277.30684398  .00000049  00000+0  55500-4 0  9997
2 00965  90.0879 203.9512 0040479 321.1212 155.9381 13.57020837 58419
LES-1                   
1 01002U 65008C   26276.28590540  .00000013  00000+0  57333-3 0  9995
2 01002  32.1396 148.6275 0015229 300.0108  59.8878  9.88355072226881
SOLRAD 7B               
1 01291U 65016D   26277.31701773 -.00000002  00000+0  36997-4 0  9994
2 01291  70.0819   4.2508 0022378 331.3359  28.6515 13.94985971131927
SECOR 4 (EGRS 4)        
1 01315U 65027B   26277.09627382 -.00000023  00000+0 -11001-3 0  9993
2 01315  90.2610  18.0770 0029395 276.2243 203.2819 12.92669170900992
TIROS 10                
1 01430U 65051A   26277.28704986  .00000080  00000+0  37405-4 0  9993
2 01430  98.5161  36.2099 0056338 111.2007 249.5214 14.41661626211633
ALOUETTE 2              
1 01804U 65098A   26277.22159358  .00000524  00000+0  16750-3 0  9992
2 01804  79.8015 183.8967 1331093  11.4839 351.3655 12.28448256692662
OV3-3                   
1 02389U 66070A   26277.27898288  .00004939  00000+0  22150-3 0  9994
2 02389  81.3242 234.5520 1001322 233.9802 116.4485 13.47536084613652
SECOR 7 (EGRS 7)        
1 02411U 66077B   26275.97396528 -.00000005  00000+0 -31655-2 0  9993
2 02411  90.3229 278.6986 0009976 307.8003  52.1945  8.59615345886647
ERS 15                  
1 02412U 66077C   26276.97226319  .00000002  00000+0  00000+0 0  9997
2 02412  90.3251 278.5040 0006102 319.2101  40.8292  8.59079916399801
ISIS 1                  
1 03669U 69009A   26277.05921906  .00000064  00000+0  34715-4 0  9997
2 03669  88.4350 132.4370 1707717  28.4916 339.9587 11.30452310372077
SECOR 13 (EGRS 13)      
1 03891U 69037B   26277.10597809 -.00000035  00000+0  12814-4 0  9997
2 03891  99.6279 143.7767 0039355 344.9758 168.9428 13.42980667816374
ATS 5                   
1 04068U 69069A   26277.07265152  .00000005  00000+0  00000+0 0  9993
2 04068   0.4483 115.8486 0005986 156.7259 322.0673  0.99494528 47414
OPS 7613 (P/L 4)        
1 04237U 69082E   26277.30344181  .00000015  00000+0  49202-4 0  9995
2 04237  70.0140 230.7832 0021425 340.3950 132.0035 13.96010072901534
OPS 7613 (P/L 1)        
1 04256U 69082B   26277.18343587  .00000041  00000+0  64880-4 0  9999
2 04256  70.0073  90.8584 0022112 281.4751  78.3874 13.99219302905714
SHINSEI (MS-F2)         
1 05485U 71080A   26277.17418610  .00000022  00000+0  17407-4 0  9996
2 05485  32.0555 351.5373 0639659  39.6961 324.8710 12.74258335563169
PROSPERO (BLACK ARROW)  
1 05580U 71093A   26277.22414904  .00000485  00000+0  10204-3 0  9994
2 05580  82.0414 195.1086 0498838 274.4852  79.9513 14.01883987763808
OPS 7898 (P/L 2)        
1 05680U 71110C   26277.30771413 -.00000024  00000+0  27992-4 0  9998
2 05680  69.9881 137.7277 0006942  13.0740 347.0533 13.74766147363218
NOAA 2 (ITOS-D)         
1 06235U 72082A   26277.31708603 -.00000043  00000+0  22830-4 0  9993
2 06235 102.0056 297.0744 0003931 326.5378  45.0668 12.53218195468627
OSCAR 7 (AO-7)          
1 07530U 74089B   26277.29515810 -.00000045  00000+0  88801-5 0  9997
2 07530 101.9911 291.6802 0011944 283.5675  87.8873 12.53699840374194
TIROS N                 
1 11060U 78096A   26277.33158722  .00000041  00000+0  39407-4 0  9994
2 11060  98.4512 293.4307 0009264 288.2210  71.7958 14.19399790694234
PHASE 3B (AO-10)        
1 14129U 83058B   26276.14817977 -.00000150  00000+0  00000+0 0  9993
2 14129  25.9833 201.9435 5976563 145.2340 274.6807  2.05869834297718
HILAT                   
1 14154U 83063A   26277.16982161  .00000218  00000+0  65470-4 0  9999
2 14154  82.0231  59.6853 0038389 321.5800 212.0150 14.38764604263251
UOSAT 2 (UO-11)         
1 14781U 84021B   26277.14818582  .00000705  00000+0  76904-4 0  9998
2 14781  97.8210 241.6049 0007570 172.1235 188.0103 14.91029185273368
NOAA 9                  
1 15427U 84123A   26277.07219208  .00000032  00000+0  38736-4 0  9995
2 15427  99.0925 306.2031 0015269  44.4171 341.3981 14.17090963158849
GEOSAT                  
1 15595U 85021A   26276.79779663 -.00000007  00000+0  41050-4 0  9999
2 15595 108.0460 307.4921 0002578 262.8490  97.2359 14.40009655178404
EUTELSAT 1-F4 (ECS 4)   
1 18351U 87078B   26275.76237205  .00000018  00000+0  00000+0 0  9999
2 18351  13.7539 341.3660 0007926  36.2238 326.2938  0.98687231127826
PACSAT (AO-16)          
1 20439U 90005D   26277.08893049  .00000026  00000+0  26134-4 0  9994
2 20439  98.8425 315.2728 0009500 272.1250 114.5934 14.33962104917543
LUSAT (LO-19)           
1 20442U 90005G   26277.29911254  .00000040  00000+0  31098-4 0  9991
2 20442  98.8802 302.0877 0010597 243.6845 116.3251 14.34147434918035
IRS-1B                  
1 21688U 91061A   26277.26177037  .00000134  00000+0  12751-3 0  9995
2 21688  99.4141 287.9408 0025346  67.3255 304.2931 13.97889908683732
COSMOS 2197             
1 22034U 92042A   26277.14252505  .00000019  00000+0  45091-4 0  9998
2 22034  82.5967 159.3382 0013505  29.7127 124.3148 12.64254981579054
PEGASUS R/B             
1 22491U 93009C   26276.95042079  .00000600  00000+0  83020-4 0  9990
2 22491  24.9766 125.5129 0043841 200.0131 159.8659 14.58081227785524
EYESAT A (AO-27)        
1 22825U 93061C   26277.15009979  .00000032  00000+0  29016-4 0  9998
2 22825  98.6769 344.4620 0009179 135.7126 224.4793 14.30964615722584
ITAMSAT (IO-26)         
1 22826U 93061D   26277.16685317  .00000031  00000+0  28286-4 0  9993
2 22826  98.6716 344.4075 0009913 120.4615 239.7549 14.31393783722908
RADIO ROSTO (RS15)      
1 23439U 94085A   26277.29220989 -.00000045  00000+0 -65872-4 0  9994
2 23439  64.8136 126.7616 0159639 344.3616  15.2409 11.27584102308205
JAS-2 (FO-29)           
1 24278U 96046B   26277.28926893 -.00000019  00000+0  15320-4 0  9994
2 24278  98.5148 111.1983 0349952 173.1316 187.4805 13.53278595487929
FORTE                   
1 24920U 97047A   26277.30034326  .00000067  00000+0  50143-4 0  9998
2 24920  69.9515 127.5587 0019739 134.4868 225.7872 14.27979634514265
NOAA 15                 
1 25338U 98030A   26277.27571157  .00000052  00000+0  38638-4 0  9998
2 25338  98.5042 294.9495 0010843  33.4650 326.7214 14.27172572476853
TECHSAT 1B (GO-32)      
1 25397U 98043D   26277.22129930  .00000026  00000+0  31604-4 0  9997
2 25397  99.0169 272.7814 0000254 244.9852 115.1300 14.24445395466859
ISS (ZARYA)             
1 25544U 98067A   26277.07866052  .00003472  00000+0  71811-4 0  9995
2 25544  51.6316 121.2001 0006887 219.9512 140.0970 15.48727366588639
ORSTED                  
1 25635U 99008B   26276.93613503  .00000253  00000+0  63417-4 0  9994
2 25635  96.4676 159.6784 0131025 197.0853 162.5916 14.51898897457743
LANDSAT 7               
1 25682U 99020A   26277.27284273  .00000211  00000+0  48693-4 0  9999
2 25682  97.8648 275.9487 0001756  92.3797  34.3028 14.63991643461800
ORBCOMM FM36            
1 25984U 99065E   26276.94600428  .00000466  00000+0  19399-3 0  9992
2 25984  45.0402   3.1990 0004567 186.5876 173.4914 14.39366187402654
DMSP 5D-3 F15 (USA 147) 
1 25991U 99067A   26277.33392442  .00000037  00000+0  40803-4 0  9999
2 25991  98.9859 317.2002 0010800  56.1792 314.7229 14.17590888386118
OPAL (OO-38)            
1 26063U 00004C   26277.13952581  .00000073  00000+0  43367-4 0  9995
2 26063 100.2020 234.1009 0036473  87.0285 273.5069 14.37995734398943
IMAGE                   
1 26113U 00017A   26273.81145828  .00000152  00000+0  00000+0 0  9994
2 26113  94.2891 316.6834 7366341 276.0467  12.3925  1.68668802163288
MEGSAT-1                
1 26546U 00057B   26277.06612301  .00001693  00000+0  12593-3 0  9999
2 26546  64.5471  80.0692 0044109 271.6539  87.9526 15.05977174414055
PHASE 3D (AO-40)        
1 26609U 00072B   26277.13907492 -.00000461  00000+0  00000+0 0  9991
2 26609   9.3214 333.5750 7938194 213.2240  51.3820  1.25589424118880
OMNI-M1                 
1 26857U 01026A   26276.26172601 -.00000007  00000+0  00000+0 0  9991
2 26857  44.8032 220.3569 0014951  72.2446 287.9381  3.92403116209810
PCSAT (NO-44)           
1 26931U 01043C   26277.25650855  .00000044  00000+0  47471-4 0  9993
2 26931  67.0514 322.1621 0005981 274.2353  85.8065 14.31988766306062
PROBA-1                 
1 26958U 01049B   26277.31165503  .00001637  00000+0  10767-3 0  9992
2 26958  97.9623 289.6984 0055759 113.0836 247.6283 15.07852132360068
SPOT 5                  
1 27421U 02021A   26277.04910523  .00000130  00000+0  37811-4 0  9996
2 27421  97.9751 311.0376 0128221 297.9918  60.8354 14.54820686278678
FENGYUN 1D              
1 27431U 02024B   26277.05605613  .00000022  00000+0  37392-4 0  9996
2 27431  98.9396 326.8249 0014426 298.1406  61.8306 14.10236259254822
SAUDISAT 1C (SO-50)     
1 27607U 02058C   26277.05110148  .00000378  00000+0  62620-4 0  9998
2 27607  64.5518 152.1123 0070831 242.3946 116.9956 14.83238879280603
CORIOLIS                
1 27640U 03001A   26277.27592866  .00000064  00000+0  50658-4 0  9999
2 27640  98.7171 282.5183 0012894 258.1829 101.7901 14.19969872229707
CUTE-1 (CO-55)          
1 27844U 03031E   26276.98956023  .00000152  00000+0  84464-4 0  9994
2 27844  98.6771 284.2009 0008693 225.1028 134.9446 14.24389312207160
CUBESAT XI-IV (CO-57)   
1 27848U 03031J   26276.82206664  .00000128  00000+0  75422-4 0  9997
2 27848  98.6804 283.6606 0008396 246.7682 113.2613 14.23666825206837
MOZHAETS 4 (RS22)       
1 27939U 03042A   26277.34508164  .00000028  00000+0  12564-4 0  9995
2 27939  98.3477 104.8251 0010010 284.9637 196.6402 14.73620366231622
IRS-P6 (RESOURCESAT-1)  
1 28051U 03046A   26277.33250194  .00000090  00000+0  43791-4 0  9996
2 28051  98.1828 308.4572 0064480  15.7368  53.4008 14.36188965196192
SAUDISAT 2              
1 28371U 04025F   26276.28139116  .00000123  00000+0  38543-4 0  9998
2 28371  98.5572 279.0946 0024026 327.2078  32.7627 14.56733138181489
COSMOS 2407             
1 28380U 04028A   26277.33253784  .00000039  00000+0  25109-4 0  9996
2 28380  82.9648 353.9949 0038074 308.2584 123.0092 13.76341659114899
COSMOS 2414             
1 28521U 05002A   26277.24983505  .00000063  00000+0  39131-4 0  9994
2 28521  82.9500 321.1572 0040500  20.4060 339.8710 13.87935782 98940
INMARSAT 4-F1           
1 28628U 05009A   26277.17961481  .00000022  00000+0  00000+0 0  9993
2 28628   5.3209  42.8179 0003099 165.7776  47.0762  1.00271424 78763
HAMSAT (VO-52)          
1 28650U 05017B   26277.32070331  .00002194  00000+0  13706-3 0  9992
2 28650  97.9855 305.0544 0019513  30.6526 329.5838 15.10475390163236
NOAA 18                 
1 28654U 05018A   26277.25552528  .00000027  00000+0  37281-4 0  9990
2 28654  98.8040 355.3099 0013988 196.9167 163.1541 14.13746027101725
SJ-7                    
1 28737U 05024A   26276.81547775  .00004530  00000+0  19611-3 0  9997
2 28737  97.7207 309.9062 0015499  20.2687 339.9161 15.22854463164556
CUBESAT XI-V            
1 28895U 05043F   26277.17550057  .00000769  00000+0  12834-3 0  9990
2 28895  98.3125  75.2004 0013293 215.9642 144.0671 14.72860599117796
CLOUDSAT                
1 29107U 06016A   26277.26460721  .00000431  00000+0  55551-4 0  9996
2 29107  98.3822 320.5547 0004855 354.0114   6.1042 14.86560040 90713
CALIPSO                 
1 29108U 06016B   26277.31514521  .00000446  00000+0  84055-4 0  9998
2 29108  98.4451 296.7047 0000893  78.3611 281.7694 14.69510440 89080
HINODE (SOLAR-B)        
1 29479U 06041A   26277.32807274  .00000284  00000+0  57091-4 0  9998
2 29479  98.0540 291.8765 0016257 304.3113  55.6553 14.68735770 70894
METOP-A                 
1 29499U 06044A   26277.26078997  .00000940  00000+0  11322-3 0  9993
2 29499  98.3403  27.4473 0174241  81.6372 335.1118 14.76275438 41548
SHIJIAN-6 02B (SJ-6 02B)
1 29506U 06046B   26277.30862116  .00000796  00000+0  66104-4 0  9991
2 29506  97.6961 305.5830 0015259  67.4549 292.8289 15.01506401 87113
DMSP 5D-3 F17 (USA 191) 
1 29522U 06050A   26277.27669201  .00000086  00000+0  66851-4 0  9991
2 29522  98.7428 281.6403 0011200 103.1464 257.0961 14.15012357 27858
LAPAN-TUBSAT            
1 29709U 07001A   26277.27100244 -.00000388  00000+0 -37664-4 0  9999
2 29709  98.1419 279.0008 0011843 184.3995 175.7118 14.86036804 67354
HAIYANG-1B              
1 31113U 07010A   26277.21926093  .00000037  00000+0  29981-4 0  9995
2 31113  98.3641 254.9061 0012389 236.0604 123.9403 14.31048724 16231
BEIDOU-2 M1             
1 31115U 07011A   26263.10355439  .00000005  00000+0  00000+0 0  9992
2 31115  50.9044 216.1256 0002591 349.3982  10.5712  1.77349384 77830
CAPE-1                  
1 31130U 07012P   26277.17698334  .00000685  00000+0  13087-3 0  9993
2 31130  98.4605 254.6850 0084443  90.8665 270.2214 14.65084623 34317
CBERS 2B                
1 32062U 07042A   26277.30212541  .00000152  00000+0  59946-4 0  9992
2 32062  98.4024 220.0919 0031259   8.5580 120.0349 14.41519542   387
COSMO-SKYMED 2          
1 32376U 07059A   26277.32563628  .00000188  00000+0  30188-4 0  9991
2 32376  97.8910  99.3743 0001391  90.0080 270.1293 14.82147107 18179
CARTOSAT-2A             
1 32783U 08021A   26277.28669817  .00000360  00000+0  54967-4 0  9998
2 32783  97.7516 322.2096 0013163 113.7411 246.5183 14.79343049994933
CUTE-1.7+APD II (CO-65) 
1 32785U 08021C   26277.19863795  .00002760  00000+0  17255-3 0  9995
2 32785  97.8406 261.0301 0009411  28.4196 331.7544 15.10297148  1656
SEEDS II (CO-66)        
1 32791U 08021J   26277.23311876  .00012763  00000+0  36504-3 0  9997
2 32791  97.7576 280.6625 0000473 353.2332   6.8904 15.36116485  4000
YUBILEINY (RS30)        
1 32953U 08025A   26277.30720222 -.00000036  00000+0 -33012-3 0  9991
2 32953  82.4994 287.5669 0020670  74.7572 285.5791 12.43183131833255
FENGYUN 3A              
1 32958U 08026A   26277.29604121  .00000039  00000+0  38971-4 0  9995
2 32958  98.6966 216.1190 0008796 166.7625 193.3784 14.19589831950880
HUANJING 1A (HJ-1A)     
1 33320U 08041A   26277.25588501  .00001223  00000+0  15188-3 0  9995
2 33320  97.6822 258.9620 0019879 136.4452 223.8337 14.84189098974581
HUANJING 1B (HJ-1B)     
1 33321U 08041B   26277.27568682  .00000669  00000+0  86799-4 0  9996
2 33321  97.6652 261.8157 0035872 182.8634 177.2381 14.83484218974581
SHIJIAN-6 03A (SJ-6 03A)
1 33408U 08053A   26277.30208784  .00000844  00000+0  45069-4 0  9993
2 33408  97.8331 314.4357 0010904   4.9476 355.1862 15.18011777979511
SHIJIAN-6 03B (SJ-6 03B)
1 33409U 08053B   26277.31210877  .00000476  00000+0  38465-4 0  9994
2 33409  97.8553 299.0133 0020475  37.4907 322.7742 15.04538669979158
CHUANGXIN 1-02 (CX-1-02)
1 33434U 08056B   26277.29833317 -.00000049  00000+0 -20819-5 0  9995
2 33434  98.6088 302.4497 0014280 175.1813 184.9510 14.30170366934216
STARS (KUKAI)           
1 33498U 09002G   26276.70223581  .00002063  00000+0  18766-3 0  9990
2 33498  98.1669 228.5467 0008451 160.0819 200.0733 14.96382449954705
KKS-1 (KISEKI)          
1 33499U 09002H   26277.27329823  .00000715  00000+0  94111-4 0  9991
2 33499  98.1178 201.4428 0006654 303.4971  56.5606 14.83349238952361
NOAA 19                 
1 33591U 09005A   26277.27397884  .00000006  00000+0  27175-4 0  9998
2 33591  98.9419 348.1710 0014787  82.7666 277.5187 14.13487889909894
UK-DMC 2                
1 35683U 09041C   26277.29484544  .00000299  00000+0  50478-4 0  9990
2 35683  97.8997  49.7005 0001036  93.4498 266.6830 14.76160283922662
METEOR-M 1              
1 35865U 09049A   26277.18961095  .00000044  00000+0  39134-4 0  9993
2 35865  98.7540 238.9497 0002481  21.0453 339.0826 14.23176060884757
OCEANSAT-2              
1 35931U 09051A   26277.28675645  .00000288  00000+0  22243-3 0  9996
2 35931  98.2460 253.3005 0014331 290.8374  69.1258 13.99668575894590
SWISSCUBE               
1 35932U 09051B   26277.01411818  .00000529  00000+0  11370-3 0  9995
2 35932  98.3942 186.7499 0005593 228.7488 131.3231 14.62648981905067
BEESAT-1                
1 35933U 09051C   26277.28658497  .00000447  00000+0  99281-4 0  9998
2 35933  98.3867 186.4298 0003983 244.3434 115.7356 14.61861236905124
ITUPSAT1                
1 35935U 09051E   26275.72924208  .00000405  00000+0  93474-4 0  9995
2 35935  98.3947 183.9243 0006171 266.2960  93.7534 14.60569853904431
DMSP 5D-3 F18 (USA 210) 
1 35951U 09057A   26277.25366920  .00000144  00000+0  97640-4 0  9999
2 35951  98.9180 257.8560 0010201 305.6980  54.3243 14.14948091875011
PROBA-2                 
1 36037U 09059B   26276.97318766  .00000090  00000+0  31433-4 0  9998
2 36037  98.2478  98.8545 0012277 308.3676  51.6418 14.54899118897346
YAOGAN-7                
1 36110U 09069A   26277.28501541  .00000236  00000+0  39767-4 0  9991
2 36110  97.9887 162.3800 0025647  49.3396 311.0038 14.78090576905747
XIWANG-1 (HOPE-1)       
1 36122U 09072B   26277.22646289  .00000395  00000+0  11500-2 0  9990
2 36122 100.4165 229.3666 0007525 350.4658   9.6311 13.16443539807359
RADUGA-1M 2             
1 36358U 10002A   26277.31066845 -.00000279  00000+0  00000+0 0  9992
2 36358   3.8990  77.4238 0005383 232.3862 331.2360  0.98969662 51102
COSMOS 2463             
1 36519U 10017A   26277.25503316  .00000026  00000+0  11647-4 0  9992
2 36519  82.9639 169.5862 0035814 185.3501 296.4431 13.71671349822883
CARTOSAT-2B             
1 36795U 10035A   26277.28923934 -.00000121  00000+0 -93138-5 0  9997
2 36795  97.9834 327.0703 0011092 191.7234 168.3720 14.78659142875974
AISSAT 1                
1 36797U 10035C   26277.25474643  .00000892  00000+0  81474-4 0  9996
2 36797  98.0786 180.2906 0009798  57.5262 302.6905 14.97724101880544
TISAT 1                 
1 36799U 10035E   26276.68422747  .00017252  00000+0  50030-3 0  9993
2 36799  98.0807 233.2533 0002002 143.7191 216.4186 15.35615225884338
YAOGAN-10               
1 36834U 10038A   26277.33723588  .00000135  00000+0  21862-4 0  9990
2 36834  97.8941 299.8676 0001607  90.0200 327.2867 14.85613168873417
SHIJIAN-6 04B (SJ-6 04B)
1 37180U 10051B   26277.26699384 -.00000263  00000+0 -16322-4 0  9997
2 37180  97.8751 283.8573 0011569 314.0348  45.9921 14.99479937872020
FENGYUN 3B              
1 37214U 10059A   26277.35062649  .00000271  00000+0  16343-3 0  9990
2 37214  98.9505 323.7661 0021204 235.8074 182.5001 14.14860360822867
COSMO-SKYMED 4          
1 37216U 10060A   26277.27080427  .00000285  00000+0  42405-4 0  9993
2 37216  97.8915  99.3227 0001866  81.3858 278.7566 14.82153569860724
O/OREOS (USA 219)       
1 37224U 10062C   26276.20481311  .00001084  00000+0  10724-3 0  9999
2 37224  71.9704 195.5858 0015896 225.0787 134.9095 14.94089283132778
ELEKTRO-L 1 (GOMS 2)    
1 37344U 11001A   26276.64843131  .00000116  00000+0  00000+0 0  9993
2 37344   9.9287  53.3660 0002907  47.3359 353.7701  1.00189879 57573
RESOURCESAT-2           
1 37387U 11015A   26277.25252301 -.00000001  00000+0  19827-4 0  9992
2 37387  98.7533 343.8785 0010286 305.8513  54.1708 14.21612224801677
YOUTHSAT                
1 37388U 11015B   26277.21193491  .00000126  00000+0  70713-4 0  9991
2 37388  98.3840 246.4257 0015097  26.1934 344.8083 14.25666923803173
APRIZESAT 6             
1 37793U 11044F   26277.29706753  .00000358  00000+0  57792-4 0  9991
2 37793  98.2285 189.9806 0044322  96.4404  23.1866 14.77039297813252
JUGNU                   
1 37839U 11058B   26276.62816950  .00000384  00000+0  60687-4 0  9990
2 37839  19.9618   9.5877 0018389 193.8911 193.6160 14.13802746774395
SRMSAT                  
1 37841U 11058D   26277.24217693  .00000342  00000+0  41782-4 0  9990
2 37841  19.9709 119.3649 0011712 324.0729 192.1452 14.11596048773248
SUOMI NPP               
1 37849U 11061A   26277.31126698  .00000052  00000+0  45597-4 0  9990
2 37849  98.8038 217.4738 0002339  39.0424 321.0921 14.19536542773926
YAOGAN-12               
1 37875U 11066B   26277.30205104  .00003235  00000+0  12276-3 0  9996
2 37875  97.1055 310.7479 0009400 186.9688 173.1422 15.27483951828697
BEIDOU-2 M4             
1 38251U 12018B   26277.12355316 -.00000017  00000+0  00000+0 0  9998
2 38251  55.5608 300.3994 0014876 274.3082  85.5681  1.86229534 97975
ARIRANG-3 (KOMPSAT-3)   
1 38338U 12025B   26277.31327291  .00000225  00000+0  53908-4 0  9994
2 38338  98.1317 232.9636 0006377 123.8893 236.2916 14.62282751767292
HORYU-2                 
1 38340U 12025D   26277.13322893  .00002032  00000+0  20851-3 0  9998
2 38340  98.2329  54.6682 0008004 177.4955 182.6304 14.91600443764962
CSSWE                   
1 38761U 12048D   26277.19739410  .00025628  00000+0  44970-3 0  9997
2 38761  64.6614  82.6431 0026495 130.0831 230.2639 15.50101393133268
CP5                     
1 38763U 12048F   26276.38778240  .00006957  00000+0  23345-3 0  9990
2 38763  64.6431 154.3805 0060771 136.8489 223.7428 15.29941968133301
METOP-B                 
1 38771U 12049A   26277.29475901  .00000032  00000+0  34472-4 0  9991
2 38771  98.6382 326.5530 0002957  51.7603 308.3840 14.21462489728760
SJ-9A                   
1 38860U 12056A   26277.21276382  .00000641  00000+0  79746-4 0  9991
2 38860  97.6864 245.3161 0023926 258.0896 101.7637 14.85670137715773
COSMOS 2484 (RODNIK-S 6)
1 39059U 13001C   26277.29533758 -.00000028  00000+0 -27196-3 0  9996
2 39059  82.5035 154.0795 0026061 153.4593 206.7827 12.42942923622119
SARAL                   
1 39086U 13009A   26277.25307000  .00000043  00000+0  31783-4 0  9992
2 39086  98.5556 102.4612 0001595   4.7712 355.3487 14.32910261711220
AAUSAT 3                
1 39087U 13009B   26277.27190939  .00000354  00000+0  12602-3 0  9999
2 39087  98.3728  98.6245 0010328 242.1574 117.8569 14.40046104712875
STRAND-1                
1 39090U 13009E   26277.22081986  .00000147  00000+0  63825-4 0  9993
2 39090  98.3971  94.8208 0007474 264.7052  95.3282 14.37214275712723
BRITE-AUSTRIA           
1 39091U 13009F   26277.28146721  .00000087  00000+0  44141-4 0  9992
2 39091  98.4049  94.0676 0009010 275.3315  84.6844 14.36576504712719
UNIBRITE                
1 39092U 13009G   26277.30349886  .00000092  00000+0  45921-4 0  9996
2 39092  98.4087  94.2262 0007926 271.4631  88.5647 14.36447776712652
AIST-2 (RS43)           
1 39133U 13015D   26277.31559416  .00003661  00000+0  14402-3 0  9996
2 39133  64.8677 260.2127 0013792 259.3532 100.6046 15.27277864740568
GAOFEN-1                
1 39150U 13018A   26277.30395480  .00000475  00000+0  75295-4 0  9994
2 39150  97.8991 347.0916 0015634 274.9942  84.9483 14.76551336724346
NEE-01 PEGASO           
1 39151U 13018B   26276.90794149  .00001720  00000+0  16660-3 0  9999
2 39151  98.1382  64.7923 0012804 160.3473 199.8242 14.94091774726930
TURKSAT-3USAT           
1 39152U 13018C   26277.25476106  .00001770  00000+0  15886-3 0  9993
2 39152  97.7902   7.6522 0013013  96.8788 263.3915 14.96958958727405
CUBEBUG-1 (CAPITAN BETO)
1 39153U 13018D   26277.27774146  .00002533  00000+0  22069-3 0  9990
2 39153  98.1789  82.2120 0012547 141.2957 218.9165 14.97832723727394
PROBA-V                 
1 39159U 13021A   26277.20026548  .00000041  00000+0  36009-4 0  9991
2 39159  98.3741 250.4996 0004392 158.4659 201.6706 14.23615778696627
ESTCUBE 1               
1 39161U 13021C   26276.93237348  .00000724  00000+0  98345-4 0  9994
2 39161  97.7171 327.2464 0008676  29.4055 330.7645 14.81648866721127
ARIRANG-5 (KOMPSAT-5)   
1 39227U 13042A   26277.30655291  .00000410  00000+0  33586-4 0  9991
2 39227  97.6220 102.4934 0004907 106.4106 253.7659 15.04516891720266
GONETS-M 5              
1 39249U 13048A   26277.26836413 -.00000065  00000+0 -53964-3 0  9992
2 39249  82.4777 275.3752 0016119 339.7632  20.2807 12.42894531592437
GONETS-M 7              
1 39251U 13048C   26277.30982310 -.00000097  00000+0 -76965-3 0  9999
2 39251  82.4844 278.3304 0016925 340.5751  19.4681 12.42917605592391
FENGYUN 3C              
1 39260U 13052A   26277.23372861  .00000071  00000+0  57100-4 0  9991
2 39260  98.5145 246.1761 0015780  70.9288 289.3594 14.15775051673996
CASSIOPE                
1 39265U 13055A   26277.32240461  .00032083 -66412-6  31315-3 0  9993
2 39265  80.9104 293.4171 0264972  52.6214 309.8831 15.32805564684342
APRIZESAT 7             
1 39416U 13066A   26276.62259456  .00000788  00000+0  83054-4 0  9997
2 39416  97.7838 228.3633 0034815 209.8433 150.0802 14.91778086697395
ZACUBE-1 (TSHEPISOSAT)  
1 39417U 13066B   26277.23064844  .00002399  00000+0  18563-3 0  9993
2 39417  97.8192 240.1736 0037548 245.4399 114.2910 15.01933453697091
APRIZESAT 8             
1 39425U 13066K   26277.30034751  .00000570  00000+0  67540-4 0  9993
2 39425  97.8333 223.3090 0044307 287.5459  72.0918 14.87824089695890
CINEMA-3 (KHUSAT-2)     
1 39426U 13066L   26277.24470970  .00000560  00000+0  79053-4 0  9995
2 39426  97.8318 186.5529 0088486 218.0172 141.4773 14.78530041690569
TRITON-1                
1 39427U 13066M   26277.27628994  .00000629  00000+0  80859-4 0  9992
2 39427  97.8140 184.5617 0087793 238.2210 121.0430 14.82099553690248
DELFI-N3XT              
1 39428U 13066N   26277.22611075  .00002341  00000+0  20240-3 0  9990
2 39428  97.8304 197.4998 0071701 202.5165 157.2906 14.96241191690927
GOMX-1                  
1 39430U 13066Q   26277.26123690  .00000706  00000+0  11155-3 0  9996
2 39430  97.6422 110.8480 0129446  86.8642 274.7367 14.69740634685934
BRITE-PL1 (LEM)         
1 39431U 13066R   26277.25467614  .00000229  00000+0  54987-4 0  9994
2 39431  97.8027  21.8168 0190257  32.2833 328.9842 14.51473319679754
ICUBE-1                 
1 39432U 13066S   26277.23033892  .00009033  00000+0  33023-3 0  9999
2 39432  97.5807 264.5197 0013652 313.2061  46.8036 15.28235561701054
VELOX-PII               
1 39438U 13066Y   26277.11840737  .00001722  00000+0  16472-3 0  9992
2 39438  97.8870 228.7062 0051983 343.5344  16.4184 14.93593847694092
CUBEBUG-2 (LO-74)       
1 39440U 13066AA  26276.28958084  .00002818  00000+0  25903-3 0  9993
2 39440  97.9022 225.8288 0057874  30.3287 330.1261 14.94371181693137
NEE-02 KRYSAOR          
1 39441U 13066AB  26277.09955174  .00001219  00000+0  13715-3 0  9993
2 39441  97.8968 215.5978 0067153  72.7514 288.1037 14.86956058692384
FUNCUBE-1 (AO-73)       
1 39444U 13066AE  26277.18665248  .00003599  00000+0  21801-3 0  9994
2 39444  97.8419 251.0945 0034805 189.3708 170.6876 15.10773149696112
HINCUBE                 
1 39445U 13066AF  26277.17425360  .00003404  00000+0  21435-3 0  9991
2 39445  97.8113 247.5084 0031483 196.7594 163.2597 15.09485793695965
UWE-3                   
1 39446U 13066AG  26276.67455964  .00002610  00000+0  22326-3 0  9997
2 39446  97.8823 233.5958 0047549 318.8381  40.9257 14.97666313693811
SMDC ONE 2.4            
1 39469U 13072H   26276.42929944  .00011811  00000+0  41392-3 0  9993
2 39469 120.4896  50.9084 0140133 131.0540 230.2737 15.21290570134289
CP8 (IPEX)              
1 39471U 13072K   26277.23912857  .00007814  00000+0  35992-3 0  9998
2 39471 120.4644 353.2201 0168289 114.3067 247.5675 15.09826558131694
COSMOS 2488 (RODNIK-S 7)
1 39483U 13076A   26277.27048093  .00000009  00000+0 -43050-5 0  9997
2 39483  82.4796 100.7241 0018788 217.0519 142.9265 12.42908165579443
COSMOS 2489 (RODNIK-S 8)
1 39484U 13076B   26277.24795937  .00000099  00000+0  64692-3 0  9992
2 39484  82.4833 102.1542 0020591 217.0597 142.9061 12.42883248579490
COSMOS 2490 (RODNIK-S 9)
1 39485U 13076C   26277.30044275  .00000071  00000+0  44407-3 0  9994
2 39485  82.4779 100.1397 0020705 233.3501 126.5675 12.42881517579439
AIST-1 (RS41)           
1 39492U 13078C   26277.30474391  .00000558  00000+0  46988-4 0  9997
2 39492  82.4171 165.1622 0015011 273.2679  86.6825 14.96307746691568
KAZEOSAT 1              
1 39731U 14024A   26277.30434900 -.00000001  00000+0  12658-4 0  9998
2 39731  98.3104 346.9757 0001469  87.1881 272.9477 14.42068081654281
COSMOS 2496 (RODNIK-S *)
1 39761U 14028A   26277.33840888  .00000104  00000+0  67764-3 0  9994
2 39761  82.4476  40.3401 0019977 199.4038 160.6283 12.42881928561078
COSMOS 2497 (RODNIK-S *)
1 39762U 14028B   26277.31229076  .00000182  00000+0  12398-2 0  9991
2 39762  82.4522  42.0872 0020582 194.4584 165.5909 12.42898624561077
COSMOS 2498 (RODNIK-S *)
1 39763U 14028C   26277.28236439  .00000131  00000+0  87231-3 0  9992
2 39763  82.4485  40.5465 0021303 194.1960 165.8523 12.42984083561108
COSMOS 2499 (RS47)      
1 39765U 14028E   26277.30637035  .00000017  00000+0  12679-4 0  9992
2 39765  82.4533 178.8110 0232474 105.3176 257.3748 12.82905355579016
HODOYOSHI-4             
1 40011U 14033B   26277.29100366 -.00000202  00000+0 -16090-4 0  9993
2 40011  97.5488  96.8974 0022362 306.4336  53.4820 14.88336503665035
UNISAT-6                
1 40012U 14033C   26277.23826209  .00001452  00000+0  15855-3 0  9992
2 40012  97.8027  68.1673 0045796  69.5443 291.0682 14.88698790662388
DEIMOS-2                
1 40013U 14033D   26277.29796722 -.00000167  00000+0 -10623-4 0  9998
2 40013  97.5633 147.8666 0001416  46.8646 313.2693 14.93956155654018
BUGSAT-1 (TITA)         
1 40014U 14033E   26277.26735421  .00003573  00000+0  18552-3 0  9995
2 40014  98.0426  16.2705 0027766 165.2892 194.9153 15.16514678672362
SAUDISAT 4              
1 40016U 14033G   26277.20128925  .00000341  00000+0  51498-4 0  9993
2 40016  97.7749  59.6820 0046074  79.0712 281.5679 14.79658289662194
APRIZESAT 9             
1 40018U 14033J   26277.27637771  .00000397  00000+0  65784-4 0  9990
2 40018  97.9218  47.9130 0065355 208.5964 151.1655 14.74322698659632
BRITE-CA1 (TORONTO)     
1 40020U 14033L   26277.28626138  .00000441  00000+0  74097-4 0  9996
2 40020  97.9886  44.3008 0077083 287.9430  71.3385 14.72832038658275
NANOSATC-BR1            
1 40024U 14033Q   26277.07647977  .00012492  00000+0  37579-3 0  9993
2 40024  98.0626 319.3345 0004428 147.1530 212.9987 15.34534507670660
QB50P1                  
1 40025U 14033R   26277.30330284  .00004145  00000+0  19803-3 0  9996
2 40025  98.0960 296.2244 0007838 201.4777 158.6128 15.19642763669598
DTUSAT-2                
1 40030U 14033W   26276.77511678  .00004126  00000+0  21753-3 0  9996
2 40030  98.0928 281.5377 0006616 214.0937 145.9870 15.16193133669135
QB50P2                  
1 40032U 14033Y   26277.28593781  .00004254  00000+0  22300-3 0  9991
2 40032  98.0818 281.1044 0007978 151.7283 208.4382 15.16361067669197
PERSEUS-M1              
1 40039U 14033AF  26276.60823721  .00001412  00000+0  13149-3 0  9997
2 40039  97.9751 222.5890 0010047 302.2947  57.7300 14.95923407666849
POLYITAN-1              
1 40042U 14033AJ  26276.91499535  .00013436  00000+0  37754-3 0  9994
2 40042  98.0868 313.7255 0007848 122.1024 238.0981 15.36640204670270
TIGRISAT                
1 40043U 14033AK  26277.31720009  .00001055  00000+0  12588-3 0  9995
2 40043  97.7987  64.9577 0050226  76.9555 283.7261 14.85487181661829
AISAT                   
1 40054U 14034B   26277.18754052  .00006590  00000+0  40229-3 0  9990
2 40054  98.2331 197.6579 0007593 205.5861 154.4992 15.10670198663654
CANX-4                  
1 40055U 14034C   26277.24014729  .00000466  00000+0  66819-4 0  9998
2 40055  98.2929 156.4626 0013330  25.7130 334.4742 14.81416845660677
CANX-5                  
1 40056U 14034D   26277.23730061  .00000465  00000+0  66691-4 0  9999
2 40056  98.2932 156.5097 0013356  25.8862 334.3015 14.81434285651485
VELOX-I                 
1 40057U 14034E   26277.24797534  .00003416  00000+0  28938-3 0  9999
2 40057  98.2455 188.4412 0004518 277.8321  82.2387 14.98719624662934
GONETS-M 10             
1 40063U 14036C   26277.29963808  .00000031  00000+0  15235-3 0  9998
2 40063  82.5085 239.8878 0020483 264.7501  95.1241 12.42948078555800
METEOR-M 2              
1 40069U 14037A   26277.24914916  .00000342  00000+0  17554-3 0  9997
2 40069  98.5276 249.1999 0007002  80.5147 279.6822 14.21488583634817
DX1                     
1 40071U 14037C   26277.27725134  .00001396  00000+0  15032-3 0  9994
2 40071  98.4020 245.6992 0005631 281.7978  78.2606 14.90257886662352
UKUBE-1                 
1 40074U 14037F   26277.26378728  .00004683  00000+0  25558-3 0  9995
2 40074  98.4262 292.1433 0002491 125.7375 234.4086 15.14928360665067
GAOFEN-2                
1 40118U 14049A   26277.29360966  .00000609  00000+0  85416-4 0  9999
2 40118  97.9992 341.3341 0006060 233.3891 126.6765 14.81017838655382
BRITE-PL2 (HEWELIUSZ)   
1 40119U 14049B   26277.28738592  .00000795  00000+0  78249-4 0  9995
2 40119  97.9188  30.2048 0015234 105.9062 254.3838 14.94905758657748
CBERS 4                 
1 40336U 14079A   26277.32922184  .00000133  00000+0  60711-4 0  9997
2 40336  98.3408 330.6680 0001949  77.1498 282.9906 14.35517023619615
SMAP                    
1 40376U 15003A   26277.27658805  .00000201  00000+0  48026-4 0  9990
2 40376  98.1317 282.8473 0001436  88.4712 271.6655 14.63381239623574
GONETS-M 11             
1 40552U 15020A   26277.32404826 -.00000091  00000+0 -73274-3 0  9994
2 40552  82.4876 323.0005 0017351 123.1404 237.1343 12.42881238522290
GONETS-M 12             
1 40553U 15020B   26277.29641164 -.00000064  00000+0 -53155-3 0  9995
2 40553  82.4911 324.1703 0016391 108.8230 251.4629 12.42893733522286
GONETS-M 13             
1 40554U 15020C   26277.27117755 -.00000031  00000+0 -29849-3 0  9995
2 40554  82.4871 322.7686 0015047  94.8477 265.4322 12.42887420522258
DMC3-FM1                
1 40715U 15032A   26277.23823058  .00000291  00000+0  39336-4 0  9992
2 40715  97.6281 138.0501 0006929  60.5277 299.6629 14.85830602606106
DMC3-FM2                
1 40716U 15032B   26277.25974125  .00000616  00000+0  76594-4 0  9995
2 40716  97.6333 139.7168 0007593  64.6010 295.5992 14.85842038606104
DMC3-FM3                
1 40717U 15032C   26277.28390780 -.00000533  00000+0 -55392-4 0  9991
2 40717  97.6379 141.5595 0006750  64.7388 295.4527 14.85825260606115
CARBONITE 1 (CBNT-1)    
1 40718U 15032D   26277.29878321  .00000561  00000+0  73682-4 0  9996
2 40718  97.6576  90.8722 0013178 299.5146  60.4754 14.83859912605520
DEORBITSAIL             
1 40719U 15032E   26277.03060942  .00004585  00000+0  32600-3 0  9995
2 40719  97.5743 131.8337 0011396 221.7488 138.2870 15.05110692607615
2015-049G               
1 40905U 15049G   26277.27668190  .00049451  00000+0  31266-3 0  9993
2 40905  97.4404 328.6115 0005225 150.9666 209.1891 15.76449102613572
LILACSAT-2              
1 40908U 15049K   26277.21713737  .00015508  00000+0  23393-3 0  9996
2 40908  97.4533 318.4042 0005809 195.9524 164.1548 15.54842628612679
COSMOS 2507 (RODNIK-S *)
1 40920U 15050A   26277.30215748  .00000099  00000+0  64147-3 0  9992
2 40920  82.4978  11.7243 0010863 112.1071 248.1163 12.42930034500417
COSMOS 2508 (RODNIK-S *)
1 40921U 15050B   26277.33868816  .00000002  00000+0 -57851-4 0  9996
2 40921  82.4930  10.1660 0015072 143.5313 216.6796 12.42918184500409
COSMOS 2509 (RODNIK-S *)
1 40922U 15050C   26277.28121926  .00000056  00000+0  33501-3 0  9998
2 40922  82.4939  10.3154 0015233 160.2461 199.9212 12.42887344500430
LQSAT                   
1 40958U 15057A   26277.28855322  .00000448  00000+0  70561-4 0  9991
2 40958  97.6801 265.3281 0015450 279.6458  80.3007 14.76891107591414
LINGQIAO VIDEO A        
1 40959U 15057B   26277.26401247  .00000407  00000+0  63840-4 0  9990
2 40959  97.6736 266.7495 0015174 276.1212  83.8271 14.77508573591512
LINGQIAO VIDEO B        
1 40960U 15057C   26277.30046272  .00000488  00000+0  74958-4 0  9991
2 40960  97.6698 267.9161 0015314 276.0261  83.9205 14.77618980591560
JILIN-1                 
1 40961U 15057D   26277.26449714  .00000342  00000+0  53736-4 0  9995
2 40961  97.6595 271.2704 0015368 268.5192  91.4260 14.78293145591722
FOX-1A (AO-85)          
1 40967U 15058D   26277.32974835  .00001429  00000+0  13327-3 0  9994
2 40967  64.7730 299.6501 0140477  16.0325 344.5164 14.91443198129842
SINOD-D 1               
1 40968U 15058E   26277.28924131  .00003085  00000+0  24180-3 0  9993
2 40968  64.7733 277.0327 0129279  12.2050 348.2144 14.96592921132984
ELEKTRO-L 2             
1 41105U 15074A   26277.24477230 -.00000128  00000+0  00000+0 0  9991
2 41105   6.9614  69.1338 0002601 193.7681 183.6465  1.00270776 39604
DAMPE                   
1 41173U 15078A   26277.25909609  .00000786  00000+0  28779-4 0  9998
2 41173  97.4607 283.3059 0013440  53.7243 306.5238 15.31011805601231
ORBCOMM FM114           
1 41179U 15081A   26277.14278297  .00000189  00000+0  76160-4 0  9992
2 41179  47.0043 206.8315 0002910 327.3906  32.6800 14.58956738573661
ORBCOMM FM110           
1 41182U 15081D   26276.51217695  .00000267  00000+0  92474-4 0  9994
2 41182  47.0013 209.1957 0002983 229.1528 130.9099 14.58981461573448
ORBCOMM FM112           
1 41184U 15081F   26277.23564515  .00000169  00000+0  71876-4 0  9996
2 41184  46.9975 114.5467 0002758 343.4107  16.6688 14.58974958574878
ORBCOMM FM113           
1 41185U 15081G   26277.28408692  .00000122  00000+0  61945-4 0  9990
2 41185  46.9993 114.7465 0001647 336.8419  23.2392 14.58945433574868
ORBCOMM FM108           
1 41187U 15081J   26277.03841387  .00000186  00000+0  75483-4 0  9999
2 41187  47.0057  27.4943 0002301 316.9221  43.1484 14.58993301575975
ORBCOMM FM117           
1 41188U 15081K   26277.00500870  .00000224  00000+0  83391-4 0  9996
2 41188  47.0026  26.2630 0002646 325.6954  34.3761 14.58976036576016
ORBCOMM FM116           
1 41189U 15081L   26277.25934166  .00000188  00000+0  75860-4 0  9994
2 41189  47.0005 114.8604 0001590 211.2926 148.7866 14.58977279574862
CHUBUSAT-2              
1 41338U 16012B   26277.25002654  .00003605  00000+0  14982-3 0  9997
2 41338  30.9983 325.1270 0008550 116.1441 244.0081 15.21816596585044
CHUBUSAT-3              
1 41339U 16012C   26277.28692693  .00002503  00000+0  11060-3 0  9999
2 41339  31.0057 337.1759 0008773  99.2212 260.9421 15.19315642584809
ZIYUAN 3-02 (ZY 3-02)   
1 41556U 16033A   26277.30953941  .00002924  00000+0  13325-3 0  9995
2 41556  97.3744 350.9265 0011422 277.3568  82.6370 15.21395360574574
CARTOSAT-2C             
1 41599U 16040A   26277.32911527  .00001328  00000+0  66200-4 0  9994
2 41599  97.4361 335.7274 0010162 110.6256 249.6070 15.19249956570283
LAPAN-A3                
1 41603U 16040E   26277.29999949  .00002137  00000+0  67849-4 0  9999
2 41603  97.1584 269.9619 0009742 354.6793   5.4345 15.33692381571534
GAOFEN-3                
1 41727U 16049A   26277.28464755  .00000116  00000+0  48435-4 0  9991
2 41727  98.4060 283.4437 0001186 103.0305 257.1018 14.42211052534377
PRATHAM                 
1 41783U 16059A   26277.22009417  .00000334  00000+0  67115-4 0  9996
2 41783  97.8421 269.3466 0030004 229.8222 130.0356 14.67312162535505
ALSAT-1N                
1 41789U 16059G   26277.27482054  .00000339  00000+0  64900-4 0  9993
2 41789  97.8081 275.8143 0025176 196.1484 163.8923 14.69452019536027
CAS-2T & KS-1Q          
1 41847U 16066G   26277.17726570  .00000849  00000+0  12699-3 0  9992
2 41847  98.3731 351.6471 0341606 158.6233 202.9630 14.44877790520530
YUNHAI-1 01             
1 41857U 16068A   26277.32982845  .00000245  00000+0  10640-3 0  9995
2 41857  98.5874 287.3332 0004172  74.9257 285.2388 14.32523992517452
RESOURCESAT-2A          
1 41877U 16074A   26277.30417127 -.00000101  00000+0 -25830-4 0  9999
2 41877  98.7433 349.8634 0003183 114.5230 245.6280 14.21616376509807
TANSAT                  
1 41898U 16081A   26277.28628058  .00000259  00000+0  64478-4 0  9997
2 41898  98.5433 280.8060 0020041 335.6590  24.3661 14.60010788520549
JILIN-1 03              
1 41914U 17002B   26277.24958788  .00008872  00000+0  19672-3 0  9996
2 41914  97.1985 283.0063 0007317 123.7908 236.4039 15.43946584538675
CARTOSAT-2D             
1 41948U 17008A   26277.29377951  .00002091  00000+0  10225-3 0  9993
2 41948  97.3984 334.4836 0004133 208.5649 151.5360 15.19305458534143
CARTOSAT-2E             
1 42767U 17036C   26277.24637098  .00001264  00000+0  63216-4 0  9990
2 42767  97.4150 335.1726 0002175 307.8583  52.2455 15.19240951514707
D-SAT                   
1 42794U 17036AF  26276.88208089  .00003860  00000+0  17638-3 0  9993
2 42794  97.5698 255.6853 0080560 143.3477 217.3306 15.18285754507341
IRIDIUM 113             
1 42803U 17039A   26276.24202673  .00000021  00000+0  31161-6 0  9996
2 42803  86.3909 277.0013 0002227  89.4473 270.6978 14.34217631486674
NORSAT 2                
1 42828U 17042D   26277.29918466  .00007156  00000+0  29999-3 0  9996
2 42828  97.4115  89.2252 0009782  34.7239 325.4634 15.23770293504347
TECHNOSAT               
1 42829U 17042E   26277.27125160  .00001301  00000+0  94355-4 0  9991
2 42829  97.4423  70.9196 0018969  82.1137 278.2242 15.05486466503115
FLYING LAPTOP           
1 42831U 17042G   26277.28328766  .00000887  00000+0  72554-4 0  9997
2 42831  97.5032  68.9554 0018820 108.3037 252.0238 15.01653493502820
WNISAT 1R               
1 42835U 17042L   26277.01877883  .00001254  00000+0  99624-4 0  9997
2 42835  97.4967  69.3203 0010534 117.4613 242.7685 15.02155660502849
LEMUR-2-GREENBERG       
1 42837U 17042N   26277.29754139  .00011413  00000+0  34462-3 0  9993
2 42837  97.3865  97.7229 0007538 342.8716  17.2271 15.34394869505107
LEMUR-2-FURIAUS         
1 42840U 17042R   26277.23110988  .00012192  00000+0  37850-3 0  9998
2 42840  97.3808  95.3700 0007293  41.4236 318.7558 15.33498342504907
CORVUS BC2              
1 42846U 17042X   26277.18543738  .00002408  00000+0  16512-3 0  9992
2 42846  97.4199  74.4360 0014272  98.2292 262.0555 15.06855376503477
CORVUS BC1              
1 42847U 17042Y   26277.16848713  .00001751  00000+0  12077-3 0  9994
2 42847  97.4229  75.3024 0013227  76.9575 283.3129 15.07005217503504
VRSS-2                  
1 42954U 17060A   26277.29877745  .00000313  00000+0  51036-4 0  9996
2 42954  98.1218 311.2544 0007342 106.9882 253.2133 14.77759980484603
MOHAMMED VI-A           
1 43005U 17070A   26277.27535440 -.00000277  00000+0 -32013-4 0  9991
2 43005  97.9457 348.0434 0001297  83.5282 276.6076 14.77083229480085
FENGYUN 3D              
1 43010U 17072A   26277.24159922 -.00000038  00000+0  39516-5 0  9993
2 43010  99.0284 253.7074 0002558  91.2907 268.8562 14.19758081460469
CZ-4C R/B               
1 43012U 17072C   26277.30267651  .00000279  00000+0  64699-4 0  9996
2 43012  98.5874  28.9234 0122405 175.3146 184.9229 14.58853189472541
NOAA 20 (JPSS-1)        
1 43013U 17073A   26277.25454334  .00000021  00000+0  30774-4 0  9990
2 43013  98.7849 215.7761 0000765  31.5780 328.5442 14.19528870459943
MAKERSAT 0              
1 43016U 17073D   26276.91642353  .00014981  00000+0  36692-3 0  9999
2 43016  97.4426 160.4737 0095981 244.5091 114.6202 15.36120440483134
RADFXSAT (FOX-1B)       
1 43017U 17073E   26277.10311056  .00006194  00000+0  26411-3 0  9990
2 43017  97.4518 142.0928 0145350 312.5480  46.3554 15.14152321481867
JILIN-1 04              
1 43022U 17074A   26277.30814523  .00010764  00000+0  23018-3 0  9994
2 43022  97.4924  30.0835 0004283 147.8431 212.3079 15.44998282491103
JILIN-1 05              
1 43023U 17074B   26277.27270229  .00006151  00000+0  18139-3 0  9993
2 43023  97.4917  25.0560 0004725 185.7443 174.3747 15.35375360490733
JILIN-1 06              
1 43024U 17074C   26277.27141236  .00004163  00000+0  12588-3 0  9992
2 43024  97.4834  21.8875 0006244 199.2930 160.8077 15.34776665490563
IRIDIUM 116             
1 43072U 17083C   26277.26318408  .00000097  00000+0  27479-4 0  9999
2 43072  86.3904 276.3879 0002049  93.8391 266.3039 14.34218017459804
IRIDIUM 130             
1 43073U 17083D   26277.02216483  .00000092  00000+0  25823-4 0  9990
2 43073  86.3911 276.7750 0002039  89.6785 270.4645 14.34217864459712
LKW-2                   
1 43080U 17084A   26277.33495648  .00001614  00000+0  62488-4 0  9994
2 43080  97.1100 312.0623 0001922 152.3965 207.7378 15.27529089488346
SUPERVIEW-1 03          
1 43099U 18002A   26277.26319905  .00013576  00000+0  30478-3 0  9991
2 43099  97.3070   2.1507 0044244 145.3563 215.0581 15.42434331485169
CARTOSAT-2F             
1 43111U 18004A   26277.28044894  .00001817  00000+0  89458-4 0  9990
2 43111  97.4666 335.7716 0000830 176.6961 183.4279 15.19258715483899
LKW-3                   
1 43146U 18006A   26277.28992985  .00007336  00000+0  20440-3 0  9990
2 43146  97.6728  82.3734 0001616 282.5009  77.6054 15.37108027485466
ASNARO-2                
1 43152U 18007A   26277.29371044  .00004383  00000+0  19263-3 0  9996
2 43152  97.4007 282.5299 0001724  88.9310 271.2124 15.22415963484018
JILIN-1 07              
1 43159U 18008E   26277.31277765  .00005518  00000+0  15826-3 0  9994
2 43159  97.1751 294.4368 0009002  37.1081 323.0784 15.36241921481746
JILIN-1 08              
1 43160U 18008F   26277.26916919  .00003996  00000+0  12039-3 0  9992
2 43160  97.1795 293.5709 0007474  54.1008 306.0929 15.34869174481672
S-NET D                 
1 43186U 18014G   26277.22417657  .00003088  00000+0  15735-3 0  9996
2 43186  97.5241 181.3244 0008341  13.4211 346.7243 15.17511197475297
S-NET B                 
1 43187U 18014H   26277.23785968  .00002905  00000+0  14832-3 0  9995
2 43187  97.5247 181.3277 0008812   8.0034 352.1339 15.17479142475296
S-NET A                 
1 43188U 18014J   26277.28838717  .00003143  00000+0  16003-3 0  9999
2 43188  97.5258 181.6081 0008704   8.7406 351.3977 15.17520765475304
S-NET C                 
1 43189U 18014K   26277.24240010  .00002889  00000+0  14753-3 0  9995
2 43189  97.5276 181.6537 0009802   0.0705   0.0528 15.17469875473849
PAZ                     
1 43215U 18020A   26277.31665333  .00001001  00000+0  50845-4 0  9997
2 43215  97.4468 283.1581 0001704  88.7417 271.4013 15.19151903477573
GOES 17                 
1 43226U 18022A   26277.31639499 -.00000196  00000+0  00000+0 0  9993
2 43226   1.2122  83.8371 0001267 159.5559 154.0304  1.00272363 31513
LKW-4                   
1 43236U 18025A   26276.96739864  .00050745  00000+0  38845-3 0  9990
2 43236  97.6362  97.2029 0001941 248.5143 111.5913 15.71998165477061
ZHUHAI-1 OVS-02         
1 43440U 18040B   26277.30433705  .00003298  00000+0  13018-3 0  9994
2 43440  97.0381 288.1448 0002465 196.4598 163.6562 15.26177236469355
ZHUHAI-1 OHS-02         
1 43441U 18040C   26277.29023111  .00003621  00000+0  13860-3 0  9994
2 43441  97.0333 295.1684 0008614 190.1402 169.9666 15.27118115130924
GAOFEN-6                
1 43484U 18048A   26277.31984993 -.00000224  00000+0 -24685-4 0  9992
2 43484  98.0851 340.1642 0010729 172.7903 187.3463 14.76452615449497
LUOJIA-1 01             
1 43485U 18048B   26277.28675596  .00000347  00000+0  44152-4 0  9990
2 43485  97.8019 353.6969 0010094 118.6955 241.5277 14.87593371450432
PAKTES 1A               
1 43529U 18056A   26277.32302110  .00000933  00000+0  81049-4 0  9999
2 43529  98.1392  78.5804 0023630 112.6405 247.7320 14.99461064448276
PRSS-1                  
1 43530U 18056B   26277.29410297  .00000640  00000+0  86855-4 0  9998
2 43530  97.7707 342.0841 0001642  79.7239 280.4159 14.82120047444590
HAIYANG-1C              
1 43609U 18068A   26277.29171964 -.00000084  00000+0 -14442-4 0  9990
2 43609  98.5086 347.9587 0011981 126.6755 233.5532 14.34142322422721
SSTL S1-4               
1 43618U 18071A   26277.26506705  .00000055  00000+0  90706-5 0  9990
2 43618  97.4858 144.3163 0008907 226.8769 133.1710 14.99452336439256
HAIYANG-2B              
1 43655U 18081A   26277.33383918  .00000309  00000+0  34414-3 0  9993
2 43655  99.3330 284.4572 0001415  39.4164 320.7091 13.79307557399978
CZ-4B R/B               
1 43656U 18081B   26277.26364321  .00000084  00000+0  43002-4 0  9997
2 43656  99.3663 203.8565 0204008 312.7472  45.6696 14.31898756414918
CFOSAT                  
1 43662U 18083A   26277.30281870  .00001836  00000+0  97682-4 0  9997
2 43662  97.3661 278.6494 0003153  92.6356 267.5239 15.16458528438978
TEN-KOH                 
1 43677U 18084G   26277.29699956  .00001733  00000+0  13258-3 0  9992
2 43677  98.0715 114.2755 0010405 111.0428 249.1910 15.03299888432559
DIWATA-2B               
1 43678U 18084H   26277.32459470  .00000839  00000+0  71244-4 0  9998
2 43678  98.1158 118.3361 0013011 165.1949 194.9657 15.00771865432589
STARS-AO                
1 43679U 18084J   26277.06545813  .00003477  00000+0  17452-3 0  9998
2 43679  98.0341 137.7571 0002930 126.2325 233.9179 15.18049102433984
AUTCUBE 2               
1 43681U 18084K   26276.81211339  .00001981  00000+0  12391-3 0  9991
2 43681  98.0585 128.7415 0009827  41.6109 318.5865 15.10679651433326
METOP-C                 
1 43689U 18087A   26277.30981847  .00000033  00000+0  35210-4 0  9998
2 43689  98.7309 335.0562 0000373 115.1624 244.9592 14.21476052410333
ES'HAIL 2               
1 43700U 18090A   26277.10669667  .00000131  00000+0  00000+0 0  9990
2 43700   0.0054 161.8512 0001398  64.7127 210.4457  1.00271028 28764
MOHAMMED VI-B           
1 43717U 18095A   26277.30911885  .00000573  00000+0  88269-4 0  9995
2 43717  97.9456 348.0686 0001586 104.2892 255.8494 14.77109938424292
HYSIS                   
1 43719U 18096A   26277.29598319  .00000741  00000+0  10812-3 0  9994
2 43719  97.9729 343.1212 0001824 108.1794 251.9616 14.78676171423546
COSMOS 2530 (RODNIK-S *)
1 43751U 18097A   26277.28967910 -.00000052  00000+0 -44657-3 0  9998
2 43751  82.5161 154.5914 0019263 154.7814 205.4210 12.42883700355849
COSMOS 2531 (RODNIK-S *)
1 43752U 18097B   26277.30918414  .00000056  00000+0  33490-3 0  9992
2 43752  82.5209 155.6746 0016038 173.6146 186.5141 12.42915550355866
COSMOS 2532 (RODNIK-S *)
1 43753U 18097C   26277.25719368 -.00000091  00000+0 -72889-3 0  9990
2 43753  82.5151 154.4432 0017386 176.3621 183.7588 12.42912113355829
MINXSS-2                
1 43758U 18099A   26277.01614402  .00039463  00000+0  59363-3 0  9999
2 43758  97.4424 357.0457 0006218 214.1009 145.9846 15.54724828430992
SIRION PATHFINDER-2     
1 43759U 18099B   26276.76913969  .00002457  00000+0  13389-3 0  9992
2 43759  97.4138 323.2339 0006982 285.6868  74.3594 15.15302434429066
AISTECHSAT 2            
1 43768U 18099L   26277.06839887  .00003250  00000+0  17094-3 0  9991
2 43768  97.4178 322.7199 0002959 284.7406  75.3499 15.16351553428775
FOX-1CLIFF (AO-95)      
1 43770U 18099N   26276.14910418  .00007066  00000+0  25568-3 0  9996
2 43770  97.4260 336.0820 0007180 335.2511  24.8383 15.28710133429700
RANGE-A                 
1 43773U 18099R   26277.04727455  .00002740  00000+0  15376-3 0  9996
2 43773  97.3862 316.4361 0009267 339.1877  20.8976 15.14136413428967
SNUSAT-2                
1 43782U 18099AA  26277.10000783  .00005226  00000+0  22346-3 0  9998
2 43782  97.3938 328.8471 0008245 273.0785  86.9508 15.23240619429609
SNUGLITE                
1 43784U 18099AC  26276.90176937  .00007702  00000+0  27477-3 0  9993
2 43784  97.3741 330.1963 0001188 241.8724 118.2396 15.29161911429922
ITASAT                  
1 43786U 18099AE  26277.12942761  .00003939  00000+0  18478-3 0  9995
2 43786  97.3907 326.4824 0011341 338.8465  21.2300 15.20190079429457
EAGLET-I                
1 43790U 18099AJ  26277.08971247  .00002054  00000+0  11789-3 0  9991
2 43790  97.4111 323.8523 0010164 337.0649  23.0128 15.13604452428807
ESEO                    
1 43792U 18099AL  26277.06418457  .00000253  00000+0  22181-4 0  9998
2 43792  97.3871 309.7552 0011093 328.5629  31.4933 15.04497686428177
THEA                    
1 43796U 18099AQ  26277.13771166  .00014586  00000+0  38658-3 0  9998
2 43796  97.4331 348.0989 0005637 246.9902 113.0749 15.38427843429423
ASTROCAST 0.1           
1 43798U 18099AS  26277.19530014  .00036685  00000+0  50158-3 0  9994
2 43798  97.4280 359.6587 0004274 173.6858 186.4452 15.57349211431355
JY1SAT (JO-97)          
1 43803U 18099AX  26276.16008238  .00010581  00000+0  29654-3 0  9999
2 43803  97.4004 339.5452 0004242 230.2680 129.8191 15.36782377430195
SUOMI-100               
1 43804U 18099AY  26276.41116976  .00007417  00000+0  25297-3 0  9990
2 43804  97.4063 336.5029 0008031 251.7699 108.2668 15.30616842429966
CENTAURI-1              
1 43809U 18099BD  26276.85607044  .00002927  00000+0  15010-3 0  9997
2 43809  97.4099 326.2390 0012492 314.7329  45.2887 15.17267952428975
GLOBAL-2                
1 43812U 18099BG  26276.89549135  .00001666  00000+0  10862-3 0  9990
2 43812  97.3470 308.8746 0007043 130.9339 229.2501 15.09167674428302
SEAHAWK-1               
1 43820U 18099BQ  26277.09280806  .00005673  00000+0  23480-3 0  9991
2 43820  97.3836 327.9636 0006300 288.7334  71.3220 15.24318107429119
SAUDISAT 5A             
1 43831U 18102A   26277.29390891  .00003274  00000+0  11882-3 0  9994
2 43831  97.2943 336.7661 0011067 105.0626 255.1840 15.28969220432347
SAUDISAT 5B             
1 43833U 18102C   26277.29620046  .00003152  00000+0  11376-3 0  9997
2 43833  97.3057 340.0360 0011761 107.0385 253.2145 15.29179884432465
2018-102D               
1 43834U 18102D   26277.06667454  .00266990  29272-4  74541-3 0  9998
2 43834  97.3337  12.8276 0003628 269.6492  90.4367 15.93665930434411
UWE-4                   
1 43880U 18111E   26276.25974821  .00028834  00000+0  46296-3 0  9990
2 43880  97.5831 210.1677 0003368 309.7677  50.3279 15.53000920427511
JILIN-1 09              
1 43943U 19005B   26277.26228450  .00002821  00000+0  12925-3 0  9995
2 43943  97.4731  11.3490 0003603  81.1668 278.9976 15.21296674425727
JILIN-1 10              
1 43946U 19005E   26277.28755093  .00003764  00000+0  14601-3 0  9998
2 43946  97.4800  16.1826 0006587 249.6153 110.4379 15.26730239425954
EGYPTSAT-A (MISRSAT-A)  
1 44047U 19008A   26277.28873855  .00000385  00000+0  68745-4 0  9996
2 44047  98.0078 340.5218 0001187 103.6234 256.5105 14.72304787409293
EMISAT                  
1 44078U 19018A   26277.30531964 -.00000023  00000+0  61135-5 0  9993
2 44078  98.4526 335.4360 0017208 247.7377 112.1989 14.43672964395800
JILIN-1 GAOFEN 3A       
1 44312U 19032C   26277.24773148  .00007118  00000+0  21638-3 0  9998
2 44312  44.9726 115.7251 0008071 231.3266 128.6898 15.34714481404580
WT 1B                   
1 44316U 19032G   26277.10452110  .00006116  00000+0  22270-3 0  9990
2 44316  44.9692 185.5319 0010296 161.6547 198.4710 15.29077367403749
PROX-1                  
1 44339U 19036A   26277.22127985  .00008855  00000+0  80626-3 0  9992
2 44339  23.9940 104.5776 0005087 223.6012 136.4087 14.92865221389771
NPSAT1                  
1 44340U 19036B   26277.17207397  .00003457  00000+0  46183-3 0  9997
2 44340  23.9984 227.4553 0007169   6.8596 353.1997 14.75413329388608
FORMOSAT 7-3            
1 44343U 19036E   26276.94007212  .00003057  00000+0  16026-3 0  9997
2 44343  23.9981 149.6266 0000886 116.4820 243.5775 15.10495141399702
FORMOSAT 7-1            
1 44349U 19036L   26276.98386808  .00001619  00000+0  11193-3 0  9990
2 44349  23.9988  18.6925 0000866  30.8110 329.2442 14.96870932400974
FORMOSAT 7-4            
1 44350U 19036M   26277.13972102  .00001624  00000+0  11229-3 0  9994
2 44350  23.9979  79.7492 0001301  35.2939 324.7648 14.96876903400417
FORMOSAT 7-2            
1 44351U 19036N   26277.29555028  .00001637  00000+0  11349-3 0  9993
2 44351  23.9973 133.0187 0000730  38.8650 321.1903 14.96875320399954
FORMOSAT 7-6            
1 44353U 19036Q   26277.16131013  .00001680  00000+0  11713-3 0  9998
2 44353  23.9983 314.7265 0000785 305.7623  54.2805 14.96883871398165
FORMOSAT 7-5            
1 44358U 19036V   26277.27303305  .00001656  00000+0  11505-3 0  9992
2 44358  23.9982 252.7451 0000481  60.3355 299.7193 14.96880145398714
METEOR-M2 2             
1 44387U 19038A   26277.26576596 -.00000012  00000+0  14551-4 0  9990
2 44387  98.9275 266.2226 0002326  72.5817 287.5615 14.24389535376821
COSMOS 2535             
1 44421U 19039A   26277.32294139  .00000164  00000+0  21365-4 0  9995
2 44421  97.5709 301.2883 0007639 198.6373 161.4567 14.92102317392915
GLOBAL-4                
1 44499U 19054E   26277.23295868  .00080082  00000+0  45898-3 0  9990
2 44499  45.0040 321.5450 0007512  25.7597 334.3678 15.77873799397506
ZY-1 02D                
1 44528U 19059A   26277.30802006 -.00000091  00000+0 -16133-4 0  9999
2 44528  98.6607 339.2036 0005180  59.4474 300.7221 14.35284905369996
TAURUS-1 (JINNIUZUO 1)  
1 44530U 19059C   26277.29900697  .00003269  00000+0  51716-3 0  9998
2 44530  98.6513  89.0550 0007978 334.3555  25.7254 14.73019646374703
ZHUHAI-1 03B            
1 44536U 19060C   26277.30525699  .00027993  00000+0  34588-3 0  9991
2 44536  97.5625  81.5605 0006611 273.0258  87.0241 15.60086091393300
ZHUHAI-1 03D            
1 44538U 19060E   26277.25082516  .00028800  00000+0  41090-3 0  9997
2 44538  97.5488  72.6770 0005762 257.0250 103.0361 15.56237067393008
ZHUHAI-1 03E            
1 44539U 19060F   26277.34477853  .00012199  00000+0  26718-3 0  9994
2 44539  97.5744  71.4521 0005073 358.7263   1.3971 15.44254686392596
ATLAS 5 CENTAUR DEB     
1 44694U 18079BG  26273.09819700 -.00000125  00000+0  00000+0 0  9993
2 44694  13.7366  30.7517 4712564 315.8911  15.0180  1.77403298 48429
GAOFEN-7                
1 44703U 19072A   26277.32582372  .00002153  00000+0  98812-4 0  9995
2 44703  97.5599 338.4294 0019090  30.9030 329.3324 15.21385478384231
JILIN-1 GAOFEN 2A       
1 44777U 19075A   26277.25091937  .00009867  00000+0  23379-3 0  9997
2 44777  97.4906   3.7658 0006667  59.5521 300.6383 15.41948416381678
NINGXIA-1 1             
1 44779U 19076A   26277.27342269 -.00000068  00000+0  39846-4 0  9991
2 44779  45.0072  52.3221 0011288 307.6126  52.3683 14.02118855353161
NINGXIA-1 5             
1 44783U 19076E   26277.28648007 -.00000130  00000+0 -44625-6 0  9990
2 44783  45.0056  51.6018 0011244 299.9800  59.9918 14.02098345353084
KL-ALPHA A              
1 44785U 19077A   26277.32614881  .00000167  00000+0  22145-3 0  9999
2 44785  88.9338 210.6529 0011663 140.9126 219.2873 13.56052165340524
CARTOSAT-3              
1 44804U 19081A   26277.29329196  .00001930  00000+0  94519-4 0  9998
2 44804  97.4183 337.3267 0012792 129.5768 230.6598 15.19298056380037
JILIN-1 GAOFEN 2B       
1 44836U 19086A   26277.20610638  .00003349  00000+0  15071-3 0  9994
2 44836  97.4780 348.5315 0012303 301.4459  58.5573 15.21734433377065
TIANQIN 1 (CAS-6)       
1 44879U 19093A   26277.20563105  .00000758  00000+0  72990-4 0  9990
2 44879  97.7756   0.2548 0012428  54.6128 305.6252 14.95868298368344
ETRSS-1                 
1 44880U 19093B   26277.24583477  .00001446  00000+0  13280-3 0  9991
2 44880  97.7763   0.8555 0012188  55.4567 304.7802 14.96346667368362
TIANYAN 01              
1 44881U 19093C   26277.28788610  .00000519  00000+0  64350-4 0  9997
2 44881  97.7425 346.8058 0015024  88.0887 272.2050 14.86651998367625
TIANYAN 02              
1 44882U 19093D   26277.29932068  .00003743  00000+0  25852-3 0  9992
2 44882  97.7922  13.2214 0013487  18.5136 341.6579 15.06318190369034
CBERS 4A                
1 44883U 19093E   26277.30437300  .00000625  00000+0  86565-4 0  9999
2 44883  98.0083 344.7802 0000786  73.8368 286.2931 14.81470805367231
WEILAI 1R               
1 44884U 19093F   26277.24604924  .00001873  00000+0  14954-3 0  9999
2 44884  97.7897   7.4085 0017373  30.8463 329.3778 15.01407979368780
FLORIPASAT-1            
1 44885U 19093G   26277.24310809  .00002840  00000+0  20537-3 0  9995
2 44885  97.7914  12.3435 0012766  65.3957 294.8598 15.04808538369042
SHUNTIAN                
1 44886U 19093H   26277.27817838  .00001455  00000+0  13624-3 0  9993
2 44886  97.7978   4.8900 0013162  65.3964 294.8626 14.95575131368483
2019-093L               
1 44889U 19093L   26277.23447095  .00001580  00000+0  14967-3 0  9996
2 44889  97.7470 354.1935 0012878  52.8196 307.4198 14.94983068368096
ELEKTRO-L 3             
1 44903U 19095A   26275.68255170 -.00000053  00000+0  00000+0 0  9997
2 44903   0.1079  70.2108 0002843  95.4543 105.9130  0.99415291 24784
GONETS-M 14             
1 44905U 19096A   26277.28405015  .00000074  00000+0  46039-3 0  9991
2 44905  82.5286  16.9915 0012456 273.9588  86.0068 12.42873281307237
GONETS-M 15             
1 44906U 19096B   26277.31260059  .00000079  00000+0  49843-3 0  9994
2 44906  82.5305  17.4513 0014347 298.5954  61.3682 12.42884814307200
GONETS-M 16             
1 44907U 19096C   26277.33781014  .00000064  00000+0  39395-3 0  9991
2 44907  82.5251  16.3384 0010291 344.1268  15.9487 12.42894969307193
RS-44 & BREEZE-KM R/B   
1 44909U 19096E   26277.22182949  .00000019  00000+0  38803-4 0  9997
2 44909  82.5165 267.2452 0216360 249.3487 108.4295 12.79749517316290
JILIN-1 KUANFU 01       
1 45016U 20003A   26277.22366291  .00001597  00000+0  98830-4 0  9999
2 45016  97.4932 349.0277 0008093 290.5444  69.4917 15.11217781371799
XINGYUN-2 01            
1 45602U 20028A   26277.27132769  .00000543  00000+0  35163-4 0  9993
2 45602  97.4975 267.5963 0008740 176.6390 183.4901 15.12186166351326
XINGYUN-2 02            
1 45603U 20028B   26277.27039179  .00000988  00000+0  61430-4 0  9994
2 45603  97.5125 281.3967 0009126 254.7922 105.2300 15.11893889351311
HAIYANG-1D              
1 45721U 20036A   26277.29635804  .00000326  00000+0  13166-3 0  9991
2 45721  98.4633 216.6373 0002645 158.3748 201.7549 14.34203235330613
M2 PATHFINDER           
1 45727U 20037E   26276.96025379  .00001730  00000+0  12607-3 0  9990
2 45727  97.8112 109.4512 0012136 140.8419 219.3687 15.05073858341856
GAOFEN DUOMO (GFDM)     
1 45856U 20042A   26277.28927608 -.00000005  00000+0  63121-5 0  9995
2 45856  97.7622 333.1286 0012477  83.1600 277.1030 14.76877555337118
ZIYUAN 3-03 (ZY 3-03)   
1 45939U 20051A   26277.30786039  .00002457  00000+0  11325-3 0  9990
2 45939  97.5267 344.3413 0005500 356.8205   3.2994 15.21229186343935
NEMO-HD                 
1 46277U 20061F   26277.28578983  .00007094  00000+0  14473-3 0  9990
2 46277  97.1793 338.2099 0001858  70.0143 290.1307 15.46506016338836
3CAT-5A                 
1 46292U 20061W   26276.60374332  .00012611  00000+0  23320-3 0  9996
2 46292  97.2277 339.5330 0003145  96.9008 263.2602 15.49178033337791
3CAT-5B                 
1 46293U 20061X   26277.12485737  .00015079  00000+0  26195-3 0  9991
2 46293  97.2248 341.2726 0003923  89.7246 270.4456 15.50912006337927
NAPA-1                  
1 46320U 20061BA  26277.15591066  .00204768  17403-4  65447-3 0  9996
2 46320  97.2308 356.3532 0003068 225.2674 134.8350 15.91064036338911
JILIN-1 GAOFEN 3E       
1 46457U 20065D   26277.23727071  .00124047  00000+0  61455-3 0  9993
2 46457  97.2041 333.5159 0008076 120.8281 239.3784 15.81630706336884
JILIN-1 GAOFEN 3F       
1 46458U 20065E   26277.30181799  .00080974  00000+0  54810-3 0  9990
2 46458  97.2010 330.1517 0009976 105.7250 254.5116 15.74719189336793
JILIN-1 GAOFEN 3H       
1 46460U 20065G   26277.30608417  .00360555  55571-4  78344-3 0  9996
2 46460  97.1926 335.2509 0004670 224.4752 135.6151 15.98301302337104
HAIYANG-2C              
1 46469U 20066A   26277.33088679 -.00000188  00000+0 -96959-4 0  9991
2 46469  65.9978 303.5437 0004708 255.8906 104.1640 13.83375493304597
HJ-2A                   
1 46478U 20067A   26277.26981985  .00000214  00000+0  37757-4 0  9995
2 46478  97.8743 353.0137 0002080 278.4714  81.6260 14.76561615324356
HJ-2B                   
1 46479U 20067B   26277.23949515  .00000036  00000+0  12246-4 0  9994
2 46479  97.8811 354.0923 0000911 110.1489 249.9820 14.76575664324359
GONETS-M 17             
1 46486U 20068A   26277.28355083 -.00000038  00000+0 -34509-3 0  9998
2 46486  82.4936 279.6319 0023022 154.5437 205.6782 12.42887053272716
GONETS-M 18             
1 46487U 20068B   26277.32809126 -.00000017  00000+0 -19484-3 0  9998
2 46487  82.4890 278.6807 0020411 150.7151 209.5077 12.42876364272709
GONETS-M 19             
1 46488U 20068C   26277.30191110 -.00000048  00000+0 -41467-3 0  9994
2 46488  82.4915 279.1678 0013849 163.8893 196.2630 12.42895202272805
DEKART                  
1 46493U 20068H   26277.28089749  .00007780  00000+0  20038-3 0  9990
2 46493  97.8742 294.5557 0006687 252.4207 107.6307 15.39517723332545
NORBI                   
1 46494U 20068J   26277.34045728  .00017344  00000+0  28105-3 0  9997
2 46494  97.8576 303.2846 0004839 194.7617 165.3494 15.52851190333127
SALSAT                  
1 46495U 20068K   26277.26506010  .00004677  00000+0  15831-3 0  9992
2 46495  97.8887 287.1097 0007593 281.5522  78.4865 15.31126506332040
ICEYE-X6                
1 46497U 20068M   26277.31207494  .00000605  00000+0  47475-4 0  9991
2 46497  98.1053 276.2872 0008775  84.8943 275.3283 15.04965958329641
NETSAT-4                
1 46504U 20068U   26277.28069507  .00013687  00000+0  27029-3 0  9993
2 46504  97.8604 294.5816 0002851 294.1429  65.9522 15.47285350332622
NETSAT-3                
1 46505U 20068V   26277.30356040  .00012776  00000+0  26303-3 0  9990
2 46505  97.8660 292.6985 0003038 325.8749  34.2303 15.46089167332528
NETSAT-1                
1 46506U 20068W   26277.27038893  .00008498  00000+0  23836-3 0  9994
2 46506  97.8788 285.6195 0004222   9.1121 351.0198 15.36851473332042
NETSAT-2                
1 46507U 20068X   26277.01038467  .00015605  00000+0  27916-3 0  9995
2 46507  97.8609 294.6542 0002520 347.0670  13.0515 15.50098459332572
TIANQI-6                
1 46810U 20076D   26276.88404092  .00002046  00000+0  13291-3 0  9992
2 46810  34.9980 101.0336 0009837  43.9242 316.2249 15.07768911324998
KSM1-C                  
1 46906U 20081B   26276.92529669  .00005048  00000+0  18240-3 0  9991
2 46906  36.8909 106.8035 0002555  16.5546 343.5287 15.28283223325805
KSM1-D                  
1 46907U 20081C   26276.94801156  .00004419  00000+0  17130-3 0  9996
2 46907  36.8950 117.8917 0001481  42.2764 317.8099 15.26055266325715
KSM1-A                  
1 46912U 20081H   26277.24847177  .00004535  00000+0  16851-3 0  9997
2 46912  36.8960 108.0765 0001230 183.5226 176.5515 15.27438279325857
R2                      
1 46913U 20081J   26277.24506333  .00005226  00000+0  19711-3 0  9990
2 46913  36.8961 108.6743 0006140 124.4018 235.7312 15.26835906328650
KSM1-B                  
1 46914U 20081K   26276.90174100  .00004142  00000+0  16192-3 0  9992
2 46914  36.9011 119.0498 0002433  92.3678 267.7350 15.25828231328791
GONETS-M 20             
1 47227U 20091A   26277.23979881  .00000040  00000+0  21680-3 0  9998
2 47227  82.5026 234.6335 0019999 305.9667  53.9558 12.42896858264624
GONETS-M 21             
1 47228U 20091B   26277.29480853  .00000040  00000+0  21668-3 0  9997
2 47228  82.4952 233.2399 0014144 322.3516  37.6572 12.42889254264627
GONETS-M 22             
1 47229U 20091C   26277.26734946 -.00000010  00000+0 -14280-3 0  9991
2 47229  82.5008 234.2062 0020748 300.8447  59.0591 12.42894643264571
CUBEL                   
1 47448U 21006AM  26277.11886892  .00015068  00000+0  32515-3 0  9991
2 47448  97.2204 326.8523 0007490 130.3685 229.8219 15.44614485316553
GRUS-1B                 
1 47934U 21022C   26277.26319042  .00000353  00000+0  33854-4 0  9992
2 47934  97.5172 156.7436 0014888 312.1897  47.8062 14.98910113302236
2021-022F               
1 47937U 21022F   26277.26409601  .00005598  00000+0  16942-3 0  9990
2 47937  97.3748 177.8988 0011386  65.9679 294.2755 15.34537185306431
UNISAT-7                
1 47945U 21022P   26277.25810583  .00010403  00000+0  23695-3 0  9997
2 47945  97.3766 183.4539 0010073  49.9646 310.2484 15.43081287306663
GLOBAL-9                
1 47971U 21023G   26277.20100042  .00016077  00000+0  27918-3 0  9999
2 47971  44.9820 355.9121 0004785 311.7199  48.3283 15.50708019311849
AII-BRAVO               
1 48270U 21034C   26276.94467293  .00002089  00000+0  15490-3 0  9998
2 48270  97.5507 329.3581 0004033 247.1304 112.9497 15.04156310295968
TYVAK-182A              
1 48271U 21034D   26276.58983457  .00002790  00000+0  19065-3 0  9995
2 48271  97.5597 333.6146 0004865 332.3461  27.7507 15.06954186296153
CSS (TIANHE)            
1 48274U 21035A   26277.30044149  .00014363  00000+0  17451-3 0  9992
2 48274  41.4700  19.3688 0001859 328.7847  31.2881 15.60283449310201
TYVAK-0130              
1 48606U 21041BF  26277.19422132  .00004210  00000+0  16054-3 0  9995
2 48606  52.9927 239.3272 0010391 143.6572 216.5134 15.28842358297051
HAIYANG-2D              
1 48621U 21043A   26277.31303347  .00000235  00000+0  28688-3 0  9993
2 48621  66.0003  33.0124 0010585 258.1566 101.8315 13.83372985271641
2021-050D               
1 48843U 21050D   26277.29989116  .00000406  00000+0  20263-4 0  9990
2 48843  97.3242 350.8123 0010032 229.8351 130.2008 15.22855365295578
TYVAK-0173              
1 48892U 21059P   26276.90153343  .00000755  00000+0  98739-4 0  9995
2 48892  95.9962 326.1853 0009802  31.4378 328.7424 14.82151695284349
MANDRAKE 2 ABLE         
1 48907U 21059AE  26277.29451937  .00017851  00000+0  22901-3 0  9997
2 48907  97.6970 115.7514 0003331 323.6397  36.4632 15.59207487294103
MANDRAKE 2 BAKER        
1 48908U 21059AF  26276.99053509  .00026638  00000+0  27115-3 0  9992
2 48908  97.6915 119.1479 0001846 321.5850  38.5276 15.65127770294280
YAM-3                   
1 48915U 21059AN  26277.26003490  .00008373  00000+0  14769-3 0  9992
2 48915  97.6948 111.5381 0004270 347.5843  12.5302 15.50671431293885
DEMO8 (TENZING)         
1 48951U 21059CA  26277.30565803  .00016375  00000+0  21228-3 0  9997
2 48951  97.6941 119.3490 0004921 312.8889  47.1952 15.58941909294281
FENGYUN 3E              
1 49008U 21062A   26277.28419676  .00000264  00000+0  14498-3 0  9999
2 49008  98.7562 279.5051 0002509 114.3910 245.7529 14.19912703272062
ISS (NAUKA)             
1 49044U 21066A   26277.07866052  .00003472  00000+0  71811-4 0  9991
2 49044  51.6316 121.2001 0006887 219.9512 140.0970 15.48727366587000
STARLINK-3100           
1 49144U 21082Q   26276.99256598  .00000272  00000+0  30554-4 0  9992
2 49144  69.9985 129.2412 0002292 273.0233  87.0663 14.98329631277187
2021-091B               
1 49316U 21091B   26277.29570933  .00001143  00000+0  57756-4 0  9990
2 49316  97.4478 103.2637 0014064  26.5372 333.6580 15.19000237275545
SDGSAT 1                
1 49387U 21100A   26277.29478060  .00001080  00000+0  53850-4 0  9998
2 49387  97.2524 320.0335 0007672 245.1245 114.9193 15.19542892272480
TEIKYOSAT-4 (OORURI)    
1 49396U 21102B   26277.02122372  .00001119  00000+0  72966-4 0  9995
2 49396  97.3608 302.2598 0010266 279.6252  80.3818 15.09816009269142
Z-SAT                   
1 49399U 21102E   26277.31340698  .00001443  00000+0  72085-4 0  9995
2 49399  97.3244 309.3254 0015044 221.3072 138.7026 15.18944747270008
HIBARI                  
1 49400U 21102F   26276.11855934  .00006410  00000+0  19913-3 0  9998
2 49400  97.3121 320.8735 0011531 166.6803 193.4747 15.33639095270728
KOSEN-1                 
1 49402U 21102H   26277.08106811  .00004778  00000+0  17652-3 0  9993
2 49402  97.3081 317.1597 0013447 174.2339 185.9058 15.28124178270644
GLOBAL-14               
1 49469U 21106A   26276.57256144  .00027672  00000+0  39228-3 0  9999
2 49469  42.0043   4.5300 0017461  60.4577 299.8007 15.55695709274984
GAOFEN-3 02             
1 49495U 21109A   26277.24994546  .00000125  00000+0  51257-4 0  9992
2 49495  98.4136 283.8158 0003453  40.4413 319.7033 14.42212051256034
GLOBAL-12               
1 49772U 21115BA  26276.63358006  .00032376  00000+0  39677-3 0  9998
2 49772  53.1928 240.5936 0004133  60.8112 299.3315 15.60075410272795
GLOBAL-13               
1 49773U 21115BB  26277.23243501  .00015922  00000+0  28789-3 0  9999
2 49773  53.1954 254.6943 0004123  90.6583 269.4899 15.49883433272650
GLOBAL-17               
1 49949U 21120A   26277.26946828  .00024647  00000+0  32061-3 0  9997
2 49949  41.9933 116.5232 0018666 300.4925  59.4078 15.58022952271884
GLOBAL-16               
1 49950U 21120B   26277.00220174  .00022182  00000+0  32119-3 0  9996
2 49950  41.9933 124.2104 0016890 289.1481  70.7536 15.55230753271766
XW-3 (CAS-9)            
1 50466U 21131B   26277.31718439  .00000173  00000+0  67092-4 0  9997
2 50466  98.4965   9.1101 0005117 123.2690 236.8990 14.41436920250832
ION SCV-004             
1 50993U 22002K   26277.12851389  .00003205  00000+0  10836-3 0  9993
2 50993  97.2705 332.7304 0006225 338.1167  21.9808 15.31338383261964
ETV-A1                  
1 51060U 22002CE  26277.18449867  .00008231  00000+0  19074-3 0  9996
2 51060  97.2759 343.2596 0003515 323.6049  36.4959 15.42677951262638
BRO-5                   
1 51061U 22002CF  26277.19611381  .00011105  00000+0  19194-3 0  9997
2 51061  97.2895 352.0993 0004870 282.3153  77.7554 15.51132696263138
LUDI TANCE 1-01A (L-SA*)
1 51284U 22007A   26277.29043235  .00000331  00000+0  41542-4 0  9999
2 51284  97.8114 283.1645 0001599  89.0303 271.1097 14.88410900254708
LUDI TANCE 1-01B (L-SA*)
1 51822U 22018A   26277.32406578  .00000292  00000+0  37356-4 0  9990
2 51822  97.8108 283.1972 0001460  86.8918 273.2466 14.88411112249945
2022-019D               
1 51827U 22019D   26277.17416750  .00544174  14329-3  78908-3 0  9994
2 51827  97.3494  17.5612 0002989 257.8097 102.2849 16.05301341256945
2022-019J               
1 51832U 22019J   26277.30925316  .00000679  00000+0  33821-4 0  9998
2 51832  97.3313 337.2570 0007947 196.3273 163.7708 15.20811697254386
2022-023F               
1 51951U 22023F   26277.30512925  .00006851  00000+0  27049-3 0  9995
2 51951  63.4535 262.5594 0137293 342.4077  17.2303 15.18123159254276
CZ-4C R/B               
1 52085U 22027B   26277.28111429 -.00000086  00000+0  98765-5 0  9999
2 52085  63.3910 128.4734 0242336  22.3229 338.8143 13.65486915226933
MERIDIAN 10             
1 52145U 22030A   26276.64057385  .00000152  00000+0  00000+0 0  9991
2 52145  62.6820 129.0084 6815598 272.8172  17.4438  2.00591382 33203
OMNI-L1                 
1 52157U 22033A   26277.15249090  .00000912  00000+0  11852-3 0  9995
2 52157  97.8319 354.1902 0003899 293.9635  66.1171 14.83057176243608
ENMAP                   
1 52159U 22033C   26277.25086778 -.00000217  00000+0 -24903-4 0  9992
2 52159  97.9787 357.9294 0001589  85.2641 274.8749 14.74993862242731
ARCSAT-1                
1 52161U 22033E   26277.21029863  .00008997  00000+0  13005-3 0  9994
2 52161  97.2729  11.2853 0005492 142.4140 217.7500 15.56152169252641
GLOBAL-18               
1 52196U 22034B   26277.21796807  .00015222  00000+0  27198-3 0  9999
2 52196  52.9799  93.9889 0002858 238.5930 121.4798 15.50259359253854
GAOFEN-3 03             
1 52200U 22035A   26277.29185615  .00000118  00000+0  48952-4 0  9993
2 52200  98.4106 284.3064 0000989 101.1448 258.9853 14.42219354236579
DAQI-1                  
1 52257U 22039A   26277.28565792  .00000303  00000+0  76167-4 0  9991
2 52257  98.1548 213.9112 0002385 286.8814  73.2123 14.57728926237834
BRO-6                   
1 52422U 22047AE  26277.29726677  .00039702  00000+0  50733-3 0  9991
2 52422  97.3348  11.0927 0003990  34.1811 325.9701 15.59142366248104
VIGORIDE-3              
1 52760U 22057AE  26277.13735045  .00003631  00000+0  13470-3 0  9998
2 52760  97.6765  60.1892 0009486  99.9486 260.2824 15.28247791241793
ION SCV-006             
1 52761U 22057AF  26277.32580645  .00008838  00000+0  17295-3 0  9997
2 52761  97.6237  71.4789 0017391  80.2419 280.0793 15.47512204242983
SHERPA-AC1              
1 52763U 22057AH  26276.40392384  .00004698  00000+0  12967-3 0  9999
2 52763  97.6835  70.3593 0008550  70.4423 289.7744 15.37584864242323
OMNI-L2                 
1 52771U 22057AR  26277.13659955  .00000515  00000+0  71868-4 0  9999
2 52771  97.4597 332.1152 0005784 338.1732  21.9234 14.81386994236525
STEP CUBE LAB-II        
1 52897U 22065D   26277.26373447  .00000348  00000+0  76632-4 0  9998
2 52897  98.2395  60.9421 0009554  49.0560 311.1468 14.63438690227456
RANDEV                  
1 52898U 22065E   26277.30410778  .00000410  00000+0  87876-4 0  9995
2 52898  98.2379  61.3825 0008875  49.2858 310.9114 14.63832244227211
SNUGLITE-II             
1 52899U 22065F   26277.14844676  .00000527  00000+0  10858-3 0  9990
2 52899  98.2363  61.9001 0008272  48.8607 311.3308 14.64509715226949
MIMAN                   
1 52900U 22065G   26276.32837590  .00000275  00000+0  64379-4 0  9997
2 52900  98.2426  58.3745 0008536  54.2824 305.9170 14.61938151226248
STARLINK-4362           
1 53043U 22077A   26276.92299898 -.00001395  00000+0 -40917-4 0  9996
2 53043  97.2850  91.5351 0001520  89.0973 271.0444 15.33429559232359
LARES-2                 
1 53105U 22080A   26274.28803811  .00000018  00000+0  00000+0 0  9995
2 53105  70.1458 268.9262 0005584 314.3603  45.6535  6.38965223 98445
GREENCUBE (IO-117)      
1 53109U 22080E   26276.97409515 -.00000003  00000+0  00000+0 0  9995
2 53109  70.1208 260.3996 0009162 266.6515  93.3097  6.42583783 99052
STARLINK-4410           
1 53204U 22084R   26276.90538582  .00001805  00000+0  52253-4 0  9997
2 53204  97.4443 340.9308 0002339 168.0052 192.1248 15.36956982231718
TECMS                   
1 53346U 22090A   26277.27824515  .00001928  00000+0  89946-4 0  9991
2 53346  97.3026 342.2149 0002467 155.5816 204.5537 15.21016562231398
STARLINK-4400           
1 53468U 22099D   26277.33335648  .00006597  00000+0  20649-3 0  9997
2 53468  97.2838  30.8763 0001510  86.4039 237.3351 15.33446548  5797
STARLINK-4621           
1 53676U 22105AE  26277.33335648 -.00048444  00000+0 -29543-2 0  9996
2 53676  97.2845 150.4020 0001672  97.7234  89.1163 15.10564555  5699
SHERPA-LTC2             
1 53754U 22107BG  26277.17146976  .00003897  00000+0  20310-3 0  9996
2 53754  53.2329 118.6689 0392551 171.0218 189.8054 14.70440769218574
CENTISPACE-1 S3         
1 53757U 22108A   26277.30180495  .00000149  00000+0  67859-4 0  9996
2 53757  53.5338 324.0276 0008065 276.1456  83.8600 14.61343829217488
CENTISPACE-1 S4         
1 53758U 22108B   26277.30294365  .00000227  00000+0  82498-4 0  9992
2 53758  53.5312 321.0174 0007705 262.0593  97.9508 14.62043273217520
BLUEWALKER-3            
1 53807U 22111AL  26277.22403620  .00003875  00000+0  10746-3 0  9996
2 53807  53.2276 241.5992 0006442 140.8863 219.2610 15.39434859226998
YUNHAI-1 03             
1 53877U 22115A   26277.27914352  .00000220  00000+0  97288-4 0  9999
2 53877  98.5622 274.0668 0005578  79.8636 280.3177 14.32553787211132
CENTISPACE-1 S5         
1 54020U 22126A   26277.25772462  .00000283  00000+0  90984-4 0  9999
2 54020  54.9978 136.4388 0010686 326.1900  33.8411 14.63165176213006
CENTISPACE-1 S6         
1 54021U 22126B   26277.30665579  .00000174  00000+0  71022-4 0  9997
2 54021  54.9981 138.6308 0012498 324.5092  35.5069 14.62401961212960
OTB-3-GAZELLE           
1 54023U 22127A   26277.22480851  .00000054  00000+0  29439-4 0  9991
2 54023  98.4057 267.3277 0012315 215.7569 144.2797 14.42705152210086
ASO-S                   
1 54029U 22129A   26277.26475807  .00000067  00000+0  27609-4 0  9999
2 54029  98.2806 280.8137 0015451 115.5074 244.7721 14.52100573211259
HJ-2E                   
1 54035U 22132A   26277.29133454  .00004339  00000+0  20332-3 0  9993
2 54035  97.3856 279.6713 0005719  16.4769 343.6651 15.20206358221013
COSMOS 2561             
1 54109U 22137A   26275.83548834  .00008650  00000+0  13434-3 0  9995
2 54109  96.9049 330.9180 0008945 356.8514   3.2683 15.54142836223053
GONETS-M 23             
1 54150U 22139A   26277.33585189  .00000030  00000+0  14403-3 0  9995
2 54150  82.5010 280.4654 0021081 346.9424  13.1107 12.42893717179202
GONETS-M 24             
1 54151U 22139B   26277.30889449  .00000043  00000+0  23841-3 0  9999
2 54151  82.4926 279.4665 0016566 358.7104   1.3931 12.42894757179205
GONETS-M 25             
1 54152U 22139C   26277.29542416  .00000032  00000+0  15967-3 0  9996
2 54152  82.4992 280.2206 0020431 356.2121   3.8801 12.42893304179208
SKIF-D                  
1 54153U 22139D   26276.98008425  .00000054  00000+0  00000+0 0  9991
2 54153  89.9436  96.6260 0007768 158.5655 201.5285  5.00426320 69551
MATS                    
1 54227U 22147A   26277.24185553  .00001122  00000+0  81602-4 0  9999
2 54227  97.6883 278.4413 0012157 182.1054 178.0123 15.05838401214171
EOS-6 (OCEANSAT-3)      
1 54361U 22158A   26277.28018648  .00000108  00000+0  41791-4 0  9992
2 54361  98.3557  14.0293 0001829  61.8790 298.2588 14.46985254203610
DONGPO 09               
1 54685U 22167D   26277.29885277  .00007561  00000+0  20210-3 0  9994
2 54685  97.6970  93.4287 0003431  93.5148 266.6488 15.38385193212216
DONGPO 08               
1 54686U 22167E   26277.28333911  .00006795  00000+0  19949-3 0  9992
2 54686  97.6948  90.0594 0008795 134.6139 225.5823 15.35466623212055
DONGPO 10               
1 54689U 22167H   26277.29604907  .00006863  00000+0  19618-3 0  9991
2 54689  97.7020  92.2828 0005943  86.0371 274.1552 15.36319805212109
JILIN-1 GAOFEN 03D48    
1 54695U 22167P   26277.30122994  .00007146  00000+0  19859-3 0  9993
2 54695  97.6958  91.7117 0007287  89.6385 270.5693 15.37178799212143
STAR VIBE               
1 55009U 23001A   26277.18093839  .00011580  00000+0  24497-3 0  9993
2 55009  97.3048 342.2206 0006631  83.7099 276.4905 15.45272937209046
BRO-8                   
1 55011U 23001C   26277.17541185  .00034328  00000+0  49469-3 0  9998
2 55011  97.3068 344.3755 0006151  87.8978 272.2981 15.55925793209113
CONNECTA T1.2           
1 55012U 23001D   26277.17755824  .00045367  00000+0  56499-3 0  9992
2 55012  97.3124 350.4100 0004759  67.8183 292.3578 15.59792644209483
BIRKELAND               
1 55015U 23001G   26277.17840429  .00005964  00000+0  14310-3 0  9996
2 55015  97.3237 345.4881 0007787  77.7102 282.5017 15.41734719209137
ION SCV-008             
1 55051U 23001AU  26277.32228551  .00003916  00000+0  13852-3 0  9994
2 55051  97.5714  15.5581 0014042 353.1641   6.9406 15.29702027208011
ION SCV-007             
1 55060U 23001BD  26277.08967382  .00000166  00000+0  30298-4 0  9997
2 55060  97.8884 337.8769 0011978 350.4013   9.6967 14.77629024202336
HUYGENS                 
1 55093U 23001CN  26277.17844817  .00009878  00000+0  23536-3 0  9995
2 55093  97.3137 344.5730 0010132  56.9351 303.2868 15.41737194209155
SHARJAHSAT-1            
1 55104U 23001CZ  26277.27079558  .00017695  00000+0  28351-3 0  9997
2 55104  97.3035 347.7787 0006291  74.4399 285.7549 15.53136638209407
HORUS 1                 
1 55690U 23025A   26277.31924788  .00003107  00000+0  13284-3 0  9994
2 55690  97.3366 349.5600 0002458 108.3757 251.7748 15.23573929200662
HORUS 2                 
1 55844U 23032A   26277.28982902  .00003174  00000+0  13637-3 0  9997
2 55844  97.3440 350.4393 0001587 103.3398 256.8016 15.23387336198096
GLOBAL-19               
1 55982U 23041B   26277.31356959  .00008263  00000+0  22346-3 0  9992
2 55982  42.0013 285.3869 0006686  50.6965 309.4467 15.37906755198738
ION SCV-010             
1 56192U 23054Q   26277.25127465  .00002976  00000+0  10939-3 0  9991
2 56192  97.3602 165.4168 0012811 140.1297 220.0886 15.28614739192846
TELEOS-2                
1 56310U 23057C   26277.19750778  .00003600  00000+0  24990-3 0  9995
2 56310   9.9871 130.4496 0000855 267.3558  92.6558 14.96420212189152
SNIPE 4                 
1 56744U 23072B   26277.32689291  .00016844  00000+0  34299-3 0  9996
2 56744  97.5130 127.0659 0003329 298.3631  61.7282 15.46328652186959
SNIPE 2                 
1 56745U 23072C   26277.26333810  .00024238  00000+0  40010-3 0  9997
2 56745  97.5095 130.9016 0003411 347.7650  12.3519 15.52261276187133
2023-072G               
1 56749U 23072G   26277.29953503  .00027902  00000+0  39068-3 0  9993
2 56749  97.4754 129.9248 0001470 337.6424  22.4767 15.56769108187401
GEISAT PRECURSOR        
1 56934U 23084C   26277.19103009  .00004932  00000+0  14339-3 0  9991
2 56934  97.6373  61.9484 0004332 326.6828  33.4142 15.35952188184257
BLACKJACK ACES-3        
1 56950U 23084U   26277.27396162  .00003285  00000+0  16010-3 0  9990
2 56950  97.6364  53.4439 0001829  55.6545 304.4862 15.19066626183720
BLACKJACK ACES-2        
1 56955U 23084Z   26277.27875007  .00004135  00000+0  20122-3 0  9999
2 56955  97.6358  53.5303 0000794  58.0451 302.0860 15.18964758183737
BLACKJACK ACES-1        
1 56956U 23084AA  26277.26869065  .00004479  00000+0  21713-3 0  9994
2 56956  97.6351  53.2776 0001300 123.2998 236.8361 15.19051716133453
ION SCV-011             
1 56957U 23084AB  26277.26980777  .00003052  00000+0  10905-3 0  9996
2 56957  98.1340 114.7397 0007613  28.2919 331.8731 15.29720428182488
GHOST-3                 
1 56958U 23084AC  26277.22707190  .00016048  00000+0  27347-3 0  9996
2 56958  97.6372  72.0511 0005668 247.8142 112.2508 15.51446484184901
AFR-1                   
1 56964U 23084AJ  26277.32940794  .00002928  00000+0  10554-3 0  9997
2 56964  97.6431  56.8231 0009281 320.7303  39.3262 15.29367898183909
METEOR-M2 3             
1 57166U 23091A   26277.28576123 -.00000030  00000+0  55050-5 0  9991
2 57166  98.5965 329.9647 0003521 196.9335 163.1728 14.24053454170048
UMKA 1 (RS40S)          
1 57172U 23091G   26277.27686680  .00003387  00000+0  15188-3 0  9990
2 57172  97.4927 335.5596 0014005  98.3741 261.9083 15.21830357180597
2023-091H               
1 57173U 23091H   26277.29529836  .00007222  00000+0  24605-3 0  9998
2 57173  97.4928 341.4599 0010726  89.5878 270.6592 15.30642107180986
2023-091J               
1 57174U 23091J   26277.28838181  .00001890  00000+0  10597-3 0  9994
2 57174  97.4930 328.8014 0014351 126.9722 233.2826 15.14526544180144
CUBEBEL 2 (EU11S)       
1 57175U 23091K   26277.24816988  .00007997  00000+0  26561-3 0  9994
2 57175  97.4928 341.5528 0010708  90.5479 269.6990 15.31433160180988
SITRO-AIS 5 (KATYS)     
1 57176U 23091L   26277.25059506  .00008002  00000+0  26442-3 0  9997
2 57176  97.4940 342.2871 0012035  79.4104 280.8492 15.31580958181024
ZORKIY-2M 1             
1 57177U 23091M   26277.31749823  .00004285  00000+0  18996-3 0  9997
2 57177  97.4968 335.9537 0014490  95.5803 264.7086 15.22057957180594
CUBESX-HSE 3 (RS42S)    
1 57178U 23091N   26277.28619931  .00008954  00000+0  27784-3 0  9992
2 57178  97.4975 344.3722 0011090  69.3459 290.8972 15.33572329181134
MONITOR-3 (RS58S)       
1 57180U 23091Q   26277.11169873  .00007271  00000+0  25496-3 0  9991
2 57180  97.4963 341.4328 0012417  78.1421 282.1211 15.29681807180939
MONITOR-4 (RS57S)       
1 57182U 23091S   26277.28063304  .00006667  00000+0  23335-3 0  9991
2 57182  97.4958 341.5805 0012425  77.7924 282.4707 15.29776288180962
MONITOR-2 (RS39S)       
1 57184U 23091U   26277.24491453  .00002887  00000+0  13813-3 0  9999
2 57184  97.4947 334.8104 0012576  93.3047 266.9626 15.19721765180513
SVYATOBOR 1 (RS60S)     
1 57187U 23091X   26277.26726252  .00005560  00000+0  20502-3 0  9996
2 57187  97.4971 341.7395 0010370  72.4690 287.7681 15.28165526180962
HORS 1                  
1 57188U 23091Y   26277.24351657  .00005751  00000+0  21098-3 0  9991
2 57188  97.4947 341.4666 0009805  72.4667 287.7643 15.28322460180969
VIZARD-METEO (RS38S)    
1 57189U 23091Z   26277.28331293  .00012188  00000+0  31607-3 0  9999
2 57189  97.4982 349.1409 0007268  50.2804 309.9081 15.39134348181453
SITRO-AIS 6 (CHIRKIN)   
1 57192U 23091AC  26277.29841739  .00006261  00000+0  23385-3 0  9994
2 57192  97.4947 340.8432 0012500  84.1941 276.0723 15.27667928180936
SITRO-AIS 8 (ANOKHIN)   
1 57193U 23091AD  26277.25721283  .00009861  00000+0  29505-3 0  9991
2 57193  97.4940 344.3645 0010775  75.6888 284.5550 15.34700876181168
SITRO-AIS 7 (FARTUSHNIY)
1 57194U 23091AE  26277.26004939  .00006239  00000+0  23557-3 0  9992
2 57194  97.4944 340.5676 0012459  85.4261 274.8401 15.27308487180913
AVION KALUGA 650        
1 57195U 23091AF  26277.24979247  .00003381  00000+0  15410-3 0  9998
2 57195  97.4965 336.3829 0011690  90.7027 269.5548 15.21289137180608
HORS 2                  
1 57196U 23091AG  26277.29264230  .00009208  00000+0  27951-3 0  9990
2 57196  97.4975 345.9338 0008488  63.9225 296.2890 15.34287131181248
A-SEANSAT-PG1           
1 57197U 23091AH  26277.26519159  .00012940  00000+0  32201-3 0  9992
2 57197  97.4969 349.3846 0007218  57.3071 302.8870 15.40382162181485
SITRO-AIS 10 (BURDAEV)  
1 57199U 23091AK  26277.24307780  .00014648  00000+0  34065-3 0  9994
2 57199  97.4971 350.6341 0006387  51.2814 308.9003 15.42406490181555
SITRO-AIS 9 (SHCHUKIN)  
1 57201U 23091AM  26277.24327193  .00014193  00000+0  33695-3 0  9991
2 57201  97.4969 350.2690 0006674  51.5398 308.6447 15.41789925181531
UTMN 2 (RS27S)          
1 57203U 23091AP  26277.24594467  .00008237  00000+0  24968-3 0  9998
2 57203  97.4974 346.0969 0008256  59.6596 300.5462 15.34369948181256
SITRO-AIS 12 (SMIRENNIY)
1 57204U 23091AQ  26277.27728003  .00013482  00000+0  31688-3 0  9992
2 57204  97.4984 350.8428 0006162  46.2873 313.8883 15.42108131181567
SITRO-AIS 11 (SHEFFER)  
1 57208U 23091AU  26277.25735361  .00014577  00000+0  33644-3 0  9999
2 57208  97.4982 351.1459 0006118  45.7849 314.3899 15.42636901181581
H2SAT (HEINRICH HERTZ)  
1 57213U 23093A   26274.96833980 -.00000003  00000+0  00000+0 0  9994
2 57213   0.0475  49.0960 0000586 341.3208 329.6100  1.00267768 11981
KUZGTU 1 (RS47S)        
1 57217U 23091AV  26277.25109881  .00007730  00000+0  25233-3 0  9999
2 57217  97.4945 342.9421 0011571  73.7375 286.5138 15.31991686181062
QIANKUN-1               
1 57422U 23103B   26275.71230275  .00016298  17490-5  26125-4 0  9990
2 57422  96.1140 312.5174 0008060 231.7304 128.3255 16.04046784184559
FENGYUN 3F              
1 57490U 23111A   26277.33576816 -.00000008  00000+0  16828-4 0  9993
2 57490  98.6734 345.2518 0001463 105.6583 254.4755 14.19953254164358
METEOR 2-1 DEB          
1 57492U 75064F   26270.68978517  .00002921  00000+0  11315-2 0  9993
2 57492  81.2736 256.5975 0012940 138.4432 221.7736 14.29777860417636
HJ-2F                   
1 57519U 23116A   26277.25868039  .00004075  00000+0  19105-3 0  9999
2 57519  97.3899 280.5449 0008896 136.3582 223.8358 15.20205316175341
XRISM                   
1 57800U 23137A   26276.98753590  .00003053  00000+0  16215-3 0  9993
2 57800  31.0035  14.3982 0007533 343.1896  16.8493 15.13230091169353
METEOR-M2 4             
1 59051U 24039A   26277.28346022  .00000004  00000+0  21760-4 0  9992
2 59051  98.7163 235.2763 0006389 206.8835 153.2012 14.22438990134770
GRBBETA                 
1 60237U 24128C   26277.23929496  .00001826  00000+0  13407-3 0  9997
2 60237  61.9888 193.4611 0024581 158.7641 201.4479 15.07265450122701
TRANSPORTER-11 OBJECT A 
1 60468U 24149A   26276.98092176  .00005750  00000+0  17494-3 0  9993
2 60468  97.3653 356.6431 0003105 163.5371 196.5973 15.34411835118737
WARATAH SEED-1          
1 60469U 24149B   26277.21122068  .00009107  00000+0  24273-3 0  9998
2 60469  97.3612 358.0355 0002048 155.3350 204.7993 15.38389903118867
PHISAT 2                
1 60470U 24149C   26276.49187471  .00004455  00000+0  14529-3 0  9992
2 60470  97.3676 355.1561 0001623 156.7192 203.4124 15.32322501118578
LEMUR-2-TOMATOKECHUP    
1 60471U 24149D   26277.02280106  .00007793  00000+0  21067-3 0  9995
2 60471  97.3731 359.4612 0002008 156.5925 203.5412 15.38002132118881
CONNECTA IOT-1          
1 60472U 24149E   26277.15904438  .00005578  00000+0  23001-3 0  9990
2 60472  97.3668 351.6140 0000819 210.9687 149.1503 15.24465933118398
LOPEN                   
1 60473U 24149F   26276.49755244  .00011452  00000+0  26591-3 0  9991
2 60473  97.3708   0.8981 0001345 164.2244 195.9045 15.42528960118946
ROCK                    
1 60474U 24149G   26276.16108545  .00010397  00000+0  24195-3 0  9997
2 60474  97.3707   0.5652 0001572 167.8571 192.2714 15.42486644118891
CONNECTA IOT-3          
1 60475U 24149H   26277.18108328  .00005106  00000+0  21115-3 0  9991
2 60475  97.3642 351.3517 0001792 217.6694 142.4418 15.24406176118408
QUBE                    
1 60476U 24149J   26277.29357698  .00022087  00000+0  36222-3 0  9992
2 60476  97.3739   6.2153 0002631 166.5533 193.5790 15.52461256119362
WREN-1                  
1 60478U 24149L   26277.23622644  .00016333  00000+0  34092-3 0  9994
2 60478  97.3700   2.7796 0003451 209.3511 150.7545 15.45606326119149
TOMORROW-S1             
1 60479U 24149M   26277.17940317  .00005518  00000+0  16934-3 0  9996
2 60479  97.3676 357.3674 0002217 179.3291 180.7955 15.34158071118791
FLOCK 4BE-18            
1 60480U 24149N   26277.24389276  .00025916  00000+0  53095-3 0  9990
2 60480  97.3660   2.3572 0003448 196.5939 163.5198 15.46057662119131
FLOCK 4BE-7             
1 60481U 24149P   26277.19966188  .00027478  00000+0  58006-3 0  9990
2 60481  97.3691   1.5122 0002738 203.8524 156.2598 15.45168460119053
TOMORROW-S2             
1 60485U 24149T   26276.94503350  .00005412  00000+0  16627-3 0  9991
2 60485  97.3745 357.7313 0001558 214.1590 145.9553 15.34132199118752
FLOCK 4BE-36            
1 60486U 24149U   26277.23126092  .00035711  00000+0  66174-3 0  9996
2 60486  97.3670   3.3339 0003430 205.7442 154.3639 15.48904497119196
FLOCK 4BE-25            
1 60487U 24149V   26277.03575826  .00024857  00000+0  57942-3 0  9990
2 60487  97.3729   1.1090 0002155 193.1210 166.9982 15.42238429118994
FLOCK 4BE-31            
1 60488U 24149W   26277.19041005  .00032522  00000+0  59584-3 0  9997
2 60488  97.3735   4.4058 0002477 203.8730 156.2407 15.49251138119225
FLOCK 4BE-20            
1 60489U 24149X   26276.50232504  .00053255  00000+0  10980-2 0  9990
2 60489  97.3608 359.3903 0004806 206.2708 153.8298 15.45712535118898
FLOCK 4BE-23            
1 60490U 24149Y   26277.20390490  .00020028  00000+0  48828-3 0  9994
2 60490  97.3710   0.3081 0002650 216.5346 143.5720 15.40925629118960
FLOCK 4BE-15            
1 60491U 24149Z   26276.22681424  .00890579  41953-3  12664-2 0  9996
2 60491  97.3498   7.9347 0008895 271.4356  88.5906 16.05613188119422
FLOCK 4BE-17            
1 60492U 24149AA  26276.95771765  .00027324  00000+0  60734-3 0  9991
2 60492  97.3702   1.3985 0002776 201.3315 158.7818 15.43641413119016
NUSAT-50 (NANCY ROMAN)  
1 60493U 24149AB  26277.23109938  .00005537  00000+0  19322-3 0  9990
2 60493  97.3711 357.7562 0003938 145.3544 214.7953 15.30007174118803
FLOCK 4BE-22            
1 60494U 24149AC  26276.96067860  .00030830  00000+0  64640-3 0  9994
2 60494  97.3665   1.7941 0002920 212.5169 147.5901 15.45346953119072
FLOCK 4BE-34            
1 60495U 24149AD  26277.23767783  .00029996  00000+0  62671-3 0  9990
2 60495  97.3715   2.9679 0002967 230.6543 129.4444 15.45455256119144
TYCHE                   
1 60496U 24149AE  26276.99785705  .00002587  00000+0  10390-3 0  9995
2 60496  97.3665 353.2865 0000491 201.3847 158.7371 15.25841407118496
FLOCK 4BE-32            
1 60497U 24149AF  26277.25674129  .00029706  00000+0  59513-3 0  9995
2 60497  97.3652   2.6252 0003220 224.0266 136.0727 15.46685467119162
NUSAT-48 (HENRIETTA LE*)
1 60498U 24149AG  26277.17788850  .00005245  00000+0  18274-3 0  9995
2 60498  97.3848 358.0880 0001989 221.8584 138.2505 15.30092310118803
NUSAT-49 (KLARA DAN VO*)
1 60500U 24149AJ  26277.28525602  .00005329  00000+0  18497-3 0  9995
2 60500  97.3711 357.7857 0000369 279.2618  80.8581 15.30205877118813
FLOCK 4BE-11            
1 60501U 24149AK  26277.25767487  .00033081  00000+0  64119-3 0  9990
2 60501  97.3629   2.9616 0003218 218.0466 142.0557 15.47624919119198
YAM-7                   
1 60504U 24149AN  26277.16629391  .00004634  00000+0  14742-3 0  9993
2 60504  97.3707 357.0257 0001775 257.7762 102.3281 15.33098043118749
FLOCK 4BE-24            
1 60505U 24149AP  26276.96553043  .00035747  00000+0  68444-3 0  9998
2 60505  97.3644   2.9915 0003061 230.3603 129.7378 15.47963219119166
LUR-1                   
1 60506U 24149AQ  26277.01994621  .00004113  00000+0  13865-3 0  9997
2 60506  97.3655 355.1013 0002420 281.2518  78.8451 15.31296888118629
TANAGER-1               
1 60507U 24149AR  26276.51604512  .00011478  00000+0  25349-3 0  9991
2 60507  97.2274  10.1458 0000397  42.5089 317.6191 15.44020710119752
FLOCK 4BE-29            
1 60509U 24149AT  26277.23387083  .00036292  00000+0  65614-3 0  9994
2 60509  97.3748   5.1784 0000913 278.1544  81.9603 15.49611821119274
TRANSPORTER-11 OBJECT AU
1 60510U 24149AU  26277.23353065  .00010827  00000+0  24760-3 0  9992
2 60510  97.3664   2.0067 0002371 239.4271 120.6743 15.43000135119113
FLOCK 4BE-2             
1 60511U 24149AV  26277.24148650  .00107057  00000+0  90720-3 0  9997
2 60511  97.3750   8.7937 0004714 229.7601 130.3249 15.69343309119504
FLOCK 4BE-13            
1 60512U 24149AW  26277.01033114  .00031602  00000+0  65338-3 0  9990
2 60512  97.3658   2.7575 0003703 223.3445 136.7513 15.45749744119159
FLOCK 4BE-27            
1 60513U 24149AX  26277.10310405  .00006279  00000+0  18083-3 0  9999
2 60513  97.3754 359.0948 0002414 271.9359  88.1608 15.36112946118859
FLOCK 4BE-9             
1 60514U 24149AY  26276.16897681  .00026155  00000+0  56005-3 0  9992
2 60514  97.3726   1.7128 0001774 246.2343 113.8719 15.44760248118960
FLOCK 4BE-6             
1 60516U 24149BA  26276.48879891  .00023537  00000+0  53218-3 0  9996
2 60516  97.3722   1.1626 0002311 248.1175 111.9827 15.43163836118954
FLOCK 4BE-14            
1 60517U 24149BB  26277.00447055  .00029318  00000+0  61898-3 0  9995
2 60517  97.3626   1.9523 0003383 242.9224 117.1680 15.45150812119104
FLOCK 4BE-1             
1 60518U 24149BC  26277.02870468  .00033711  00000+0  66584-3 0  9995
2 60518  97.3717   3.6693 0003089 242.4029 117.6908 15.47074349119171
FLOCK 4BE-28            
1 60519U 24149BD  26277.24880173  .00018082  00000+0  31636-3 0  9998
2 60519  97.3687   5.1521 0002637 241.6067 118.4919 15.50680796119316
IPERDRONE.0             
1 60520U 24149BE  26277.03398428  .00271671  30771-4  70532-3 0  9990
2 60520  97.3697  17.3853 0005914 241.8713 118.1965 15.95019153120078
CONNECTA IOT-2          
1 60522U 24149BG  26276.94705204  .00005759  00000+0  23369-3 0  9990
2 60522  97.3755 353.4577 0005069 308.4824  51.5959 15.24987063118465
CONNECTA IOT-4          
1 60524U 24149BJ  26277.20236847  .00021290  00000+0  42963-3 0  9993
2 60524  97.3733   3.1490 0004249 241.7040 118.3781 15.46535491119154
ORESAT0.5               
1 60525U 24149BK  26277.23587038  .00016016  00000+0  29762-3 0  9990
2 60525  97.3662   5.1844 0004082 228.5852 131.5048 15.48983539119335
DEIMOS                  
1 60526U 24149BL  26277.20713645  .00014705  00000+0  28404-3 0  9998
2 60526  97.3728   5.2223 0003996 236.8381 123.2486 15.47889132119295
CUAVA-2                 
1 60527U 24149BM  26276.98278625  .00008987  00000+0  23971-3 0  9996
2 60527  97.3651 358.8207 0004911 256.6595 103.4103 15.38362663118880
ERNST                   
1 60528U 24149BN  26277.23223265  .00009503  00000+0  22729-3 0  9991
2 60528  97.3746   1.9309 0004246 254.7034 105.3744 15.41684004119066
TORO                    
1 60530U 24149BQ  26277.15484566  .00001508  00000+0  13693-3 0  9995
2 60530  97.6693 349.7534 0001567  88.3600 271.7801 14.96736185116256
HYPSO-2                 
1 60531U 24149BR  26276.93969464  .00001032  00000+0  89583-4 0  9990
2 60531  97.6722 351.5974 0000208 191.9313 168.1905 14.99190075116341
LEMU NGE                
1 60532U 24149BS  26277.00511451  .00001026  00000+0  98237-4 0  9998
2 60532  97.6749 349.7359 0001856  63.4107 296.7304 14.95294537116212
LEMUR-2-STELLA          
1 60533U 24149BT  26277.01825335  .00007201  00000+0  40253-3 0  9994
2 60533  97.6676   0.0742 0001405  91.1911 268.9481 15.13796777116958
SATELIOT_2              
1 60534U 24149BU  26277.28022190  .00001283  00000+0  11742-3 0  9997
2 60534  97.6734 350.2136 0001927  96.4289 263.7152 14.96669486116286
NIGHTJAR                
1 60535U 24149BV  26277.17808415  .00001401  00000+0  11878-3 0  9990
2 60535  97.6793 352.3540 0003283  65.6091 294.5475 14.99550724159206
LEMUR-2-MARHISYAM       
1 60536U 24149BW  26277.24420053  .00006621  00000+0  37844-3 0  9997
2 60536  97.6821   0.8451 0003092 108.6083 251.5484 15.13027075116966
SATELIOT_4              
1 60537U 24149BX  26276.93498845  .00000850  00000+0  78903-4 0  9997
2 60537  97.6638 349.3262 0002722  57.0112 303.1372 14.96964279116240
PICO-02A021             
1 60538U 24149BY  26277.16640553  .00003296  00000+0  24240-3 0  9990
2 60538  97.6675 355.0739 0004849  20.5990 339.5431 15.04082904116117
ICEYE-X43               
1 60539U 24149BZ  26277.17270102  .00001970  00000+0  16277-3 0  9999
2 60539  97.6751 352.6178 0010373  41.9262 318.2754 15.00066766116454
HAWK-10A                
1 60540U 24149CA  26277.21419223  .00000769  00000+0  72263-4 0  9998
2 60540  97.6788 351.2148 0004694  76.9371 283.2375 14.96759650116293
UMBRA-09                
1 60541U 24149CB  26276.99866478  .00007898  00000+0  47178-3 0  9997
2 60541  97.6929   5.9385 0001219 211.0190 149.0967 15.11372588117227
QPS-SAR-8 (AMATERU-IV)  
1 60542U 24149CC  26276.46308983  .00002137  00000+0  15491-3 0  9996
2 60542  97.6584 354.7277 0004666 102.0432 258.1317 15.05006186116554
ARCTIC WEATHER SATELLITE
1 60543U 24149CD  26276.15427325  .00000384  00000+0  45599-4 0  9990
2 60543  97.6697 343.4717 0003538 105.6535 254.5074 14.89803510115370
CAPELLA-15 (ACADIA-5)   
1 60544U 24149CE  26276.93980826  .00000279  00000+0  32594-4 0  9991
2 60544  97.6673 347.0667 0004990  72.3360 287.8404 14.92403839116076
HAWK-10B                
1 60545U 24149CF  26277.28092615  .00001096  00000+0  10080-3 0  9994
2 60545  97.6719 350.5253 0006764  90.2192 269.9805 14.96763528116301
ICEYE-X39               
1 60546U 24149CG  26276.93967740  .00001417  00000+0  11847-3 0  9995
2 60546  97.6685 352.5131 0011148 132.1468 228.0705 15.00052570116427
UMBRA-10                
1 60547U 24149CH  26277.24686866  .00011142  00000+0  50540-3 0  9997
2 60547  97.6935   6.5753 0000241  79.3808 280.7454 15.20997221117299
ICEYE-X33               
1 60548U 24149CJ  26277.23150034  .00002397  00000+0  19123-3 0  9994
2 60548  97.7521 355.9706 0001512  68.0206 292.1178 15.01260233116564
ICEYE-X40               
1 60549U 24149CK  26277.03314109  .00002588  00000+0  22119-3 0  9999
2 60549  97.6731 351.7663 0006605  78.9326 281.2639 14.98494187116376
SATELIOT_1              
1 60550U 24149CL  26275.95346758  .00001463  00000+0  12745-3 0  9990
2 60550  97.6656 350.0294 0008070  80.8086 279.4049 14.98392686116206
BRO-14                  
1 60551U 24149CM  26276.99931428  .00000246  00000+0  26739-4 0  9997
2 60551  97.6782 350.7830 0007947  93.8129 266.4001 14.96361491116262
SATELIOT_3              
1 60552U 24149CN  26276.93103946  .00000701  00000+0  63659-4 0  9996
2 60552  97.6731 351.8865 0005734  79.5899 280.5969 14.98398639116361
BRO-15                  
1 60553U 24149CP  26276.98215488 -.00000116  00000+0 -51958-5 0  9999
2 60553  97.6714 350.2678 0009463  84.7677 275.4624 14.96364304116274
UM5-RIBAT               
1 60554U 24149CQ  26277.17909177  .00001460  00000+0  11755-3 0  9997
2 60554  97.6350 353.3697 0003121  93.6936 266.4645 15.01470948116540
UM5-EOSAT               
1 60555U 24149CR  26277.04009848  .00002473  00000+0  19280-3 0  9996
2 60555  97.6653 354.5482 0010148 130.8576 229.3530 15.02063842116557
LASARSAT                
1 62391U 24247Q   26277.29523491  .00031238  00000+0  48488-3 0  9990
2 62391  44.9728   5.9261 0009783 315.6649  44.3460 15.53420975100240
CROCUBE                 
1 62394U 24247T   26276.54187613  .00041230  00000+0  56734-3 0  9998
2 62394  44.9704   5.2324 0010456 322.8487  37.1682 15.56576363100184
TEVEL2-4                
1 63213U 25052D   26277.27334666  .00013470  00000+0  36071-3 0  9994
2 63213  97.3732 174.0311 0004804  82.6205 277.5586 15.38128687 86861
TEVEL2-5                
1 63214U 25052E   26277.17812383  .00013186  00000+0  35592-3 0  9992
2 63214  97.3730 173.8477 0004704  84.1954 275.9828 15.37889989 86844
TEVEL2-6                
1 63215U 25052F   26277.25788497  .00013636  00000+0  36829-3 0  9994
2 63215  97.3739 173.9129 0004627  84.9371 275.2402 15.37862900 86850
TEVEL2-1                
1 63217U 25052H   26277.26437984  .00012609  00000+0  34821-3 0  9998
2 63217  97.3713 173.4026 0004887  92.0299 268.1505 15.37190139 86833
TEVEL2-3                
1 63218U 25052J   26277.18905119  .00013113  00000+0  36106-3 0  9999
2 63218  97.3717 173.3662 0004636  92.4252 267.7523 15.37271770 86823
TEVEL2-2                
1 63219U 25052K   26277.13360904  .00014150  00000+0  39021-3 0  9993
2 63219  97.3711 173.2762 0004932  92.7842 267.3967 15.37205163 86815
TEVEL2-9                
1 63237U 25052AD  26277.26171988  .00011381  00000+0  33793-3 0  9992
2 63237  97.3772 172.5197 0007891 106.8613 253.3496 15.34924076 86748
TEVEL2-7                
1 63238U 25052AE  26277.26129216  .00011066  00000+0  33263-3 0  9992
2 63238  97.3778 172.3825 0007780 107.9812 252.2280 15.34544673 86730
TEVEL2-8                
1 63239U 25052AF  26277.27041969  .00011019  00000+0  33130-3 0  9993
2 63239  97.3773 172.3657 0008020 105.6112 254.6017 15.34535028 86733
FORESAIL-1 PRIME        
1 66778U 25276DS  26277.14347061  .00003053  00000+0  14714-3 0  9996
2 66778  97.4098 348.4161 0003838  90.7903 269.3772 15.19467677 46942
